individual_id,Screening No,Enrolment No,site,site_code,event_id,event_name,event_date,form_name,database_id,hblock_chemo,surg_no_hblock,hblock_hosp_chk,hblock_stop,hblock_stay_alive,hblock_change,surg_swell,need_radio,know_enough,aware,option_pref,decision,moment_think,influence_dcsn_int_no_dec_o,influence_dcsn_int_tlk_fam_o,influence_dcsn_int_rd_bklt_o,influence_dcsn_int_rd_oth_o,influence_dcsn_int_opt_grd_o,influence_dcsn_int_tlk_hlth_prof_o,influence_dcsn_int_tlk_gp_o,influence_dcsn_int_tlk_oth_pts_o,influence_dcsn_int_other_o,other_int,influence_dcsn_cont_no_dec_o,influence_dcsn_cont_tlk_fam_o,influence_dcsn_cont_rd_oth_o,influence_dcsn_cont_tlk_hlth_prof_o,influence_dcsn_cont_tlk_gp_o,influence_dcsn_cont_tlk_oth_pts_o,influence_dcsn_cont_other_o,other_cont
58169,S24/077,E24/077,Hull and East Yorkshire - Castle Hill,24,235609,RCT baseline,2016-01-08,Breast Cancer Treatment Choices - surgery vs pills,1,0,0,2,2,2,2,2,2,2,2,2,2,1,0,0,0,0,0,1,0,0,0,"",0,0,0,0,0,0,0,""
58403,S10/112,E10/038,St. Helens and Knowsley,10,236334,RCT baseline,2016-01-11,Breast Cancer Treatment Choices - surgery vs pills,2,1,1,2,0,0,2,1,1,2,2,2,2,,0,0,0,0,0,0,0,0,0,"",0,0,0,1,0,0,0,""
58848,S24/078,E24/078,Hull and East Yorkshire - Castle Hill,24,237480,RCT baseline,2016-01-28,Breast Cancer Treatment Choices - surgery vs pills,3,0,0,2,2,2,2,2,0,2,2,2,2,5,0,1,1,0,0,0,0,0,0,"",0,0,0,0,0,0,0,""
59161,S29/220,E29/086,Cheltenham General,29,238492,RCT baseline,2016-02-12,Breast Cancer Treatment Choices - surgery vs pills,4,1,0,1,1,1,1,2,1,2,2,2,2,5,0,0,0,0,0,0,0,0,0,"",0,0,0,1,0,0,0,""
59154,S33/214,E33/088,Mid Yorkshire,33,238882,RCT baseline,2016-02-03,Breast Cancer Treatment Choices - surgery vs pills,5,1,1,2,1,1,1,2,2,2,2,2,2,3,0,0,0,0,0,0,0,0,0,"",0,0,0,1,0,0,0,""
59017,S40/022,E40/017,Yeovil District Hospital,40,238874,RCT baseline,2016-02-04,Breast Cancer Treatment Choices - surgery vs pills,6,,2,,2,,2,2,2,2,2,2,2,5,0,0,0,0,0,0,0,0,0,"",0,0,0,1,0,0,0,""
59247,S13/168,E13/168,Royal Liverpool and Broadgreen,13,239010,RCT baseline,2016-02-23,Breast Cancer Treatment Choices - surgery vs pills,7,0,0,0,2,2,1,1,1,2,2,2,2,1,0,0,0,0,0,0,0,0,1,I knew I did not want surgery,0,0,0,0,0,0,0,""
59208,S02/037,E02/037,Barnsley,02,239920,RCT baseline,2016-02-20,Breast Cancer Treatment Choices - surgery vs pills,8,0,1,1,2,1,2,2,1,1,2,2,2,1,0,0,0,0,0,0,0,0,0,"",0,0,0,1,0,0,0,""
59266,S29/222,E29/088,Cheltenham General,29,239186,RCT baseline,2016-02-24,Breast Cancer Treatment Choices - surgery vs pills,9,0,2,1,1,0,2,2,0,2,2,2,2,,0,0,0,0,0,0,0,0,0,"",0,0,0,1,0,0,0,""
59595,S10/121,E10/042,St. Helens and Knowsley,10,240453,RCT baseline,,Breast Cancer Treatment Choices - surgery vs pills,10,1,1,2,1,1,1,1,2,2,2,2,2,5,0,0,0,0,0,0,0,0,0,"",0,0,0,1,0,0,0,""
59376,S27/136,E27/052,Leighton Hospital Mid Cheshire Hospitals,27,239653,RCT baseline,2016-03-19,Breast Cancer Treatment Choices - surgery vs pills,11,0,0,2,2,0,2,1,1,2,2,2,2,5,0,0,0,0,0,0,0,0,0,"",0,0,0,1,0,0,0,""
59638,S29/228,E29/092,Cheltenham General,29,240784,RCT baseline,2016-03-22,Breast Cancer Treatment Choices - surgery vs pills,12,0,1,1,1,2,1,2,1,1,1,1,2,,0,0,0,0,0,0,0,0,0,"",1,0,0,0,0,0,0,""
59612,S29/226,E29/090,Cheltenham General,29,240629,RCT baseline,2016-03-18,Breast Cancer Treatment Choices - surgery vs pills,13,0,0,1,2,1,1,2,1,2,2,2,2,5,0,0,0,0,0,0,0,0,0,"",0,0,0,1,0,0,0,""
59656,S28/153,E28/070,The Royal Marsden,28,243620,RCT baseline,2016-03-24,Breast Cancer Treatment Choices - surgery vs pills,14,0,0,0,2,2,2,1,2,1,1,2,2,1,0,0,0,0,0,0,0,0,0,"",0,0,0,1,0,0,0,""
60999,S33/231,E33/092,Mid Yorkshire,33,243951,RCT baseline,,Breast Cancer Treatment Choices - surgery vs pills,15,0,0,1,2,1,1,2,2,2,2,2,2,5,0,0,0,0,0,0,0,0,0,"",0,1,0,1,0,0,0,""
61008,S09/102,E09/074,Harrogate,09,243958,RCT baseline,2016-04-11,Breast Cancer Treatment Choices - surgery vs pills,16,0,2,0,1,2,2,2,0,2,2,2,2,5,0,0,0,0,0,1,0,0,0,"",0,0,0,0,0,0,0,""
59645,S28/156,E28/068,The Royal Marsden,28,244324,RCT baseline,2016-03-31,Breast Cancer Treatment Choices - surgery vs pills,17,1,0,1,2,1,2,2,2,0,0,1,1,3,0,0,0,0,0,0,0,0,0,"",1,0,0,0,0,0,0,""
61195,S12/215,E12/063,York,12,244622,RCT baseline,2016-04-19,Breast Cancer Treatment Choices - surgery vs pills,18,2,0,2,2,0,2,2,2,2,2,2,2,5,0,0,1,1,1,1,0,0,1,Positive discussions with consultant and staff,0,0,0,0,0,0,0,""
61016,S29/235,E29/094,Cheltenham General,29,244591,RCT baseline,2016-04-23,Breast Cancer Treatment Choices - surgery vs pills,19,1,1,1,1,1,1,1,1,0,0,2,2,,0,0,0,0,0,0,0,0,0,"",0,0,0,0,0,0,1,Mr Hunt told me which operation was applicable to me.
61166,S28/157,E28/071,The Royal Marsden,28,244948,RCT baseline,2016-04-25,Breast Cancer Treatment Choices - surgery vs pills,20,0,0,2,2,2,2,2,1,2,2,2,2,2,0,0,0,0,0,0,0,0,0,"",0,0,0,1,0,0,0,""
62291,S10/130,E10/045,St. Helens and Knowsley,10,246495,RCT baseline,2016-05-18,Breast Cancer Treatment Choices - surgery vs pills,21,1,1,1,2,1,2,1,1,2,2,2,2,2,0,0,0,0,0,0,0,0,0,"",0,0,0,1,0,0,0,""
61492,S13/177,E13/177,Royal Liverpool and Broadgreen,13,246842,RCT baseline,,Breast Cancer Treatment Choices - surgery vs pills,22,0,0,2,2,0,1,0,0,2,2,2,2,,0,0,0,0,0,1,0,0,0,"",0,0,0,0,0,0,0,""
62374,S12/293,E12/065,York,12,247182,RCT baseline,2016-05-26,Breast Cancer Treatment Choices - surgery vs pills,23,1,0,1,2,2,2,2,2,2,2,2,2,1,0,0,1,0,0,1,0,0,0,"",0,0,0,0,0,0,0,""
59650,S19/325,E19/086,Royal Lancaster Infirmary,19,250147,RCT baseline,,Breast Cancer Treatment Choices - surgery vs pills,24,2,1,1,2,2,2,1,1,2,2,2,2,1,0,0,0,0,0,1,0,0,0,"",0,0,0,0,0,0,0,""
62190,S02/038,E02/038,Barnsley,02,250197,RCT baseline,2016-04-25,Breast Cancer Treatment Choices - surgery vs pills,25,1,1,1,1,1,1,2,2,2,2,2,2,4,0,0,0,0,0,0,0,0,0,"",0,0,1,1,0,0,0,""
62393,S13/184,E13/184,Royal Liverpool and Broadgreen,13,250329,RCT baseline,2016-06-04,Breast Cancer Treatment Choices - surgery vs pills,26,1,1,1,2,1,1,1,2,2,2,2,2,,0,0,0,0,0,1,0,0,0,"",0,0,0,0,0,0,0,""
62667,S09/108,E09/077,Harrogate,09,251327,RCT baseline,2016-07-01,Breast Cancer Treatment Choices - surgery vs pills,27,0,0,1,2,2,2,2,0,2,2,2,2,5,0,0,1,0,0,1,0,0,0,"",0,0,0,0,0,0,0,""
62290,S28/163,E28/074,The Royal Marsden,28,251497,RCT baseline,2016-05-20,Breast Cancer Treatment Choices - surgery vs pills,28,,0,1,2,2,1,2,0,2,2,2,2,4,0,0,0,0,0,0,0,0,0,"",0,1,0,1,0,0,0,""
62638,S28/167,E28/076,The Royal Marsden,28,251498,RCT baseline,2016-06-17,Breast Cancer Treatment Choices - surgery vs pills,29,1,1,2,2,1,1,1,2,2,1,2,2,4,0,0,0,0,0,0,0,0,0,"",0,1,0,0,0,0,0,""
62720,S09/109,E09/078,Harrogate,09,251476,RCT baseline,2016-06-28,Breast Cancer Treatment Choices - surgery vs pills,30,0,0,1,1,1,1,2,1,1,1,2,2,5,0,0,0,0,0,1,0,0,0,"",0,0,0,0,0,0,0,""
62658,S27/153,E27/058,Leighton Hospital Mid Cheshire Hospitals,27,251579,RCT baseline,2016-06-27,Breast Cancer Treatment Choices - surgery vs pills,31,0,1,1,2,1,1,1,1,0,1,2,2,5,0,0,0,0,0,0,0,0,0,"",0,0,0,1,0,0,0,""
62327,S35/218,E35/042,Chesterfield,35,254048,RCT baseline,2016-06-06,Breast Cancer Treatment Choices - surgery vs pills,32,0,0,1,2,1,2,2,2,2,2,2,2,5,0,0,0,0,0,1,0,0,0,"",0,0,0,0,0,0,0,""
62643,S04/120,E04/052,Milton Keynes,04,252279,RCT baseline,,Breast Cancer Treatment Choices - surgery vs pills,33,1,1,2,1,0,2,2,2,2,1,2,2,5,0,1,0,0,0,1,0,0,0,"",0,0,0,0,0,0,0,""
63794,S27/160,E27/059,Leighton Hospital Mid Cheshire Hospitals,27,252075,RCT baseline,2016-08-03,Breast Cancer Treatment Choices - surgery vs pills,34,1,1,1,1,1,1,2,1,0,0,,,,0,0,0,0,0,0,0,0,0,"",0,0,0,0,0,0,0,""
63862,S13/198,E13/198,Royal Liverpool and Broadgreen,13,252265,RCT baseline,2016-07-28,Breast Cancer Treatment Choices - surgery vs pills,35,2,2,1,2,0,2,1,2,2,2,2,2,5,0,0,1,0,0,1,0,0,0,"",0,0,0,0,0,0,0,""
64529,S13/200,E13/200,Royal Liverpool and Broadgreen,13,253959,RCT baseline,2016-08-08,Breast Cancer Treatment Choices - surgery vs pills,36,0,0,2,2,0,2,2,1,2,2,2,2,5,0,0,1,0,0,1,0,0,0,"",0,0,0,0,0,0,0,""
64562,S13/201,E13/201,Royal Liverpool and Broadgreen,13,254883,RCT baseline,2016-08-07,Breast Cancer Treatment Choices - surgery vs pills,37,0,0,1,1,2,2,2,2,2,2,2,2,5,0,0,0,0,1,1,0,0,0,"",0,0,0,0,0,0,0,""
62427,S18/033,E18/033,Aneurin Bevan Health Board,18,251931,RCT baseline,2016-06-10,Breast Cancer Treatment Choices - surgery vs pills,38,1,0,2,2,0,2,2,2,2,2,2,2,5,0,0,0,0,0,0,0,0,0,"",0,0,1,1,0,0,0,""
61341,S13/178,E13/178,Royal Liverpool and Broadgreen,13,255649,RCT baseline,2016-06-05,Breast Cancer Treatment Choices - surgery vs pills,39,0,0,0,2,,1,2,1,2,2,2,2,4,0,1,0,0,0,1,0,0,0,"",0,0,0,0,0,0,0,""
62680,S13/188,E13/188,Royal Liverpool and Broadgreen,13,254797,RCT baseline,2016-07-02,Breast Cancer Treatment Choices - surgery vs pills,40,0,0,2,2,0,2,2,1,2,2,2,2,5,0,0,1,0,0,1,0,0,1,Relevant information on the internet.,0,0,0,0,0,0,0,""
64715,S13/206,E13/206,Royal Liverpool and Broadgreen,13,254469,RCT baseline,2016-08-13,Breast Cancer Treatment Choices - surgery vs pills,41,1,1,1,1,1,2,2,2,1,2,2,2,4,0,1,0,0,0,0,0,1,0,"",0,0,0,0,0,0,0,""
64694,S12/801,E12/073,York,12,256436,RCT baseline,2016-08-10,Breast Cancer Treatment Choices - surgery vs pills,42,1,2,1,1,1,1,1,2,2,2,2,2,3,1,0,0,0,0,0,0,0,0,"",0,0,0,0,0,0,0,""
62197,S35/217,E35/041,Chesterfield,35,246004,RCT baseline,2016-05-06,Breast Cancer Treatment Choices - surgery vs pills,43,0,1,1,2,2,1,2,0,2,2,2,2,1,0,0,0,1,0,1,0,0,0,"",0,0,0,0,0,0,0,""
65227,S13/207,E13/207,Royal Liverpool and Broadgreen,13,257234,RCT baseline,2016-08-27,Breast Cancer Treatment Choices - surgery vs pills,44,0,2,0,2,2,2,2,0,2,2,2,2,5,0,0,0,0,0,1,0,0,0,"",0,0,0,0,0,0,0,""
65687,S19/382,E19/106,Royal Lancaster Infirmary,19,257737,RCT baseline,2016-09-21,Breast Cancer Treatment Choices - surgery vs pills,45,1,0,2,2,2,2,2,2,2,2,2,2,5,0,0,0,0,0,1,0,0,0,"",0,0,0,0,0,0,0,""
65518,S13/209,E13/209,Royal Liverpool and Broadgreen,13,258587,RCT baseline,2016-09-14,Breast Cancer Treatment Choices - surgery vs pills,46,0,1,2,2,2,2,1,0,2,2,2,2,5,0,1,0,0,0,1,0,0,0,"",0,0,0,0,0,0,0,""
66140,S10/149,E10/055,St. Helens and Knowsley,10,258799,RCT baseline,2016-09-22,Breast Cancer Treatment Choices - surgery vs pills,47,1,1,1,2,2,1,1,1,0,2,2,2,5,0,0,0,0,0,0,0,0,0,"",0,0,0,1,0,0,0,""
64678,S12/707,E12/071,York,12,255257,RCT baseline,2016-09-20,Breast Cancer Treatment Choices - surgery vs pills,48,1,0,1,1,0,2,2,0,2,2,2,2,5,0,1,0,0,0,1,0,0,0,"",0,0,0,0,0,0,0,""
68371,S28/196,E28/084,The Royal Marsden,28,264739,RCT baseline,2016-10-20,Breast Cancer Treatment Choices - surgery vs pills,49,1,1,1,1,1,2,2,1,1,2,2,2,4,0,0,0,0,0,0,0,0,0,"",0,1,0,1,0,0,0,""
67799,S13/215,E13/215,Royal Liverpool and Broadgreen,13,262819,RCT baseline,2016-10-11,Breast Cancer Treatment Choices - surgery vs pills,50,0,0,1,2,1,1,2,2,2,2,2,2,5,0,0,0,0,0,1,0,0,0,"",0,0,0,0,0,0,0,""
62654,S01/241,E01/112,Sheffield,01,266475,RCT baseline,2016-06-06,Breast Cancer Treatment Choices - surgery vs pills,51,2,0,0,2,1,2,2,1,2,2,2,2,4,0,0,0,1,0,0,0,0,1,Leaned to surgery before,0,0,0,0,0,0,0,""
63478,S03/169,E03/043,Doncaster,03,254037,RCT baseline,2016-07-06,Breast Cancer Treatment Choices - surgery vs pills,52,2,0,1,2,1,1,2,2,2,2,2,2,5,0,0,0,0,0,0,0,0,0,"",0,0,0,1,0,0,0,""
63477,S03/166,E03/042,Doncaster,03,266485,RCT baseline,2016-07-11,Breast Cancer Treatment Choices - surgery vs pills,53,1,0,0,2,2,2,1,1,2,2,2,2,1,0,0,0,0,0,0,0,0,0,"",0,1,0,0,0,0,0,""
67986,S18/040,E18/040,Aneurin Bevan Health Board,18,266492,RCT baseline,2016-10-14,Breast Cancer Treatment Choices - surgery vs pills,54,1,2,0,2,1,2,2,1,2,2,2,2,5,0,0,0,0,0,0,0,0,0,"",0,0,1,1,0,0,0,""
68817,S19/391,E19/110,Royal Lancaster Infirmary,19,266057,RCT baseline,2016-11-03,Breast Cancer Treatment Choices - surgery vs pills,55,2,1,1,1,1,1,1,1,2,2,2,2,5,0,1,0,0,0,0,0,0,0,"",0,0,0,0,0,0,0,""
68365,S19/389,E19/108,Royal Lancaster Infirmary,19,265277,RCT baseline,2016-10-31,Breast Cancer Treatment Choices - surgery vs pills,56,1,0,1,2,1,2,2,0,2,2,2,2,4,0,0,0,0,0,1,0,0,0,"",0,0,0,0,0,0,0,""
67036,S13/214,E13/214,Royal Liverpool and Broadgreen,13,265192,RCT baseline,2016-10-06,Breast Cancer Treatment Choices - surgery vs pills,57,1,0,1,2,,2,2,2,2,2,2,2,5,0,0,0,0,0,1,0,0,0,"",0,0,0,0,0,0,0,""
69296,S04/128,E04/053,Milton Keynes,04,267367,RCT baseline,2016-11-02,Breast Cancer Treatment Choices - surgery vs pills,58,0,0,1,2,2,2,2,0,2,2,2,2,5,0,0,0,0,0,1,0,0,0,"",0,0,0,0,0,0,0,""
65609,S03/176,E03/048,Doncaster,03,262127,RCT baseline,2016-10-30,Breast Cancer Treatment Choices - surgery vs pills,59,1,2,,2,,1,2,2,2,2,2,2,,0,0,0,0,0,0,0,0,0,"",0,0,0,1,0,0,0,""
69284,S13/218,E13/218,Royal Liverpool and Broadgreen,13,267328,RCT baseline,2016-11-15,Breast Cancer Treatment Choices - surgery vs pills,60,2,0,2,1,2,2,2,2,2,2,2,2,5,0,1,0,0,0,1,0,0,0,"",0,0,0,0,0,0,0,""
67098,S03/189,E03/052,Doncaster,03,269165,RCT baseline,2016-10-16,Breast Cancer Treatment Choices - surgery vs pills,61,1,0,1,1,,,2,1,2,,2,2,,0,0,0,0,0,0,0,0,0,"",0,0,0,1,0,0,1,"I was told the type of cancer I have is not treatable with hormone blocking pills, so surgery only option"
63709,S12/070,E12/024,York,12,251930,RCT baseline,2016-07-30,Breast Cancer Treatment Choices - surgery vs pills,62,0,0,1,2,2,1,1,2,2,2,2,2,1,0,0,1,0,0,1,0,0,0,"",0,0,0,0,0,0,0,""
69961,S18/042,E18/042,Aneurin Bevan Health Board,18,270533,RCT baseline,2016-12-05,Breast Cancer Treatment Choices - surgery vs pills,63,2,1,1,2,2,2,2,2,1,1,1,1,4,0,0,0,0,0,0,0,0,0,"",0,0,0,1,0,0,0,""
65494,S13/211,E13/211,Royal Liverpool and Broadgreen,13,270710,RCT baseline,2016-09-08,Breast Cancer Treatment Choices - surgery vs pills,64,1,0,2,2,1,2,2,2,2,2,2,2,5,0,0,0,0,0,1,0,0,0,"",0,0,0,0,0,0,0,""
66173,S12/072,E12/072,York,12,270957,RCT baseline,2016-10-06,Breast Cancer Treatment Choices - surgery vs pills,65,0,2,1,2,1,2,2,2,2,1,1,2,2,0,1,1,0,0,0,0,0,0,"",0,0,0,0,0,0,0,""
70351,S28/205,E28/085,The Royal Marsden,28,271699,RCT baseline,2016-12-05,Breast Cancer Treatment Choices - surgery vs pills,66,2,1,1,2,1,2,2,2,2,2,2,2,5,0,0,0,0,0,0,0,0,0,"",0,0,0,1,0,0,0,""
70807,S18/047,E18/047,Aneurin Bevan Health Board,18,272220,RCT baseline,2017-01-14,Breast Cancer Treatment Choices - surgery vs pills,67,1,0,2,2,1,2,2,1,2,2,2,2,1,0,0,0,0,0,0,0,0,0,"",0,0,1,0,0,0,0,""
71047,S12/981,E12/087,York,12,272878,RCT baseline,2017-01-03,Breast Cancer Treatment Choices - surgery vs pills,68,0,0,1,2,0,2,2,1,2,2,2,2,5,0,1,0,0,1,1,0,0,0,"",0,0,0,0,0,0,0,""
71206,S13/259,E13/259,Royal Liverpool and Broadgreen,13,273203,RCT baseline,2017-01-13,Breast Cancer Treatment Choices - surgery vs pills,69,1,0,0,2,0,1,2,2,2,2,2,2,4,0,1,0,0,0,1,0,0,0,"",0,0,0,0,0,0,0,""
71985,S13/265,E13/265,Royal Liverpool and Broadgreen,13,275307,RCT baseline,2017-01-23,Breast Cancer Treatment Choices - surgery vs pills,70,0,0,2,2,1,2,1,2,2,2,2,2,4,0,0,0,0,0,1,0,0,0,"",0,0,0,0,0,0,0,""
59381,S53/027,E53/010,Brighton Hospital,53,255068,RCT baseline,2016-02-15,Breast Cancer Treatment Choices - surgery vs pills,71,0,0,1,1,1,1,1,2,2,2,2,2,5,0,0,0,0,0,0,0,0,0,"",0,0,0,1,0,0,0,""
70536,S18/044,E18/044,Aneurin Bevan Health Board,18,274304,RCT baseline,2016-12-15,Breast Cancer Treatment Choices - surgery vs pills,72,1,1,1,2,2,1,2,2,2,2,2,2,5,0,0,0,0,0,0,0,0,0,"",0,0,0,1,0,0,0,""
67052,S12/909,E12/075,York,12,261076,RCT baseline,2016-09-27,Breast Cancer Treatment Choices - surgery vs pills,73,1,0,2,1,0,2,2,0,2,2,1,2,4,0,0,0,0,0,1,0,0,0,"",0,0,0,0,0,0,0,""
73245,S12/997,E12/089,York,12,278201,RCT baseline,2017-01-30,Breast Cancer Treatment Choices - surgery vs pills,74,2,0,1,2,2,2,2,2,2,2,2,2,5,0,0,0,0,0,1,0,0,0,"",0,0,0,0,0,0,0,""
71841,S35/289,E35/048,Chesterfield,35,278422,RCT baseline,2017-02-04,Breast Cancer Treatment Choices - surgery vs pills,75,2,0,0,2,2,2,2,2,2,2,2,2,1,0,0,0,0,0,1,0,0,1,I am also seeing my haematology consultant for non-Hodgkin lymphoma and my right lung has also collapsed - my right lung infected.,0,0,0,0,0,0,0,""
70108,S13/230,E13/230,Royal Liverpool and Broadgreen,13,279842,RCT baseline,2016-11-30,Breast Cancer Treatment Choices - surgery vs pills,76,1,0,2,2,2,1,1,0,2,2,2,2,5,0,0,0,0,0,1,0,1,0,"",0,0,0,0,0,0,0,""
74006,S13/280,E13/280,Royal Liverpool and Broadgreen,13,280085,RCT baseline,2017-02-10,Breast Cancer Treatment Choices - surgery vs pills,77,0,2,2,1,0,2,2,2,2,1,2,2,5,0,0,1,0,0,1,0,0,0,"",0,0,0,0,0,0,0,""
71649,S13/264,E13/264,Royal Liverpool and Broadgreen,13,274797,RCT baseline,2017-02-17,Breast Cancer Treatment Choices - surgery vs pills,78,0,0,1,2,1,2,2,2,2,2,2,2,5,0,1,0,0,0,1,0,0,0,"",0,0,0,0,0,0,0,""
70804,S35/282,E35/047,Chesterfield,35,279029,RCT baseline,2017-01-15,Breast Cancer Treatment Choices - surgery vs pills,79,0,1,1,2,1,1,2,2,2,2,2,2,5,0,1,0,0,0,1,0,0,0,"",0,0,0,0,0,0,0,""
75375,S28/221,E28/090,The Royal Marsden,28,283992,RCT baseline,2017-03-03,Breast Cancer Treatment Choices - surgery vs pills,80,2,2,1,1,1,2,2,2,2,2,2,2,5,0,0,0,0,0,0,0,0,0,"",0,0,1,0,0,0,0,""
75553,S02/157,E02/042,Barnsley,02,286376,RCT baseline,2017-03-03,Breast Cancer Treatment Choices - surgery vs pills,81,2,1,0,0,0,2,2,0,2,2,2,2,5,0,0,0,0,0,0,0,0,0,"",0,0,1,0,0,0,0,""
76758,S12/1019,E12/091,York,12,287470,RCT baseline,2017-03-21,Breast Cancer Treatment Choices - surgery vs pills,82,0,0,1,2,2,2,2,2,2,2,2,2,1,0,0,0,0,0,1,0,0,0,"",0,0,0,0,0,0,0,""
75734,S13/287,E13/287,Royal Liverpool and Broadgreen,13,284913,RCT baseline,2017-03-13,Breast Cancer Treatment Choices - surgery vs pills,83,0,1,1,2,1,1,1,1,2,2,2,2,4,0,1,0,0,0,1,0,0,0,"",0,0,0,0,0,0,0,""
77056,S13/300,E13/300,Royal Liverpool and Broadgreen,13,288478,RCT baseline,2017-04-06,Breast Cancer Treatment Choices - surgery vs pills,84,2,0,1,2,1,1,2,2,2,2,,2,4,0,0,0,0,0,1,0,0,0,"",0,0,0,0,0,0,0,""
77230,S40/032,E40/026,Yeovil District Hospital,40,289021,RCT baseline,2017-04-11,Breast Cancer Treatment Choices - surgery vs pills,85,1,1,1,2,2,1,2,1,2,2,2,2,5,0,0,0,0,0,0,0,0,0,"",0,1,0,1,0,0,0,""
77087,S40/031,E40/025,Yeovil District Hospital,40,289026,RCT baseline,2017-04-10,Breast Cancer Treatment Choices - surgery vs pills,86,0,1,1,2,1,2,2,0,2,2,2,2,4,0,0,0,0,0,0,0,0,0,"",0,0,0,1,0,0,0,""
74174,S13/274,E13/274,Royal Liverpool and Broadgreen,13,280766,RCT baseline,2017-04-01,Breast Cancer Treatment Choices - surgery vs pills,87,0,0,2,2,2,2,2,0,2,2,2,2,5,0,0,0,1,0,1,0,0,0,"",0,0,0,0,0,0,0,""
65603,S03/178,E03/047,Doncaster,03,289923,RCT baseline,,Breast Cancer Treatment Choices - surgery vs pills,88,1,1,2,2,1,1,2,2,1,1,2,2,5,0,0,0,0,0,0,0,0,0,"",0,0,0,1,0,0,0,""
59231,S01/218,E01/097,Sheffield,01,290110,RCT baseline,2016-01-06,Breast Cancer Treatment Choices - surgery vs pills,89,0,2,2,2,2,2,2,1,2,2,2,2,4,0,0,1,1,0,0,0,0,0,"",0,0,0,0,0,0,0,""
62363,S01/227,E01/103,Sheffield,01,290323,RCT baseline,2016-02-17,Breast Cancer Treatment Choices - surgery vs pills,90,1,1,0,2,2,2,1,1,2,2,2,2,1,0,0,0,0,0,0,0,0,1,Already decided.,0,0,0,0,0,0,0,""
77929,S12/1039,E12/095,York,12,291069,RCT baseline,2017-04-29,Breast Cancer Treatment Choices - surgery vs pills,91,1,2,2,2,0,2,2,1,2,2,2,2,1,0,0,0,0,0,1,0,0,0,"",0,0,0,0,0,0,0,""
