individual_id,Screening No,Enrolment No,site,site_code,event_id,event_name,event_date,form_name,database_id,inc_long_term,not_visit_people,hair_never_regrows,herceptin,chemo_vein,chemo_infect,feel_tired_unwell,over_3m_6m,no_meds_nausea,pills_radio_not_chemo,know_enough,aware,option_pref,decision,moment_think,influence_dcsn_int_no_dec_o,influence_dcsn_int_tlk_fam_o,influence_dcsn_int_rd_bklt_o,influence_dcsn_int_rd_oth_o,influence_dcsn_int_opt_grd_o,influence_dcsn_int_tlk_hlth_prof_o,influence_dcsn_int_tlk_gp_o,influence_dcsn_int_tlk_oth_pts_o,influence_dcsn_int_other_o,other_int,influence_dcsn_cont_no_dec_o,influence_dcsn_cont_tlk_fam_o,influence_dcsn_cont_rd_oth_o,influence_dcsn_cont_tlk_hlth_prof_o,influence_dcsn_cont_tlk_gp_o,influence_dcsn_cont_tlk_oth_pts_o,influence_dcsn_cont_other_o,other_cont
60860,S46/030,E46/030,Tameside Hospital,46,244806,RCT baseline,2016-04-27,Breast Cancer Treatment Choices - chemo vs no chemo,1,2,0,0,1,1,1,2,1,2,0,2,2,2,2,5,0,0,0,0,0,0,0,0,0,"",0,0,0,1,0,0,0,""
62319,S25/213,E25/077,Nottingham University Hospital,25,246979,RCT baseline,2016-07-12,Breast Cancer Treatment Choices - chemo vs no chemo,2,2,2,0,2,2,2,2,2,0,0,2,2,2,2,2,0,0,0,0,0,0,0,0,0,"",0,1,0,0,0,0,1,Lost friends who had cancer but didn't have chemotherapy after.
62440,S53/047,E53/012,Brighton Hospital,53,255072,RCT baseline,2016-06-11,Breast Cancer Treatment Choices - chemo vs no chemo,3,2,0,0,2,2,2,1,2,0,0,2,2,2,2,2,0,0,0,0,0,0,0,0,0,"",0,0,0,1,0,1,0,""
63685,S02/041,E02/041,Barnsley,02,255641,RCT baseline,,Breast Cancer Treatment Choices - chemo vs no chemo,4,1,1,0,1,1,1,0,2,1,1,2,1,2,2,3,0,0,0,0,0,0,0,0,0,"",0,0,0,1,0,0,0,""
62284,S03/154,E03/039,Doncaster,03,255644,RCT baseline,2016-07-27,Breast Cancer Treatment Choices - chemo vs no chemo,5,2,0,0,2,2,2,0,2,0,0,2,2,2,2,1,0,0,0,0,0,0,0,0,0,"",0,0,1,1,0,0,0,""
63097,S40/024,E40/019,Yeovil District Hospital,40,250290,RCT baseline,2016-07-13,Breast Cancer Treatment Choices - chemo vs no chemo,6,2,0,0,1,0,1,1,1,0,0,2,2,2,2,4,0,0,0,0,0,0,0,0,0,"",0,0,0,1,0,0,0,""
62842,S13/194,E13/194,Royal Liverpool and Broadgreen,13,255646,RCT baseline,2016-07-05,Breast Cancer Treatment Choices - chemo vs no chemo,7,2,1,1,1,2,1,0,1,0,1,1,1,1,0,3,1,0,0,0,0,0,0,0,1,Have not had long enough before returning the form.,0,0,0,0,0,0,0,""
62702,S19/356,E19/095,Royal Lancaster Infirmary,19,255208,RCT baseline,2016-08-22,Breast Cancer Treatment Choices - chemo vs no chemo,8,2,0,0,2,2,2,0,2,0,0,2,2,2,2,5,0,0,0,0,0,1,0,0,1,I doubted my current health problems (chronic lung infections) could cope with chemotherapy. Benefits too small to want to take the risk.,0,0,0,0,0,0,0,""
68976,S25/239,E25/083,Nottingham University Hospital,25,272020,RCT baseline,2016-12-06,Breast Cancer Treatment Choices - chemo vs no chemo,9,2,1,0,2,2,2,1,2,0,0,2,2,2,2,1,0,0,0,0,0,0,0,0,0,"",0,0,0,1,1,0,0,""
57772,S31/089,E31/050,Dorset County Hospital,31,272235,RCT baseline,2016-12-10,Breast Cancer Treatment Choices - chemo vs no chemo,10,2,0,0,2,1,2,1,2,0,0,2,2,2,2,5,0,0,0,0,0,0,0,0,0,"",0,0,0,1,1,0,0,""
70513,S25/249,E25/085,Nottingham University Hospital,25,272478,RCT baseline,2016-12-04,Breast Cancer Treatment Choices - chemo vs no chemo,11,2,0,0,2,2,2,0,2,0,0,2,2,2,2,1,0,0,0,0,0,0,0,0,0,"",0,0,1,1,0,0,0,""
70731,S25/251,E25/087,Nottingham University Hospital,25,271993,RCT baseline,2017-01-23,Breast Cancer Treatment Choices - chemo vs no chemo,12,2,0,0,2,2,2,2,2,0,2,2,2,2,2,5,0,0,0,0,0,0,0,0,0,"",0,0,1,0,0,0,1,My own health issues & family history and side effects.
70732,S25/252,E25/088,Nottingham University Hospital,25,271725,RCT baseline,2017-01-17,Breast Cancer Treatment Choices - chemo vs no chemo,13,2,0,1,2,1,2,2,2,2,1,2,2,2,2,1,0,0,0,0,0,0,0,0,0,"",0,0,0,1,0,0,0,""
73999,S31/147,E31/073,Dorset County Hospital,31,279955,RCT baseline,2017-02-08,Breast Cancer Treatment Choices - chemo vs no chemo,14,2,0,0,1,1,2,1,2,0,1,2,2,2,2,4,0,0,0,0,0,0,0,0,0,"",0,0,0,1,0,0,0,""
