individual_id,Screening No,Enrolment No,site,site_code,event_id,event_name,event_date,form_name,database_id,do_something,isnt_real,support_from_others,giving_up_dealing,taking_action,refuse_to_believe,help_from_others,different_light,strategy_to_do,comfort_someone,giving_up_coping,steps_to_take,accepting_reality,advice_from_others,live_with_it,looking_for_good
58169,S24/077,E24/077,Hull and East Yorkshire - Castle Hill,24,244801,RCT 6 weeks,2016-04-12,Brief COPE,1,2,1,1,1,2,1,2,1,1,2,1,1,3,1,3,3
59246,S20/078,E20/035,Coventry and Warwickshire,20,244802,RCT 6 weeks,2016-04-01,Brief COPE,2,4,4,4,4,4,3,4,4,3,3,1,1,4,2,4,3
59449,S19/317,E19/082,Royal Lancaster Infirmary,19,246227,RCT 6 weeks,2016-05-13,Brief COPE,3,3,1,2,1,3,1,2,1,2,4,1,2,3,2,2,3
60860,S46/030,E46/030,Tameside Hospital,46,251334,RCT 6 weeks,,Brief COPE,4,,,4,,,,3,3,,,,,4,,4,
62393,S13/184,E13/184,Royal Liverpool and Broadgreen,13,251386,RCT 6 weeks,2016-07-13,Brief COPE,5,3,1,4,1,3,1,4,4,1,4,1,3,4,3,3,4
61195,S12/215,E12/063,York,12,251395,RCT 6 weeks,2016-06-28,Brief COPE,6,4,2,4,1,4,1,4,4,1,4,1,1,4,1,4,4
62197,S35/217,E35/041,Chesterfield,35,248579,RCT 6 weeks,2016-06-15,Brief COPE,7,4,1,2,1,4,1,3,4,3,4,1,4,4,3,4,4
62327,S35/218,E35/042,Chesterfield,35,254054,RCT 6 weeks,2016-07-12,Brief COPE,8,4,1,4,1,4,1,4,4,3,4,1,4,4,2,4,4
61272,S13/176,E13/176,Royal Liverpool and Broadgreen,13,254075,RCT 6 weeks,2016-06-13,Brief COPE,9,2,2,4,1,3,1,4,1,2,4,1,1,1,4,4,1
61337,S25/210,E25/076,Nottingham University Hospital,25,255173,RCT 6 weeks,,Brief COPE,10,4,2,4,1,3,1,4,2,1,4,1,1,4,4,4,1
62680,S13/188,E13/188,Royal Liverpool and Broadgreen,13,255185,RCT 6 weeks,2016-07-28,Brief COPE,11,4,1,4,1,3,1,3,4,3,3,1,3,4,3,4,2
62440,S53/047,E53/012,Brighton Hospital,53,255602,RCT 6 weeks,2016-08-16,Brief COPE,12,4,1,4,1,4,1,2,4,4,4,1,2,4,2,3,4
61341,S13/178,E13/178,Royal Liverpool and Broadgreen,13,255650,RCT 6 weeks,2016-07-07,Brief COPE,13,3,1,3,1,1,1,2,4,4,4,1,1,4,4,4,4
64826,S33/260,E33/105,Mid Yorkshire,33,255857,RCT 6 weeks,2016-08-10,Brief COPE,14,2,2,4,2,1,1,4,1,1,4,1,1,4,1,4,1
62319,S25/213,E25/077,Nottingham University Hospital,25,255911,RCT 6 weeks,2016-08-20,Brief COPE,15,3,3,4,1,2,2,4,3,3,4,1,2,3,3,4,3
63050,S17/157,E17/157,Cardiff,17,256329,RCT 6 weeks,,Brief COPE,16,1,1,1,1,1,1,1,1,1,1,1,1,4,1,4,1
62778,S17/150,E17/150,Cardiff,17,257231,RCT 6 weeks,2016-09-03,Brief COPE,17,4,2,4,1,4,3,4,3,4,4,4,4,4,4,4,4
63862,S13/198,E13/198,Royal Liverpool and Broadgreen,13,257233,RCT 6 weeks,2016-09-01,Brief COPE,18,4,1,4,1,4,1,4,4,3,4,1,4,4,1,4,4
64562,S13/201,E13/201,Royal Liverpool and Broadgreen,13,258328,RCT 6 weeks,2016-09-05,Brief COPE,19,2,2,,3,2,1,3,1,1,3,1,2,3,2,3,4
64529,S13/200,E13/200,Royal Liverpool and Broadgreen,13,258335,RCT 6 weeks,2016-09-04,Brief COPE,20,4,4,4,1,4,1,4,1,1,4,1,1,4,1,4,1
64678,S12/707,E12/071,York,12,263762,RCT 6 weeks,2016-09-22,Brief COPE,21,3,1,2,1,2,1,2,,4,3,1,,4,,4,2
62465,S48/008,E48/008,Royal Albert Edward Infirmary,48,263765,RCT 6 weeks,2016-08-22,Brief COPE,22,2,1,4,1,2,1,,4,1,4,1,1,4,2,1,2
62574,S46/034,E46/034,Tameside Hospital,46,264583,RCT 6 weeks,2016-09-30,Brief COPE,23,3,1,3,2,3,1,4,4,4,3,1,2,4,4,4,4
62702,S19/356,E19/095,Royal Lancaster Infirmary,19,265037,RCT 6 weeks,2016-10-11,Brief COPE,24,4,1,2,1,4,1,2,2,,2,1,2,4,1,3,1
63735,S03/044,E03/044,Doncaster,03,266498,RCT 6 weeks,,Brief COPE,25,,2,4,1,4,1,3,3,3,4,1,3,3,1,4,1
64919,S46/038,E46/038,Tameside Hospital,46,267378,RCT 6 weeks,2016-10-29,Brief COPE,26,4,2,4,1,1,1,3,4,4,4,1,3,3,3,4,2
65687,S19/382,E19/106,Royal Lancaster Infirmary,19,268464,RCT 6 weeks,2016-11-04,Brief COPE,27,2,3,4,2,2,3,3,2,1,2,1,4,2,2,2,4
67992,S24/096,E24/096,Hull and East Yorkshire - Castle Hill,24,268959,RCT 6 weeks,2016-11-21,Brief COPE,28,3,2,2,1,3,1,3,1,3,2,1,3,3,1,3,4
63709,S12/070,E12/024,York,12,270481,RCT 6 months,2016-10-04,Brief COPE,29,4,2,4,1,4,1,4,3,3,4,1,3,3,2,4,4
65494,S13/211,E13/211,Royal Liverpool and Broadgreen,13,270924,RCT 6 weeks,2016-11-22,Brief COPE,30,4,1,4,1,3,1,4,3,2,4,1,2,4,3,3,3
68365,S19/389,E19/108,Royal Lancaster Infirmary,19,270971,RCT 6 weeks,2016-12-01,Brief COPE,31,3,2,3,2,3,2,3,3,1,4,1,1,3,3,3,1
66173,S12/072,E12/072,York,12,271049,RCT 6 weeks,2016-11-17,Brief COPE,32,3,3,4,1,4,1,3,3,2,4,1,3,4,3,3,2
68817,S19/391,E19/110,Royal Lancaster Infirmary,19,272215,RCT 6 weeks,2016-12-16,Brief COPE,33,2,2,3,2,2,3,1,2,2,2,1,2,4,1,4,3
69222,S35/260,E35/045,Chesterfield,35,272519,RCT 6 weeks,2016-12-14,Brief COPE,34,3,2,4,3,3,2,2,3,3,4,3,4,4,4,4,4
68976,S25/239,E25/083,Nottingham University Hospital,25,273317,RCT 6 weeks,2017-01-10,Brief COPE,35,4,1,4,1,4,1,4,4,4,3,1,4,4,3,4,3
70276,S12/947,E12/085,York,12,276476,RCT 6 weeks,2017-01-17,Brief COPE,36,2,3,2,2,2,1,2,1,1,2,2,2,2,2,2,2
62702,S19/356,E19/095,Royal Lancaster Infirmary,19,276478,RCT 6 months,2017-01-13,Brief COPE,37,3,1,1,1,2,1,2,4,1,1,1,2,4,1,4,3
70513,S25/249,E25/085,Nottingham University Hospital,25,276468,RCT 6 weeks,2017-01-14,Brief COPE,38,4,1,2,1,4,1,3,4,4,3,1,3,4,2,4,3
62374,S12/293,E12/065,York,12,276623,RCT 6 weeks,2016-06-24,Brief COPE,39,3,1,3,1,2,1,3,2,2,3,1,2,3,2,3,2
67052,S12/909,E12/075,York,12,276632,RCT 6 weeks,2016-11-18,Brief COPE,40,3,1,3,3,3,1,3,4,3,3,1,3,4,1,4,3
62745,S12/607,E12/069,York,12,276635,RCT 6 weeks,2016-08-23,Brief COPE,41,1,1,3,2,1,2,3,1,1,4,2,1,2,2,3,2
62717,S19/361,E19/097,Royal Lancaster Infirmary,19,279026,RCT 6 months,2017-01-24,Brief COPE,42,4,1,3,1,4,1,3,2,3,3,1,4,4,3,3,3
62756,S19/366,E19/098,Royal Lancaster Infirmary,19,279078,RCT 6 months,2017-01-27,Brief COPE,43,2,1,4,1,3,1,4,1,3,2,1,2,4,2,4,1
62319,S25/213,E25/077,Nottingham University Hospital,25,282380,RCT 6 months,2017-02-15,Brief COPE,44,2,3,4,2,2,3,3,2,2,4,1,1,3,1,3,3
69033,S46/043,E46/043,Tameside Hospital,46,282601,RCT 6 weeks,2017-02-08,Brief COPE,45,3,2,3,2,2,1,3,2,2,3,2,2,4,3,4,3
70804,S35/282,E35/047,Chesterfield,35,283258,RCT 6 weeks,2017-02-07,Brief COPE,46,1,1,2,1,1,1,1,1,1,3,1,1,4,1,4,1
70731,S25/251,E25/087,Nottingham University Hospital,25,282549,RCT 6 weeks,2017-02-26,Brief COPE,47,3,4,4,1,3,4,4,2,,4,1,3,3,2,3,1
70732,S25/252,E25/088,Nottingham University Hospital,25,282550,RCT 6 weeks,2017-03-03,Brief COPE,48,4,2,3,1,4,2,3,3,2,3,1,3,3,2,3,4
71841,S35/289,E35/048,Chesterfield,35,284975,RCT 6 weeks,2017-03-09,Brief COPE,49,4,1,1,1,1,1,1,4,1,4,1,4,4,1,4,4
71886,S19/419,E19/116,Royal Lancaster Infirmary,19,282539,RCT 6 weeks,2017-03-10,Brief COPE,50,3,2,3,1,4,2,4,3,1,3,1,2,4,2,3,3
71047,S12/981,E12/087,York,12,286515,RCT 6 weeks,2017-02-24,Brief COPE,51,4,1,4,1,1,1,4,4,3,4,1,4,4,2,4,1
74413,S35/297,E35/049,Chesterfield,35,286055,RCT 6 weeks,2017-04-04,Brief COPE,52,4,2,4,1,4,1,3,4,4,3,1,1,4,3,4,4
65687,S19/382,E19/106,Royal Lancaster Infirmary,19,289082,RCT 6 months,2017-03-31,Brief COPE,53,2,2,3,1,2,1,2,2,1,2,1,1,3,2,3,3
65603,S03/178,E03/047,Doncaster,03,290017,RCT 6 weeks,2016-12-16,Brief COPE,54,1,1,2,1,1,1,2,1,1,2,1,1,4,1,4,1
74006,S13/280,E13/280,Royal Liverpool and Broadgreen,13,290777,RCT 6 weeks,2017-04-11,Brief COPE,55,1,2,2,1,1,2,1,1,1,3,1,1,4,1,3,1
75734,S13/287,E13/287,Royal Liverpool and Broadgreen,13,290780,RCT 6 weeks,2017-04-20,Brief COPE,56,4,2,4,4,3,1,4,3,3,4,1,3,1,4,4,4
66933,S17/168,E17/161,Cardiff,17,291538,RCT 6 months,2017-04-24,Brief COPE,57,3,1,3,1,3,1,2,2,2,3,1,3,3,3,3,1
68976,S25/239,E25/083,Nottingham University Hospital,25,291540,RCT 6 months,2017-04-02,Brief COPE,58,3,2,4,1,3,1,4,3,2,3,1,2,3,3,3,3
72493,S25/257,E25/089,Nottingham University Hospital,25,282551,RCT 6 weeks,2017-05-03,Brief COPE,59,1,1,1,1,1,1,2,1,1,1,1,1,1,1,1,1
