individual_id,Screening No,Enrolment No,site,site_code,event_id,event_name,event_date,form_name,database_id,assessment_dt,chemo_received,chemo_aes,c_fatigue,c_anaemia,c_low_wc_count,c_thrombocytopenia,c_allergic,c_hair_thinning,c_nausea,c_infection
48569,S26/002,E26/002,Southport and Ormskirk,26,128771,6 weeks,2013-08-05,Chemotherapy,1,2013-09-17,1,1,1,0,0,0,0,0,0,0
48659,S03/009,E03/001,Doncaster,03,136708,6 weeks,2013-11-06,Chemotherapy,2,2013-11-06,1,0,,,,,,,,
49034,S35/008,E35/003,Chesterfield,35,136695,6 weeks,2013-11-26,Chemotherapy,3,2013-11-26,1,0,,,,,,,,
49239,S19/030,E19/008,Royal Lancaster Infirmary,19,145394,6 weeks,2013-11-19,Chemotherapy,4,2013-11-19,1,1,0,0,0,1,0,0,0,0
48994,S10/025,E10/012,St. Helens and Knowsley,10,145144,6 weeks,2013-11-26,Chemotherapy,5,2013-12-11,1,1,1,,,,,,1,
48446,S28/001,E28/002,The Royal Marsden,28,172072,6 months,2014-01-02,Chemotherapy,6,2014-01-02,1,1,1,0,0,0,0,1,1,0
48446,S28/001,E28/002,The Royal Marsden,28,127672,6 weeks,2013-08-28,Chemotherapy,7,2013-08-28,1,0,,,,,,,,
49553,S15/044,E15/016,Leeds Teaching Hospitals,15,173079,6 weeks,2013-12-19,Chemotherapy,8,2013-12-19,1,1,1,0,0,0,0,1,0,0
48664,S31/003,E31/002,Dorset County Hospital,31,173276,6 months,2014-01-15,Chemotherapy,9,2014-01-15,1,1,1,1,1,0,0,1,0,1
48374,S16/007,E16/005,Bradford,16,174242,6 months,2014-02-12,Chemotherapy,10,2014-02-12,1,1,1,1,0,0,0,1,1,0
48569,S26/002,E26/002,Southport and Ormskirk,26,128776,6 months,2014-02-13,Chemotherapy,11,2014-02-13,1,1,1,0,0,0,0,0,0,0
48744,S19/014,E19/003,Royal Lancaster Infirmary,19,175200,6 months,2014-02-19,Chemotherapy,12,2014-02-19,1,1,1,0,0,0,0,1,1,0
48890,S33/009,E33/004,Mid Yorkshire,33,176457,6 months,2014-03-18,Chemotherapy,13,2014-03-18,1,1,1,0,1,0,0,1,1,1
48859,S25/002,E25/002,Nottingham University Hospital,25,176456,6 months,2014-02-11,Chemotherapy,14,2014-02-11,1,1,1,0,1,0,0,0,0,0
48596,S28/010,E28/007,The Royal Marsden,28,176413,6 months,2014-03-18,Chemotherapy,15,2014-02-06,1,1,1,0,0,0,0,1,0,1
48467,S30/001,E30/001,Guys and St Thomas,30,127961,6 weeks,2013-09-05,Chemotherapy,16,2013-09-05,1,1,1,0,1,0,0,1,0,0
49027,S33/015,E33/009,Mid Yorkshire,33,176671,6 months,2014-03-25,Chemotherapy,17,2014-03-25,1,1,0,0,0,0,0,0,1,1
50188,S21/028,E21/012,Grantham,21,179524,6 weeks,2014-03-17,Chemotherapy,18,2014-03-17,1,1,0,0,0,0,0,0,1,0
48994,S10/025,E10/012,St. Helens and Knowsley,10,179678,6 months,2014-04-02,Chemotherapy,19,2014-04-02,1,0,,,,,,,,
50368,S19/073,E19/016,Royal Lancaster Infirmary,19,180447,6 weeks,2014-04-07,Chemotherapy,20,2014-04-07,1,1,1,0,0,0,0,0,1,0
49088,S33/023,E33/011,Mid Yorkshire,33,180803,6 months,2014-04-03,Chemotherapy,21,2014-04-03,1,1,0,0,0,0,0,1,0,1
48986,S16/021,E16/010,Bradford,16,180907,6 months,2014-04-11,Chemotherapy,22,2014-04-11,1,1,1,0,0,0,0,1,1,1
50614,S34/030,E34/011,Bristol,34,182020,6 weeks,2014-04-24,Chemotherapy,23,2014-04-24,1,1,1,0,0,0,0,1,0,0
49239,S19/030,E19/008,Royal Lancaster Infirmary,19,182720,6 months,2014-04-15,Chemotherapy,24,2014-05-06,1,1,0,0,0,1,0,0,0,0
50678,S08/064,E08/064,East Lancashire,08,182786,6 weeks,2014-04-17,Chemotherapy,25,2014-04-17,1,0,,,,,,,,
49080,S35/013,E35/004,Chesterfield,35,182813,6 months,2014-04-23,Chemotherapy,26,2014-04-23,1,0,,,,,,,,
50046,S04/020,E04/007,Milton Keynes,04,183159,6 months,2014-05-07,Chemotherapy,27,2014-05-07,1,1,1,0,1,0,0,1,0,1
47932,S02/001,E02/001,Barnsley,02,183235,12 months,2014-05-12,Chemotherapy,28,2014-05-12,1,1,1,0,0,0,0,1,0,0
50821,S33/066,E33/026,Mid Yorkshire,33,184157,6 weeks,2014-05-16,Chemotherapy,29,2014-05-16,1,1,1,0,0,0,0,1,0,0
49552,S08/033,E08/033,East Lancashire,08,185211,6 months,2014-05-23,Chemotherapy,30,2014-05-23,1,1,1,1,1,1,0,,0,1
49034,S35/008,E35/003,Chesterfield,35,136696,6 months,2014-04-22,Chemotherapy,31,2014-04-22,1,1,1,0,0,0,0,1,0,0
49344,S17/012,E17/012,Cardiff,17,185250,6 months,2014-05-30,Chemotherapy,32,2014-06-04,1,1,1,0,0,0,0,0,1,1
49249,S17/011,E17/011,Cardiff,17,185524,6 months,2014-06-06,Chemotherapy,33,2014-06-06,1,1,0,0,0,0,0,1,0,0
48731,S04/008,E04/004,Milton Keynes,04,185738,6 months,2014-02-27,Chemotherapy,34,2014-02-27,1,1,0,0,0,0,0,1,1,0
49553,S15/044,E15/016,Leeds Teaching Hospitals,15,186012,6 months,2014-06-05,Chemotherapy,35,2014-06-05,1,1,1,0,1,0,0,1,1,1
49910,S25/016,E25/014,Nottingham University Hospital,25,187577,6 months,2014-06-03,Chemotherapy,36,2014-06-03,1,1,1,0,0,0,0,1,0,1
50301,S21/023,E21/009,Grantham,21,188862,6 months,2014-07-21,Chemotherapy,37,2014-07-21,1,1,1,0,1,0,0,1,0,1
50157,S30/048,E30/014,Guys and St Thomas,30,187735,6 months,2014-07-23,Chemotherapy,38,2014-07-23,1,1,1,0,0,0,0,0,1,0
49638,S19/035,E19/012,Royal Lancaster Infirmary,19,189610,6 months,2014-04-17,Chemotherapy,40,2014-03-10,1,1,1,0,0,0,0,0,0,0
50142,S33/050,E33/020,Mid Yorkshire,33,189739,6 months,2014-07-14,Chemotherapy,41,2014-07-14,1,1,1,0,0,0,0,0,0,1
49896,S16/039,E16/018,Bradford,16,189924,6 months,2014-07-29,Chemotherapy,42,2014-07-29,1,1,1,0,1,0,1,1,1,0
48664,S31/003,E31/002,Dorset County Hospital,31,190328,12 months,2014-08-13,Chemotherapy,43,2014-08-13,1,1,1,0,1,0,0,1,0,0
50488,S34/026,E34/009,Bristol,34,191083,6 months,2014-08-18,Chemotherapy,44,2014-08-18,1,1,0,0,0,0,0,0,0,0
50614,S34/030,E34/011,Bristol,34,191092,6 months,2014-08-18,Chemotherapy,45,2014-08-18,1,1,1,0,0,0,0,1,0,0
50244,S15/072,E15/023,Leeds Teaching Hospitals,15,191192,6 months,2014-08-18,Chemotherapy,46,2014-08-18,1,1,1,0,1,0,0,1,1,1
50641,S09/030,E09/024,Harrogate,09,180210,6 months,2014-08-20,Chemotherapy,47,2014-08-20,1,1,1,0,0,0,0,0,0,0
50368,S19/073,E19/016,Royal Lancaster Infirmary,19,191455,6 months,2014-08-28,Chemotherapy,48,2014-08-28,1,1,1,0,0,0,1,1,0,0
50508,S19/083,E19/022,Royal Lancaster Infirmary,19,191559,6 months,2014-09-02,Chemotherapy,49,2014-09-02,1,1,1,0,0,0,0,0,0,1
50672,S31/016,E31/009,Dorset County Hospital,31,180421,6 months,2014-08-20,Chemotherapy,50,2014-08-20,1,1,1,0,0,0,0,1,1,1
51621,S15/127,E15/048,Leeds Teaching Hospitals,15,192614,6 weeks,2014-09-10,Chemotherapy,51,2014-09-10,1,1,1,0,0,0,0,1,0,0
49920,S36/020,E36/006,Rotherham,36,187418,6 months,2014-06-23,Chemotherapy,52,2014-06-23,1,1,1,1,0,0,0,0,1,0
50741,S33/059,E33/024,Mid Yorkshire,33,193104,6 months,2014-09-05,Chemotherapy,53,2014-09-05,1,1,0,1,1,0,0,1,0,0
50818,S17/049,E17/049,Cardiff,17,193125,6 months,2014-09-24,Chemotherapy,54,2014-09-09,1,1,1,0,0,0,0,1,1,0
50766,S05/013,E05/013,Scunthorpe and Grimsby,05,181918,6 months,2014-10-06,Chemotherapy,56,2014-06-09,1,1,1,0,1,0,0,1,0,1
50549,S15/088,E15/031,Leeds Teaching Hospitals,15,193441,6 months,2014-10-07,Chemotherapy,57,2014-10-07,1,1,1,0,0,0,0,1,0,0
50557,S02/013,E02/013,Barnsley,02,193573,6 months,2014-10-14,Chemotherapy,58,2014-10-14,1,1,1,0,0,0,0,0,0,0
51573,S31/028,E31/017,Dorset County Hospital,31,193593,6 months,2014-10-09,Chemotherapy,59,2014-10-09,1,1,1,0,1,0,0,1,1,1
51586,S05/091,E05/045,Scunthorpe and Grimsby,05,193609,6 weeks,2014-08-12,Chemotherapy,60,2014-07-29,1,0,,,,,,,,
51448,S26/029,E26/029,Southport and Ormskirk,26,193865,6 months,2014-10-13,Chemotherapy,61,2014-10-13,1,1,1,0,0,0,0,1,0,0
50669,S19/090,E19/026,Royal Lancaster Infirmary,19,194199,6 weeks,2014-05-21,Chemotherapy,62,2014-05-09,1,1,1,0,1,1,0,0,0,1
50669,S19/090,E19/026,Royal Lancaster Infirmary,19,194206,6 months,2014-10-09,Chemotherapy,63,2014-10-09,1,1,0,1,1,0,0,0,0,1
50188,S21/028,E21/012,Grantham,21,194239,6 months,2014-10-02,Chemotherapy,64,2014-10-02,1,1,1,0,1,0,0,1,1,1
50794,S15/094,E15/042,Leeds Teaching Hospitals,15,194262,6 months,2014-10-16,Chemotherapy,65,2014-10-20,1,0,,,,,,,,
50822,S16/058,E16/029,Bradford,16,194282,6 months,2014-10-01,Chemotherapy,66,2014-10-01,1,1,1,1,1,0,0,1,1,1
50886,S15/101,E15/038,Leeds Teaching Hospitals,15,194315,6 months,2014-10-22,Chemotherapy,67,2014-10-22,1,1,1,0,1,0,0,1,0,0
50684,S17/047,E17/047,Cardiff,17,199473,6 months,2014-10-27,Chemotherapy,68,2014-10-07,1,1,1,0,0,0,0,0,0,0
51097,S23/030,E23/009,Pilgrim,23,199691,6 months,2014-10-28,Chemotherapy,69,2014-10-28,1,1,0,0,1,0,0,1,0,1
49943,S19/049,E19/013,Royal Lancaster Infirmary,19,194310,6 months,2014-06-12,Chemotherapy,70,2014-06-11,1,1,1,1,0,0,0,0,1,1
51296,S34/048,E34/020,Bristol,34,199968,6 months,2014-10-16,Chemotherapy,71,2014-10-16,1,1,1,1,0,0,1,1,1,0
51042,S25/070,E25/025,Nottingham University Hospital,25,200852,6 months,2014-10-28,Chemotherapy,73,2014-10-28,1,1,1,0,0,0,0,1,1,0
52152,S38/018,E38/018,Kingston Hospital,38,200963,6 weeks,2014-11-12,Chemotherapy,74,2014-11-13,1,1,1,0,0,0,0,1,0,1
51103,S19/119,E19/031,Royal Lancaster Infirmary,19,200978,6 months,2014-11-24,Chemotherapy,75,2014-11-24,1,1,1,0,1,0,0,1,0,0
51487,S28/065,E28/026,The Royal Marsden,28,201035,6 months,2014-11-25,Chemotherapy,76,2014-11-25,1,0,,,,,,,,
51562,S31/026,E31/016,Dorset County Hospital,31,201043,6 months,2014-11-13,Chemotherapy,77,2014-11-13,1,1,1,0,0,0,0,0,0,0
51643,S04/044,E04/013,Milton Keynes,04,201843,6 months,2014-11-26,Chemotherapy,78,2014-11-26,1,1,1,0,0,0,0,1,1,0
52255,S38/021,E38/021,Kingston Hospital,38,202010,6 weeks,2014-11-25,Chemotherapy,79,2014-11-25,1,1,1,0,0,0,0,1,1,1
51621,S15/127,E15/048,Leeds Teaching Hospitals,15,202296,6 months,2014-12-09,Chemotherapy,80,2014-12-09,1,1,1,0,0,0,0,0,0,0
52371,S24/043,E24/043,Hull and East Yorkshire - Castle Hill,24,202334,6 weeks,2014-12-09,Chemotherapy,81,2014-12-09,1,1,1,0,1,0,0,1,1,0
50821,S33/066,E33/026,Mid Yorkshire,33,193339,6 months,2014-09-15,Chemotherapy,82,2014-09-15,1,0,,,,,,,,
51651,S23/048,E23/018,Pilgrim,23,190152,6 months,2014-12-17,Chemotherapy,83,2014-12-17,1,1,1,1,1,1,0,1,1,0
51606,S34/070,E34/024,Bristol,34,202752,6 months,2014-12-03,Chemotherapy,84,2014-12-03,1,1,1,0,0,0,0,1,0,0
51332,S21/039,E21/014,Grantham,21,202786,6 months,2014-12-15,Chemotherapy,85,2014-12-15,1,1,1,0,0,0,0,1,0,0
51699,S26/031,E26/031,Southport and Ormskirk,26,202074,6 months,2014-11-29,Chemotherapy,86,2014-11-29,1,1,1,1,0,0,1,1,1,1
51345,S26/025,E26/025,Southport and Ormskirk,26,202301,6 months,2014-12-08,Chemotherapy,87,2014-11-29,1,1,1,0,0,0,0,1,1,0
48871,S01/048,E01/024,Sheffield,01,173499,6 months,2014-01-03,Chemotherapy,88,2014-01-03,1,1,1,0,0,0,0,1,0,1
53004,S01/103,E01/051,Sheffield,01,204004,6 months,2014-10-27,Chemotherapy,89,2014-10-27,1,1,0,0,0,0,0,0,1,1
48383,S10/010,E10/006,St. Helens and Knowsley,10,179682,12 months,2014-06-20,Chemotherapy,90,2014-06-20,1,1,1,0,0,0,0,0,0,0
51907,S25/095,E25/037,Nottingham University Hospital,25,204102,6 months,2014-12-02,Chemotherapy,92,2014-12-02,1,1,1,0,0,0,0,1,0,0
51001,S15/111,E15/041,Leeds Teaching Hospitals,15,204619,6 months,2014-10-31,Chemotherapy,93,2014-10-31,1,1,1,0,0,0,0,1,1,0
51629,S15/132,E15/049,Leeds Teaching Hospitals,15,204625,6 months,2015-01-23,Chemotherapy,94,2015-01-23,1,1,1,0,0,0,0,1,1,0
52864,S01/137,E01/062,Sheffield,01,202837,6 weeks,2014-10-13,Chemotherapy,95,2014-10-13,1,1,0,0,0,0,0,1,1,0
51873,S12/149,E12/033,York,12,205469,6 months,2015-01-23,Chemotherapy,96,2015-01-23,1,1,1,0,0,0,0,0,1,0
50316,S36/027,E36/010,Rotherham,36,189992,6 months,2014-08-06,Chemotherapy,97,2014-08-06,1,1,1,1,0,0,0,1,0,1
51878,S16/087,E16/042,Bradford,16,205516,6 months,2015-01-30,Chemotherapy,98,2015-01-30,1,1,1,0,1,1,0,0,1,0
51993,S31/036,E31/024,Dorset County Hospital,31,205675,6 months,2015-02-09,Chemotherapy,100,2015-02-09,1,1,1,1,1,0,0,1,1,1
50831,S01/075,E01/039,Sheffield,01,191242,6 months,2014-07-07,Chemotherapy,101,2014-06-24,1,1,1,0,0,0,0,1,0,1
52859,S01/121,E01/056,Sheffield,01,206993,6 months,2014-12-22,Chemotherapy,102,2014-11-25,1,1,1,1,0,0,0,1,0,0
50244,S15/072,E15/023,Leeds Teaching Hospitals,15,207028,12 months,2015-02-09,Chemotherapy,103,2015-02-09,1,0,,,,,,,,
50641,S09/030,E09/024,Harrogate,09,207066,12 months,2015-02-06,Chemotherapy,104,2015-02-06,1,0,,,,,,,,
52195,S33/089,E33/040,Mid Yorkshire,33,207614,6 weeks,2015-01-09,Chemotherapy,105,2015-01-09,1,1,1,0,1,0,0,0,0,1
52864,S01/137,E01/062,Sheffield,01,207746,6 months,2015-02-12,Chemotherapy,106,2014-12-30,1,1,1,0,0,0,0,1,1,1
53204,S22/128,E22/032,Lincoln,22,207810,6 weeks,2015-02-21,Chemotherapy,107,2015-02-21,1,1,1,,,,,,1,
51080,S01/072,E01/041,Sheffield,01,191243,6 months,2014-07-28,Chemotherapy,108,2014-07-25,1,1,1,0,1,0,0,1,1,1
50508,S19/083,E19/022,Royal Lancaster Infirmary,19,207922,12 months,2015-03-05,Chemotherapy,109,2015-03-05,1,0,,,,,,,,
51967,S14/073,E14/011,Airedale,14,207943,6 months,2015-03-04,Chemotherapy,110,2015-03-04,1,1,0,0,0,0,0,1,1,0
51566,S23/039,E23/017,Pilgrim,23,208163,6 months,2015-02-24,Chemotherapy,111,2015-02-24,1,1,1,0,1,1,0,1,1,0
50672,S31/016,E31/009,Dorset County Hospital,31,208255,12 months,2015-02-27,Chemotherapy,112,2015-02-27,1,1,1,0,0,0,0,1,0,0
53125,S02/025,E02/025,Barnsley,02,208297,6 weeks,2015-03-04,Chemotherapy,113,2015-03-04,1,1,1,0,0,0,0,1,0,0
51778,S15/141,E15/054,Leeds Teaching Hospitals,15,208693,6 months,2015-03-16,Chemotherapy,114,2015-03-16,1,,,,,,,,,
50741,S33/059,E33/024,Mid Yorkshire,33,208781,12 months,2015-03-16,Chemotherapy,115,2015-03-16,1,0,,,,,,,,
52183,S19/156,E19/039,Royal Lancaster Infirmary,19,208889,6 months,2015-03-19,Chemotherapy,116,2015-03-19,1,1,1,0,0,0,0,1,0,0
52152,S38/018,E38/018,Kingston Hospital,38,208915,6 months,2015-03-18,Chemotherapy,117,2015-03-18,1,1,1,0,0,0,0,1,0,0
50678,S08/064,E08/064,East Lancashire,08,208947,6 months,2014-09-25,Chemotherapy,118,2014-09-25,1,1,0,0,0,0,0,1,0,0
52366,S21/040,E21/015,Grantham,21,209976,6 months,2015-02-19,Chemotherapy,120,2015-02-19,1,1,1,0,0,0,0,1,0,0
52371,S24/043,E24/043,Hull and East Yorkshire - Castle Hill,24,210011,6 months,2015-03-23,Chemotherapy,122,2015-03-23,1,1,0,0,1,0,0,1,1,1
51534,S23/037,E23/013,Pilgrim,23,201932,6 months,2014-12-02,Chemotherapy,123,2014-12-02,1,1,0,0,1,0,0,0,0,0
53632,S03/063,E03/023,Doncaster,03,208195,6 weeks,2015-01-08,Chemotherapy,124,2015-01-08,1,1,0,0,0,0,0,0,0,1
51436,S13/024,E13/024,Royal Liverpool and Broadgreen,13,210145,6 months,2014-11-12,Chemotherapy,125,2014-11-12,1,0,,,,,,,,
52407,S40/012,E40/007,Yeovil District Hospital,40,210638,6 months,2015-03-18,Chemotherapy,126,2015-04-10,1,1,0,0,0,0,0,1,0,1
50821,S33/066,E33/026,Mid Yorkshire,33,210815,12 months,2015-02-10,Chemotherapy,127,2015-02-10,1,1,1,0,0,0,0,0,0,0
51718,S36/055,E36/021,Rotherham,36,210820,6 months,2015-01-13,Chemotherapy,128,2015-01-13,1,1,0,1,0,1,0,1,0,1
52255,S38/021,E38/021,Kingston Hospital,38,211084,6 months,2015-04-01,Chemotherapy,129,2015-04-01,1,1,1,1,1,1,0,1,1,0
52066,S38/015,E38/015,Kingston Hospital,38,211089,6 months,2015-04-15,Chemotherapy,130,2015-04-15,1,1,,,,,,,,
52043,S14/077,E14/012,Airedale,14,208311,6 months,2015-03-12,Chemotherapy,131,2015-03-12,1,1,1,0,0,0,0,1,1,0
53539,S34/157,E34/047,Bristol,34,211142,6 weeks,2015-04-16,Chemotherapy,132,2015-04-16,1,1,1,0,0,0,0,1,1,0
52828,S21/042,E21/017,Grantham,21,211219,6 weeks,2015-02-02,Chemotherapy,133,2015-02-02,1,1,1,0,0,0,0,0,0,0
53692,S39/067,E39/029,Essex County Hospital,39,211682,6 weeks,2015-04-29,Chemotherapy,134,2015-04-29,1,1,0,0,0,0,0,1,0,0
53778,S23/093,E23/040,Pilgrim,23,212413,6 weeks,2015-05-05,Chemotherapy,135,2015-05-05,1,1,0,0,1,1,0,0,0,0
53664,S44/021,E44/020,Luton,44,212862,6 weeks,2015-04-28,Chemotherapy,136,2015-04-28,1,1,1,0,0,0,0,1,0,0
51392,S25/083,E25/032,Nottingham University Hospital,25,207135,6 months,2014-11-13,Chemotherapy,137,2014-11-13,1,1,1,1,1,1,0,0,0,1
52866,S01/141,E01/063,Sheffield,01,208779,6 months,2015-02-26,Chemotherapy,138,2015-01-21,1,1,1,0,0,0,0,0,0,0
51643,S04/044,E04/013,Milton Keynes,04,213788,12 months,2015-05-15,Chemotherapy,139,2015-05-14,1,1,1,0,0,0,0,1,1,0
52212,S44/009,E44/008,Luton,44,211481,6 months,2015-04-28,Chemotherapy,140,2015-04-28,1,1,1,0,0,0,0,1,0,0
52257,S16/105,E16/052,Bradford,16,214714,6 months,2015-05-22,Chemotherapy,141,2015-05-22,1,1,1,1,0,0,0,1,1,1
52122,S16/103,E16/051,Bradford,16,215959,6 months,2015-05-20,Chemotherapy,142,2015-05-20,1,1,1,1,1,0,0,0,0,0
54908,S18/023,E18/023,Aneurin Bevan Health Board,18,216101,6 months,2015-05-22,Chemotherapy,143,2015-05-22,1,1,1,0,0,0,0,1,0,0
52874,S16/123,E16/058,Bradford,16,216933,6 months,2015-06-16,Chemotherapy,144,2015-06-16,1,1,1,0,0,0,0,1,1,0
52976,S25/124,E25/048,Nottingham University Hospital,25,217269,6 months,2015-06-02,Chemotherapy,145,2015-06-02,1,1,1,0,1,0,0,1,1,0
52379,S05/131,E05/057,Scunthorpe and Grimsby,05,217460,6 months,2015-04-22,Chemotherapy,146,2015-04-22,1,1,1,0,0,0,0,1,1,0
51586,S05/091,E05/045,Scunthorpe and Grimsby,05,217500,12 months,2015-06-19,Chemotherapy,147,2014-12-19,1,0,,,,,,,,
51586,S05/091,E05/045,Scunthorpe and Grimsby,05,217502,6 months,2014-12-19,Chemotherapy,148,2014-12-19,1,0,,,,,,,,
49505,S05/005,E05/005,Scunthorpe and Grimsby,05,217948,6 weeks,2014-12-03,Chemotherapy,149,2014-12-03,1,1,0,0,1,0,0,0,0,1
52624,S35/163,E35/023,Chesterfield,35,215772,6 months,2015-05-21,Chemotherapy,150,2015-05-21,1,0,,,,,,,,
52568,S12/052,E12/016,York,12,218522,6 months,2015-07-07,Chemotherapy,151,2015-07-14,1,1,1,0,0,0,0,1,0,0
53154,S13/029,E13/029,Royal Liverpool and Broadgreen,13,220597,6 months,2015-01-20,Chemotherapy,152,2015-01-20,1,1,1,0,0,0,0,0,0,1
53026,S38/033,E38/033,Kingston Hospital,38,220722,6 months,2015-07-22,Chemotherapy,153,2015-07-22,1,1,0,1,0,0,0,1,0,1
54579,S49/013,E49/005,Kings Mill Hospital,49,220987,6 weeks,2015-07-30,Chemotherapy,154,2015-07-30,1,0,,,,,,,,
51573,S31/028,E31/017,Dorset County Hospital,31,217358,12 months,2015-06-11,Chemotherapy,155,2015-06-11,1,1,1,0,0,0,1,1,0,1
53131,S19/187,E19/047,Royal Lancaster Infirmary,19,221472,6 months,2015-07-31,Chemotherapy,156,2015-07-31,1,1,1,0,0,0,0,1,1,0
51907,S25/095,E25/037,Nottingham University Hospital,25,218898,12 months,2015-08-03,Chemotherapy,157,2015-08-03,1,1,1,0,0,0,0,1,0,0
53242,S13/067,E13/067,Royal Liverpool and Broadgreen,13,221676,6 months,2015-07-06,Chemotherapy,158,2015-07-06,1,1,1,0,0,0,0,0,0,0
53539,S34/157,E34/047,Bristol,34,219600,6 months,2015-07-06,Chemotherapy,159,2015-07-20,1,1,1,0,0,0,0,1,1,0
53415,S31/054,E31/034,Dorset County Hospital,31,222997,6 months,2015-08-17,Chemotherapy,160,2015-08-17,1,1,0,0,1,0,0,1,1,1
53258,S14/104,E14/019,Airedale,14,223002,6 months,2015-08-06,Chemotherapy,161,2015-08-06,1,1,1,0,0,0,0,0,0,0
55751,S20/043,E20/004,Coventry and Warwickshire,20,223290,6 months,2014-07-26,Chemotherapy,162,2014-07-26,1,1,1,0,0,0,0,1,1,0
51028,S20/010,E20/008,Coventry and Warwickshire,20,223320,6 months,2014-10-18,Chemotherapy,163,2014-10-18,1,1,1,0,0,0,0,1,1,0
53460,S01/166,E01/078,Sheffield,01,224202,6 months,2015-07-23,Chemotherapy,164,2015-06-16,1,1,0,0,0,1,0,0,0,0
52990,S16/124,E16/059,Bradford,16,224235,6 months,2015-08-18,Chemotherapy,165,2015-08-18,1,1,1,1,0,0,0,1,1,0
53527,S34/149,E34/048,Bristol,34,224689,6 months,2015-08-25,Chemotherapy,166,2015-08-25,1,1,0,0,0,0,1,1,0,0
54027,S31/064,E31/037,Dorset County Hospital,31,224684,6 months,2015-08-13,Chemotherapy,167,2015-08-13,1,1,1,0,0,0,0,1,1,1
51885,S32/012,E32/005,Mid Essex Hospital Services Trust,32,225615,6 months,2014-07-03,Chemotherapy,168,2014-07-03,1,1,1,0,0,0,0,1,1,0
52407,S40/012,E40/007,Yeovil District Hospital,40,225659,12 months,2015-09-16,Chemotherapy,169,2015-09-16,1,1,1,0,0,0,0,0,0,0
53478,S44/019,E44/018,Luton,44,225729,6 months,2015-09-04,Chemotherapy,170,2015-09-04,1,1,1,0,0,0,0,1,1,1
53781,S46/003,E46/003,Tameside Hospital,46,225738,6 months,2015-09-15,Chemotherapy,171,2015-09-15,1,1,1,0,0,0,0,1,0,0
53380,S25/134,E25/053,Nottingham University Hospital,25,226318,6 months,2015-09-08,Chemotherapy,172,2015-09-08,1,1,1,0,0,0,0,1,0,0
53884,S04/082,E04/028,Milton Keynes,04,213928,6 months,2015-09-24,Chemotherapy,173,2015-09-23,1,1,1,0,0,0,0,1,0,1
54355,S24/057,E24/057,Hull and East Yorkshire - Castle Hill,24,227560,6 weeks,2015-09-28,Chemotherapy,174,2015-09-28,1,1,1,1,0,0,0,1,1,1
54402,S47/002,E47/002,Macclesfield Hospital,47,227756,6 months,2015-10-05,Chemotherapy,175,2015-10-05,1,1,0,0,1,0,0,0,1,1
54392,S15/249,E15/095,Leeds Teaching Hospitals,15,228074,6 months,2015-10-05,Chemotherapy,176,2015-10-05,1,0,,,,,,,,
55706,S02/029,E02/029,Barnsley,02,227858,6 weeks,2015-10-08,Chemotherapy,177,2015-10-08,1,1,1,0,0,0,0,0,0,1
52871,S01/163,E01/074,Sheffield,01,216974,6 months,2015-06-01,Chemotherapy,178,2015-06-05,1,1,1,0,1,0,0,1,1,0
53692,S39/067,E39/029,Essex County Hospital,39,229408,6 months,2015-10-06,Chemotherapy,179,2015-10-06,1,1,0,0,0,0,0,1,0,0
52195,S33/089,E33/040,Mid Yorkshire,33,229431,6 months,2015-03-26,Chemotherapy,180,2015-03-26,1,0,,,,,,,,
51720,S36/054,E36/022,Rotherham,36,191346,6 weeks,2014-08-22,Chemotherapy,181,2014-08-22,1,0,,,,,,,,
51720,S36/054,E36/022,Rotherham,36,229636,6 months,2015-01-16,Chemotherapy,182,2015-01-16,1,1,1,0,0,0,0,1,0,0
53965,S33/141,E33/053,Mid Yorkshire,33,230645,6 months,2015-10-13,Chemotherapy,184,2015-10-13,1,1,0,0,0,0,0,0,0,1
55729,S02/030,E02/030,Barnsley,02,229175,6 weeks,2015-10-03,Chemotherapy,185,2015-10-20,1,1,1,0,0,0,0,1,0,1
53664,S44/021,E44/020,Luton,44,228669,6 months,2015-09-30,Chemotherapy,186,2015-09-30,1,1,1,1,0,0,0,1,1,0
53693,S39/058,E39/028,Essex County Hospital,39,230656,6 months,2015-11-03,Chemotherapy,187,2015-11-11,1,1,1,1,0,0,0,1,0,0
54352,S19/219,E19/053,Royal Lancaster Infirmary,19,231751,6 months,2015-11-16,Chemotherapy,188,2015-11-16,1,1,1,1,0,0,0,1,0,0
52916,S04/069,E04/023,Milton Keynes,04,221276,6 months,2015-07-30,Chemotherapy,189,2015-07-30,1,1,1,1,0,0,0,1,1,1
54018,S16/141,E16/066,Bradford,16,232649,6 months,2015-10-08,Chemotherapy,190,2015-10-08,1,1,1,0,0,0,0,1,1,1
54862,S41/025,E41/020,Croydon University Hospital,41,232656,6 months,2015-11-25,Chemotherapy,191,2015-11-25,1,0,,,,,,,,
53235,S04/073,E04/025,Milton Keynes,04,232790,6 months,2015-08-26,Chemotherapy,192,2015-08-26,1,1,0,0,0,0,0,1,0,0
53213,S17/101,E17/078,Cardiff,17,233022,6 months,2015-08-17,Chemotherapy,193,2015-09-17,1,1,1,0,0,0,0,1,0,0
56734,S19/271,E19/069,Royal Lancaster Infirmary,19,233998,6 weeks,2015-12-10,Chemotherapy,194,2015-12-10,1,1,1,0,0,0,0,0,0,0
54705,S13/097,E13/097,Royal Liverpool and Broadgreen,13,234068,6 months,2015-12-11,Chemotherapy,195,2015-12-11,1,1,0,0,0,0,1,0,0,0
52104,S26/040,E26/040,Southport and Ormskirk,26,234217,6 months,2015-03-16,Chemotherapy,196,2015-03-16,1,1,0,0,0,0,0,1,1,0
54314,S33/143,E33/056,Mid Yorkshire,33,234434,6 months,2015-10-09,Chemotherapy,197,2015-10-09,1,1,0,0,0,0,0,0,0,0
54303,S24/056,E24/056,Hull and East Yorkshire - Castle Hill,24,234517,6 months,2015-12-15,Chemotherapy,198,2015-12-15,1,1,1,0,0,0,0,1,0,0
52261,S24/041,E24/041,Hull and East Yorkshire - Castle Hill,24,234850,6 months,2015-04-02,Chemotherapy,200,2015-04-02,1,1,0,0,0,0,0,1,1,0
52261,S24/041,E24/041,Hull and East Yorkshire - Castle Hill,24,234853,12 months,2015-11-16,Chemotherapy,201,2015-11-16,1,1,1,1,1,0,0,1,1,1
51690,S28/085,E28/033,The Royal Marsden,28,204317,6 months,2015-01-06,Chemotherapy,202,2015-01-06,1,1,0,0,0,0,0,0,1,0
52796,S45/008,E45/008,Weston General Hospital,45,204475,6 months,2015-07-08,Chemotherapy,203,2015-07-08,1,1,1,1,0,0,0,1,0,0
49579,S15/045,E15/020,Leeds Teaching Hospitals,15,235293,24 months,2016-01-05,Chemotherapy,204,2016-01-05,1,0,,,,,,,,
55355,S47/004,E47/004,Macclesfield Hospital,47,236034,6 months,2016-01-13,Chemotherapy,205,2016-01-13,1,1,0,0,0,0,1,0,0,0
55091,S28/141,E28/066,The Royal Marsden,28,236198,6 months,2016-01-19,Chemotherapy,206,2016-01-19,1,1,1,0,0,0,0,0,0,0
55565,S25/159,E25/061,Nottingham University Hospital,25,236273,6 months,2016-01-05,Chemotherapy,207,2016-01-05,1,1,1,1,0,0,0,1,1,0
55477,S15/275,E15/104,Leeds Teaching Hospitals,15,236541,6 months,2016-01-21,Chemotherapy,208,2016-01-21,1,1,1,0,0,0,1,1,0,0
55892,S44/031,E44/030,Luton,44,236545,6 months,2016-01-22,Chemotherapy,209,2016-01-22,1,1,1,0,1,0,0,1,0,0
52252,S24/040,E24/040,Hull and East Yorkshire - Castle Hill,24,236650,6 months,2015-05-21,Chemotherapy,210,2015-05-21,1,0,,,,,,,,
55485,S33/167,E33/065,Mid Yorkshire,33,237137,6 months,2016-01-08,Chemotherapy,211,2016-01-08,1,1,0,0,1,0,0,0,0,1
55527,S49/020,E49/009,Kings Mill Hospital,49,237423,6 months,2015-12-30,Chemotherapy,212,2015-12-30,1,1,0,0,0,0,0,1,0,0
55610,S04/098,E04/039,Milton Keynes,04,237481,6 months,2016-01-26,Chemotherapy,213,2016-01-26,1,1,1,1,0,0,0,0,0,1
56694,S49/029,E49/015,Kings Mill Hospital,49,232578,6 weeks,2015-11-06,Chemotherapy,214,2015-11-06,1,0,,,,,,,,
55614,S13/112,E13/112,Royal Liverpool and Broadgreen,13,238322,6 months,2016-01-29,Chemotherapy,215,2016-01-29,1,,,,,,,,,
55804,S35/207,E35/035,Chesterfield,35,238416,6 months,2016-02-09,Chemotherapy,216,2016-02-09,1,1,1,0,0,0,0,1,1,1
53242,S13/067,E13/067,Royal Liverpool and Broadgreen,13,238508,12 months,2016-02-12,Chemotherapy,217,2016-02-12,1,1,0,0,0,0,0,0,0,1
55797,S15/294,E15/106,Leeds Teaching Hospitals,15,238592,6 months,2016-02-15,Chemotherapy,218,2016-02-15,1,1,1,0,0,0,0,1,1,0
53478,S44/019,E44/018,Luton,44,238714,12 months,2016-02-12,Chemotherapy,219,2016-02-12,1,1,1,0,1,0,0,1,0,0
53799,S19/204,E19/052,Royal Lancaster Infirmary,19,227856,6 months,2015-10-02,Chemotherapy,220,2015-10-06,1,1,1,0,0,0,0,0,1,1
55758,S19/247,E19/063,Royal Lancaster Infirmary,19,239673,6 months,2016-03-04,Chemotherapy,221,2016-03-04,1,1,1,1,1,1,0,1,0,0
58269,S53/008,E53/004,Brighton Hospital,53,239733,6 weeks,2016-01-25,Chemotherapy,222,2016-01-25,1,1,1,1,1,1,0,1,1,1
56078,S31/079,E31/044,Dorset County Hospital,31,240132,6 months,2016-03-02,Chemotherapy,223,2016-03-02,1,1,1,0,0,0,0,1,1,1
56009,S19/257,E19/064,Royal Lancaster Infirmary,19,240296,6 months,2016-03-15,Chemotherapy,224,2016-03-15,1,1,1,0,0,0,0,1,1,0
55978,S25/168,E25/063,Nottingham University Hospital,25,240129,6 months,2016-03-08,Chemotherapy,225,2016-03-08,1,1,1,0,1,0,0,1,0,1
57199,S15/312,E15/113,Leeds Teaching Hospitals,15,239817,6 months,2016-03-21,Chemotherapy,226,2016-03-21,1,1,1,0,0,0,0,0,0,0
56310,S33/182,E33/075,Mid Yorkshire,33,240662,6 months,2016-03-17,Chemotherapy,227,2016-03-17,1,0,,,,,,,,
56048,S46/016,E46/016,Tameside Hospital,46,240748,6 months,2016-03-15,Chemotherapy,228,2016-03-15,1,0,,,,,,,,
56311,S46/017,E46/017,Tameside Hospital,46,243400,6 months,2016-03-30,Chemotherapy,229,2016-03-30,1,1,1,1,1,0,0,1,1,0
53075,S15/220,E15/081,Leeds Teaching Hospitals,15,243628,12 months,2016-04-04,Chemotherapy,230,2016-04-04,1,1,1,0,0,0,0,0,1,0
50165,S30/051,E30/013,Guys and St Thomas,30,243680,24 months,2016-01-14,Chemotherapy,231,2016-01-14,1,0,,,,,,,,
56694,S49/029,E49/015,Kings Mill Hospital,49,244104,6 months,2016-03-24,Chemotherapy,232,2016-03-24,1,1,1,0,1,0,0,0,0,0
53780,S19/200,E19/050,Royal Lancaster Infirmary,19,244121,12 months,2016-04-11,Chemotherapy,233,2016-04-11,1,1,1,0,0,0,0,0,1,0
50791,S22/053,E22/013,Lincoln,22,199834,6 months,2014-11-19,Chemotherapy,234,2014-11-19,1,1,1,1,1,0,0,0,0,0
50791,S22/053,E22/013,Lincoln,22,244127,18 months,2015-07-31,Chemotherapy,235,2015-07-31,0,0,,,,,,,,
58291,S19/304,E19/080,Royal Lancaster Infirmary,19,244177,6 weeks,2016-03-23,Chemotherapy,236,2016-03-23,1,1,1,0,0,0,0,0,1,0
56166,S19/260,E19/067,Royal Lancaster Infirmary,19,244205,6 months,2016-04-13,Chemotherapy,237,2016-04-13,1,1,1,0,0,0,0,1,0,0
56283,S19/263,E19/068,Royal Lancaster Infirmary,19,244271,6 months,2016-04-13,Chemotherapy,238,2016-04-13,1,1,1,0,0,0,0,0,0,0
56289,S31/084,E31/048,Dorset County Hospital,31,244662,6 months,2016-04-07,Chemotherapy,240,2016-04-07,1,1,1,0,0,0,0,1,1,1
56737,S02/033,E02/033,Barnsley,02,244714,6 months,2016-04-02,Chemotherapy,241,2016-04-24,1,0,,,,,,,,
56102,S04/100,E04/040,Milton Keynes,04,244821,6 months,2016-02-10,Chemotherapy,243,2016-02-10,1,1,0,0,1,0,0,1,0,0
54027,S31/064,E31/037,Dorset County Hospital,31,244424,12 months,2016-04-08,Chemotherapy,244,2016-04-08,1,1,1,0,0,0,0,1,1,1
56107,S04/101,E04/041,Milton Keynes,04,243603,6 months,2016-03-30,Chemotherapy,246,2016-03-30,1,1,1,1,0,0,0,1,0,1
56734,S19/271,E19/069,Royal Lancaster Infirmary,19,245587,6 months,2016-05-03,Chemotherapy,247,2016-05-03,1,1,1,1,0,0,0,1,0,0
53807,S24/054,E24/054,Hull and East Yorkshire - Castle Hill,24,245608,6 months,2015-09-01,Chemotherapy,248,2015-09-01,1,1,1,0,0,0,0,1,0,0
53807,S24/054,E24/054,Hull and East Yorkshire - Castle Hill,24,245609,12 months,2016-04-26,Chemotherapy,249,2016-04-26,1,1,1,0,0,0,0,1,0,0
56415,S14/143,E14/034,Airedale,14,245697,6 months,2016-04-26,Chemotherapy,250,2016-04-26,1,0,,,,,,,,
56082,S44/032,E44/031,Luton,44,243492,6 months,2016-03-30,Chemotherapy,251,2016-03-30,1,1,0,0,0,0,0,0,1,0
57254,S14/161,E14/035,Airedale,14,243329,6 months,2016-04-21,Chemotherapy,252,2016-04-21,1,1,1,0,0,0,0,1,1,0
56999,S46/021,E46/021,Tameside Hospital,46,234600,6 months,2016-05-05,Chemotherapy,253,2016-05-05,1,1,0,0,0,0,0,1,1,0
56993,S27/116,E27/043,Leighton Hospital Mid Cheshire Hospitals,27,246309,6 months,2016-05-03,Chemotherapy,254,2016-05-03,1,1,1,0,0,0,0,1,0,0
57209,S19/282,E19/076,Royal Lancaster Infirmary,19,247188,6 months,2016-06-01,Chemotherapy,255,2016-06-01,1,1,1,0,0,0,0,0,0,1
61328,S47/012,E47/012,Macclesfield Hospital,47,247447,6 weeks,2016-05-25,Chemotherapy,256,2016-05-25,1,1,0,0,0,0,1,0,0,0
57180,S46/023,E46/023,Tameside Hospital,46,247516,6 months,2016-05-12,Chemotherapy,257,2016-05-12,1,1,1,0,0,0,0,1,1,0
57312,S33/205,E33/081,Mid Yorkshire,33,248331,6 months,2016-05-18,Chemotherapy,258,2016-05-18,1,1,1,0,0,0,0,0,0,0
54303,S24/056,E24/056,Hull and East Yorkshire - Castle Hill,24,248407,12 months,2016-06-13,Chemotherapy,259,2016-06-13,1,1,1,0,0,0,0,1,0,0
54314,S33/143,E33/056,Mid Yorkshire,33,249154,12 months,2016-06-10,Chemotherapy,260,2016-06-10,1,1,0,0,0,0,0,0,0,0
55230,S49/018,E49/008,Kings Mill Hospital,49,235558,6 months,2015-12-23,Chemotherapy,261,2015-12-23,1,1,1,1,1,0,0,1,1,0
58113,S27/130,E27/048,Leighton Hospital Mid Cheshire Hospitals,27,249912,6 months,2016-07-07,Chemotherapy,262,2016-07-07,1,1,1,0,0,0,0,1,1,0
52149,S39/034,E39/017,Essex County Hospital,39,250110,6 weeks,2014-10-06,Chemotherapy,263,2014-10-06,1,1,0,0,0,0,0,1,0,0
52149,S39/034,E39/017,Essex County Hospital,39,250127,6 months,2015-02-11,Chemotherapy,264,2015-02-11,1,1,1,0,1,,0,1,1,1
58403,S10/112,E10/038,St. Helens and Knowsley,10,250368,6 months,2016-07-14,Chemotherapy,265,2016-07-14,1,1,1,0,0,0,1,0,0,0
58846,S25/191,E25/072,Nottingham University Hospital,25,250383,6 months,2016-07-05,Chemotherapy,266,2016-07-05,1,1,1,0,0,0,0,1,0,1
63444,S39/072,E39/032,Essex County Hospital,39,251184,6 weeks,2015-05-18,Chemotherapy,267,2015-05-18,1,1,1,0,0,0,0,1,0,0
63444,S39/072,E39/032,Essex County Hospital,39,251186,6 months,2015-09-02,Chemotherapy,268,2015-09-02,1,1,1,0,0,0,0,1,0,1
58805,S15/338,E15/119,Leeds Teaching Hospitals,15,248481,6 months,2016-06-06,Chemotherapy,269,2016-06-06,1,1,1,0,0,0,1,0,0,0
54951,S50/014,E50/007,Wythenshawe Hospital,50,251565,12 months,2016-07-22,Chemotherapy,270,2016-07-22,1,0,,,,,,,,
57256,S53/005,E53/002,Brighton Hospital,53,248458,6 months,2016-06-13,Chemotherapy,271,2016-06-13,1,1,1,1,0,0,0,1,1,0
57955,S44/043,E44/035,Luton,44,252029,6 months,2016-07-26,Chemotherapy,272,2016-07-26,1,1,1,0,0,0,1,1,0,1
58769,S13/158,E13/158,Royal Liverpool and Broadgreen,13,252218,6 months,2016-07-27,Chemotherapy,273,2016-07-27,1,0,,,,,,,,
51873,S12/149,E12/033,York,12,252318,24 months,2016-07-27,Chemotherapy,274,2016-07-27,1,1,0,0,0,1,0,0,0,0
62313,S50/020,E50/011,Wythenshawe Hospital,50,252458,6 weeks,2016-07-28,Chemotherapy,275,2016-07-28,1,0,,,,,,,,
59017,S40/022,E40/017,Yeovil District Hospital,40,252617,6 months,2016-07-26,Chemotherapy,276,2016-07-29,1,1,1,0,0,0,1,1,0,1
57907,S30/070,E30/032,Guys and St Thomas,30,253082,6 months,2016-07-11,Chemotherapy,277,2016-07-11,1,1,1,0,0,0,0,0,0,0
49041,S26/008,E26/008,Southport and Ormskirk,26,204090,12 months,2014-11-17,Chemotherapy,278,2014-11-17,1,0,,,,,,,,
62674,S13/189,E13/189,Royal Liverpool and Broadgreen,13,253672,6 weeks,2016-08-05,Chemotherapy,279,2016-08-05,1,1,1,0,0,0,1,0,0,0
53137,S39/045,E39/022,Essex County Hospital,39,247492,6 weeks,2014-12-24,Chemotherapy,280,2014-12-24,1,0,,,,,,,,
53137,S39/045,E39/022,Essex County Hospital,39,254357,6 months,2015-04-20,Chemotherapy,281,2015-04-20,1,1,1,0,0,0,0,0,1,0
53928,S24/055,E24/055,Hull and East Yorkshire - Castle Hill,24,254644,6 months,2015-11-06,Chemotherapy,282,2015-11-06,1,1,1,0,0,0,0,1,1,1
62637,S18/034,E18/034,Aneurin Bevan Health Board,18,254969,6 weeks,2016-08-16,Chemotherapy,283,2016-08-16,1,1,1,0,0,0,0,0,1,0
58865,S18/026,E18/026,Aneurin Bevan Health Board,18,255505,6 months,2016-08-22,Chemotherapy,284,2016-08-22,1,1,1,1,1,0,1,1,0,1
62756,S19/366,E19/098,Royal Lancaster Infirmary,19,255981,6 weeks,2016-08-25,Chemotherapy,285,2016-08-10,1,1,1,0,0,1,0,1,0,0
55546,S39/080,E39/035,Essex County Hospital,39,256517,6 weeks,2015-09-28,Chemotherapy,286,2015-09-28,1,0,,,,,,,,
55546,S39/080,E39/035,Essex County Hospital,39,256519,6 months,2016-03-05,Chemotherapy,287,2016-03-05,1,1,1,0,0,0,0,1,0,1
53414,S28/114,E28/056,The Royal Marsden,28,222998,6 months,2015-08-13,Chemotherapy,288,2015-08-23,1,1,1,0,0,0,0,0,1,0
58359,S39/097,E39/044,Essex County Hospital,39,255932,6 months,2016-06-06,Chemotherapy,289,2016-06-06,1,1,1,0,0,0,0,0,1,1
59378,S13/164,E13/164,Royal Liverpool and Broadgreen,13,256905,6 months,2016-09-07,Chemotherapy,290,2016-09-07,1,1,1,0,0,0,0,1,1,0
59626,S15/359,E15/123,Leeds Teaching Hospitals,15,257011,6 months,2016-09-05,Chemotherapy,291,2016-09-05,1,1,1,0,0,0,0,1,1,0
62465,S48/008,E48/008,Royal Albert Edward Infirmary,48,257250,6 weeks,2016-08-04,Chemotherapy,292,2016-08-04,1,0,,,,,,,,
56107,S04/101,E04/041,Milton Keynes,04,225798,6 weeks,2015-10-15,Chemotherapy,293,2015-10-15,1,1,1,0,0,0,0,1,0,1
59090,S19/310,E19/081,Royal Lancaster Infirmary,19,258567,6 months,2016-09-20,Chemotherapy,294,2016-09-20,1,1,1,1,0,0,0,1,0,1
59209,S16/187,E16/088,Bradford,16,259142,6 months,2016-09-23,Chemotherapy,295,2016-09-23,1,1,1,1,0,0,0,1,0,1
59123,S41/041,E41/032,Croydon University Hospital,41,254773,6 months,2016-07-28,Chemotherapy,296,2016-07-28,1,1,1,0,0,0,0,1,1,1
50860,S24/022,E24/022,Hull and East Yorkshire - Castle Hill,24,261050,12 months,2015-03-12,Chemotherapy,297,2015-03-12,1,1,0,0,0,0,0,1,0,1
60934,S33/235,E33/090,Mid Yorkshire,33,262182,6 months,2016-09-07,Chemotherapy,298,2016-09-07,1,1,1,0,0,0,0,1,1,0
56310,S33/182,E33/075,Mid Yorkshire,33,262199,12 months,2016-07-20,Chemotherapy,299,2016-07-20,1,0,,,,,,,,
61328,S47/012,E47/012,Macclesfield Hospital,47,262509,6 months,2016-09-21,Chemotherapy,300,2016-09-21,1,1,1,0,0,0,0,0,0,0
53784,S39/066,E39/030,Essex County Hospital,39,262720,6 months,2015-11-18,Chemotherapy,301,2015-11-18,1,1,0,0,0,0,0,1,0,1
51737,S28/089,E28/040,The Royal Marsden,28,204318,6 months,2015-01-13,Chemotherapy,302,2015-01-13,1,1,1,0,1,0,0,0,0,0
56166,S19/260,E19/067,Royal Lancaster Infirmary,19,263430,12 months,2016-10-13,Chemotherapy,303,2016-10-13,1,1,1,0,0,0,0,1,0,0
53506,S23/090,E23/038,Pilgrim,23,264853,6 months,2015-08-24,Chemotherapy,304,2015-09-10,1,1,1,1,1,1,0,0,1,0
59161,S29/220,E29/086,Cheltenham General,29,265431,6 months,2016-09-19,Chemotherapy,305,2016-09-19,1,1,1,1,1,0,0,1,1,0
62284,S03/154,E03/039,Doncaster,03,266212,6 months,2016-11-01,Chemotherapy,306,2016-11-01,1,0,,,,,,,,
61215,S41/042,E41/033,Croydon University Hospital,41,266788,6 months,2016-10-25,Chemotherapy,307,2016-10-25,1,1,1,0,0,0,0,0,0,0
56078,S31/079,E31/044,Dorset County Hospital,31,258374,12 months,2016-10-13,Chemotherapy,309,2016-10-13,1,1,1,0,0,0,0,1,1,0
62355,S15/386,E15/130,Leeds Teaching Hospitals,15,249957,6 months,2016-07-12,Chemotherapy,310,2016-11-07,1,1,0,0,0,0,0,0,0,1
56999,S46/021,E46/021,Tameside Hospital,46,267666,12 months,2016-11-10,Chemotherapy,311,2016-11-10,1,1,0,0,0,0,0,1,1,0
58291,S19/304,E19/080,Royal Lancaster Infirmary,19,260437,6 months,2016-09-02,Chemotherapy,312,2016-09-02,1,1,1,0,0,0,0,1,0,1
57199,S15/312,E15/113,Leeds Teaching Hospitals,15,267961,12 months,2016-10-24,Chemotherapy,313,2016-11-15,1,1,0,0,0,0,0,1,0,0
62319,S25/213,E25/077,Nottingham University Hospital,25,267995,6 months,2016-11-08,Chemotherapy,314,2016-11-08,1,1,0,0,1,0,0,1,0,1
52149,S39/034,E39/017,Essex County Hospital,39,267810,24 months,2016-11-02,Chemotherapy,315,2016-11-02,1,1,0,0,0,0,0,1,0,1
61337,S25/210,E25/076,Nottingham University Hospital,25,268080,6 months,2016-10-27,Chemotherapy,316,2016-10-27,1,1,0,1,1,0,0,1,0,1
57254,S14/161,E14/035,Airedale,14,259693,12 months,2016-11-15,Chemotherapy,317,2016-11-15,1,1,1,1,1,1,0,1,1,1
62290,S28/163,E28/074,The Royal Marsden,28,268338,6 months,2016-11-21,Chemotherapy,318,2016-11-21,1,1,1,0,0,0,0,1,1,0
62202,S46/031,E46/031,Tameside Hospital,46,268958,6 months,2016-11-22,Chemotherapy,319,2016-11-22,1,1,1,0,0,0,0,1,1,1
62309,S13/180,E13/180,Royal Liverpool and Broadgreen,13,269354,6 months,2016-11-25,Chemotherapy,320,2016-11-25,1,1,1,0,0,0,0,1,1,0
55804,S35/207,E35/035,Chesterfield,35,270615,12 months,2016-09-13,Chemotherapy,321,2016-09-13,1,0,,,,,,,,
53807,S24/054,E24/054,Hull and East Yorkshire - Castle Hill,24,270639,18 months,2016-11-08,Chemotherapy,322,2016-11-08,1,0,,,,,,,,
62988,S45/017,E45/017,Weston General Hospital,45,270625,6 months,2016-12-06,Chemotherapy,323,2016-12-06,1,1,1,0,0,0,0,1,0,1
62637,S18/034,E18/034,Aneurin Bevan Health Board,18,271112,6 months,2016-12-14,Chemotherapy,324,2016-12-14,1,1,1,0,0,0,0,1,0,1
62565,S10/134,E10/048,St. Helens and Knowsley,10,271171,6 months,2016-12-15,Chemotherapy,325,2016-12-15,1,1,1,1,1,0,0,1,1,0
57497,S25/181,E25/069,Nottingham University Hospital,25,271246,6 months,2016-06-09,Chemotherapy,326,2016-06-09,1,1,0,0,0,0,0,1,1,0
62638,S28/167,E28/076,The Royal Marsden,28,271310,6 months,2016-12-05,Chemotherapy,327,2016-12-05,1,1,1,0,0,0,0,0,1,0
54951,S50/014,E50/007,Wythenshawe Hospital,50,271336,18 months,2016-12-19,Chemotherapy,328,2016-12-19,1,1,0,0,0,0,0,0,0,0
62431,S27/150,E27/057,Leighton Hospital Mid Cheshire Hospitals,27,271426,6 months,2016-12-09,Chemotherapy,329,2016-12-09,1,1,1,0,0,0,0,1,0,0
62230,S27/147,E27/056,Leighton Hospital Mid Cheshire Hospitals,27,271131,6 months,2016-11-13,Chemotherapy,330,2016-11-13,1,1,1,0,0,0,0,1,0,0
62313,S50/020,E50/011,Wythenshawe Hospital,50,271455,6 months,2016-12-20,Chemotherapy,331,2016-12-20,1,0,,,,,,,,
62667,S09/108,E09/077,Harrogate,09,271458,6 months,2016-12-15,Chemotherapy,332,2016-12-15,1,0,,,,,,,,
68827,S50/028,E50/022,Wythenshawe Hospital,50,271774,6 weeks,2016-12-28,Chemotherapy,333,2016-12-28,1,0,,,,,,,,
62467,S33/252,E33/099,Mid Yorkshire,33,271905,6 months,2016-12-16,Chemotherapy,334,2016-12-16,1,1,0,0,0,0,0,0,1,1
57312,S33/205,E33/081,Mid Yorkshire,33,271910,12 months,2016-12-21,Chemotherapy,335,2016-12-21,1,1,0,0,0,0,0,0,1,0
62674,S13/189,E13/189,Royal Liverpool and Broadgreen,13,272153,6 months,2017-01-06,Chemotherapy,336,2017-01-06,1,1,1,0,0,0,0,1,0,0
59638,S29/228,E29/092,Cheltenham General,29,272074,6 months,2016-11-02,Chemotherapy,337,2016-11-02,1,1,1,1,1,0,0,1,0,1
63589,S35/242,E35/044,Chesterfield,35,272266,6 months,2017-01-09,Chemotherapy,338,2017-01-09,1,0,,,,,,,,
62574,S46/034,E46/034,Tameside Hospital,46,272911,6 months,2016-12-22,Chemotherapy,339,2016-12-22,1,0,,,,,,,,
63117,S13/195,E13/195,Royal Liverpool and Broadgreen,13,274568,6 months,2017-01-18,Chemotherapy,341,2017-01-18,1,1,1,0,0,0,0,1,1,0
70513,S25/249,E25/085,Nottingham University Hospital,25,274598,6 weeks,2017-01-10,Chemotherapy,342,2017-01-10,1,1,0,0,0,0,0,1,0,0
70762,S27/184,E27/070,Leighton Hospital Mid Cheshire Hospitals,27,274968,6 weeks,2017-01-18,Chemotherapy,343,2017-01-04,1,0,,,,,,,,
64045,S20/086,E20/038,Coventry and Warwickshire,20,275050,6 months,2017-01-17,Chemotherapy,344,2017-01-17,1,1,1,0,0,0,0,0,0,1
63565,S50/024,E50/015,Wythenshawe Hospital,50,275446,6 months,2017-01-23,Chemotherapy,345,2017-01-23,1,1,,0,0,0,0,0,0,1
62643,S04/120,E04/052,Milton Keynes,04,275488,6 months,2016-12-14,Chemotherapy,346,2016-12-14,1,1,1,1,1,1,0,1,0,0
62756,S19/366,E19/098,Royal Lancaster Infirmary,19,276673,6 months,2017-01-24,Chemotherapy,347,2017-01-24,1,1,1,1,1,1,0,1,0,0
53138,S39/049,E39/025,Essex County Hospital,39,271039,12 months,2015-11-13,Chemotherapy,348,2015-11-13,1,1,1,0,0,0,0,0,0,0
69746,S33/292,E33/115,Mid Yorkshire,33,277288,6 weeks,2017-01-26,Chemotherapy,349,2017-01-26,1,1,1,0,1,0,0,0,1,1
62465,S48/008,E48/008,Royal Albert Edward Infirmary,48,277639,6 months,2017-01-23,Chemotherapy,350,2017-01-23,1,1,1,0,0,0,0,1,0,0
62656,S53/064,E53/014,Brighton Hospital,53,274794,6 months,2016-12-20,Chemotherapy,351,2016-12-20,1,1,0,1,1,0,0,1,0,1
52755,S36/096,E36/034,Rotherham,36,278427,6 months,2015-06-05,Chemotherapy,352,2015-06-05,1,1,1,0,1,0,0,1,0,0
53539,S34/157,E34/047,Bristol,34,278813,24 months,2017-01-09,Chemotherapy,353,2017-01-09,1,1,1,0,0,0,0,0,1,0
62853,S05/175,E05/081,Scunthorpe and Grimsby,05,271732,6 months,2016-12-07,Chemotherapy,354,2016-11-21,1,1,1,0,0,0,0,1,0,1
64694,S12/801,E12/073,York,12,279707,6 months,2017-02-08,Chemotherapy,355,2017-02-08,1,1,1,0,0,0,0,1,1,0
64625,S27/161,E27/061,Leighton Hospital Mid Cheshire Hospitals,27,261054,6 months,2017-02-09,Chemotherapy,356,2017-02-09,1,1,0,0,0,0,0,0,1,0
63903,S33/261,E33/103,Mid Yorkshire,33,280711,6 months,2016-12-22,Chemotherapy,357,2016-12-22,1,0,,,,,,,,
65354,S03/173,E03/046,Doncaster,03,280735,6 months,2017-02-13,Chemotherapy,358,2017-02-13,1,0,,,,,,,,
63168,S06/050,E06/029,Leicester,06,280875,6 months,2016-09-08,Chemotherapy,359,2016-09-08,1,1,1,1,0,0,0,1,1,1
55391,S32/033,E32/015,Mid Essex Hospital Services Trust,32,281209,6 months,2016-01-08,Chemotherapy,361,2016-01-08,1,1,0,0,0,0,0,1,1,0
51887,S32/015,E32/008,Mid Essex Hospital Services Trust,32,281029,6 months,2014-12-29,Chemotherapy,362,2014-12-29,1,0,,,,,,,,
63159,S06/045,E06/027,Leicester,06,281903,6 weeks,2016-02-01,Chemotherapy,363,2016-02-01,1,1,1,0,0,0,0,0,0,0
63159,S06/045,E06/027,Leicester,06,281905,6 months,2016-06-27,Chemotherapy,364,2016-06-27,1,0,,,,,,,,
64001,S27/159,E27/060,Leighton Hospital Mid Cheshire Hospitals,27,282014,6 months,2017-01-29,Chemotherapy,365,2017-01-29,1,1,1,0,0,0,0,1,0,0
65790,S41/050,E41/038,Croydon University Hospital,41,282266,6 months,2017-02-14,Chemotherapy,366,2017-02-14,1,1,1,0,0,0,0,0,0,0
70776,S19/414,E19/114,Royal Lancaster Infirmary,19,282324,6 weeks,2017-02-21,Chemotherapy,367,2017-02-21,1,1,1,0,0,0,0,0,0,0
62440,S53/047,E53/012,Brighton Hospital,53,282819,6 months,2016-11-07,Chemotherapy,368,2016-11-07,1,1,1,1,1,0,0,1,0,1
64288,S33/262,E33/104,Mid Yorkshire,33,283204,6 months,2017-01-11,Chemotherapy,369,2017-01-11,1,1,0,0,0,0,0,1,0,0
61016,S29/235,E29/094,Cheltenham General,29,282444,6 months,2016-11-04,Chemotherapy,370,2016-11-04,1,1,1,0,0,0,0,1,1,0
62334,S16/205,E16/099,Bradford,16,284707,6 months,2016-11-23,Chemotherapy,371,2016-11-23,1,1,1,0,0,0,1,1,1,0
64826,S33/260,E33/105,Mid Yorkshire,33,284811,6 months,2017-03-09,Chemotherapy,372,2017-03-09,1,1,1,0,0,0,0,1,0,0
62778,S17/150,E17/150,Cardiff,17,285050,6 months,2017-01-03,Chemotherapy,373,2017-01-03,1,1,1,0,0,0,0,1,1,0
65564,S33/265,E33/106,Mid Yorkshire,33,285456,6 months,2017-02-09,Chemotherapy,374,2017-02-09,1,1,0,0,0,0,0,1,0,0
65767,S03/182,E03/049,Doncaster,03,285696,6 months,2017-03-16,Chemotherapy,375,2017-03-16,1,0,,,,,,,,
60934,S33/235,E33/090,Mid Yorkshire,33,285777,12 months,2017-02-08,Chemotherapy,376,2017-02-08,1,0,,,,,,,,
65649,S29/290,E29/112,Cheltenham General,29,282457,6 weeks,2017-01-10,Chemotherapy,377,2017-01-10,1,1,1,0,0,0,0,0,0,0
65687,S19/382,E19/106,Royal Lancaster Infirmary,19,286880,6 months,2017-03-22,Chemotherapy,378,2017-03-22,1,1,1,0,0,0,0,1,1,0
50791,S22/053,E22/013,Lincoln,22,246759,24 months,2016-05-14,Chemotherapy,379,2016-05-14,1,0,,,,,,,,
75219,S41/060,E41/044,Croydon University Hospital,41,287264,6 weeks,2017-03-22,Chemotherapy,380,2017-03-22,1,0,,,,,,,,
65415,S49/042,E49/025,Kings Mill Hospital,49,287192,6 months,2017-02-20,Chemotherapy,381,2017-03-24,1,0,,,,,,,,
73901,S55/008,E55/006,St Mary's Hospital,55,287150,6 weeks,2017-03-16,Chemotherapy,382,2017-03-16,1,1,0,0,0,0,0,1,0,0
64632,S29/272,E29/104,Cheltenham General,29,282665,6 months,2017-02-27,Chemotherapy,383,2017-02-27,1,1,1,0,1,0,0,1,0,0
72264,S50/038,E50/029,Wythenshawe Hospital,50,288242,6 weeks,2017-04-06,Chemotherapy,384,2017-04-06,1,,,,,,,,,
56613,S36/144,E36/043,Rotherham,36,288371,6 months,2016-05-04,Chemotherapy,385,2016-05-04,1,1,,1,0,0,0,0,0,0
67098,S03/189,E03/052,Doncaster,03,288395,6 months,2017-04-07,Chemotherapy,386,2017-04-07,1,1,1,0,0,0,0,0,0,0
67632,S33/277,E33/110,Mid Yorkshire,33,288444,6 months,2017-03-29,Chemotherapy,387,2017-03-29,1,1,1,0,0,0,0,1,0,1
53820,S28/127,E28/063,The Royal Marsden,28,288752,24 months,2017-03-21,Chemotherapy,388,2017-03-21,1,0,,,,,,,,
75906,S44/088,E44/053,Luton,44,289233,6 weeks,2017-04-18,Chemotherapy,389,2017-04-18,1,1,1,0,0,0,0,1,1,0
53820,S28/127,E28/063,The Royal Marsden,28,289415,6 weeks,2015-04-24,Chemotherapy,390,2015-05-20,1,1,1,0,0,0,0,0,0,0
66773,S47/016,E47/016,Macclesfield Hospital,47,289910,6 months,2017-04-11,Chemotherapy,391,2017-04-11,1,0,,,,,,,,
51631,S43/005,E43/005,James Cook University Hospital,43,289918,24 months,2016-08-11,Chemotherapy,392,2016-08-11,1,1,1,1,0,0,0,0,1,0
69284,S13/218,E13/218,Royal Liverpool and Broadgreen,13,290235,6 months,2017-04-26,Chemotherapy,394,2017-04-26,1,1,1,1,0,0,0,0,1,0
68468,S13/217,E13/217,Royal Liverpool and Broadgreen,13,290467,6 months,2017-04-27,Chemotherapy,395,2017-04-27,1,1,1,1,0,0,0,1,0,0
68381,S13/223,E13/223,Royal Liverpool and Broadgreen,13,290533,6 months,2017-04-27,Chemotherapy,396,2017-04-27,1,1,1,0,0,0,0,1,1,0
64750,S29/276,E29/106,Cheltenham General,29,282687,6 months,2017-02-01,Chemotherapy,398,2017-02-01,1,1,1,1,1,0,0,0,0,0
74916,S56/010,E56/010,Oxford,56,290964,6 weeks,2017-05-03,Chemotherapy,399,2017-05-04,1,1,1,0,0,0,0,0,1,1
68976,S25/239,E25/083,Nottingham University Hospital,25,291616,6 months,2017-04-04,Chemotherapy,400,2017-04-04,1,1,1,0,1,0,0,1,1,1
69101,S19/390,E19/112,Royal Lancaster Infirmary,19,292028,6 months,2017-05-12,Chemotherapy,401,2017-05-12,1,1,1,0,1,1,0,0,0,1
68827,S50/028,E50/022,Wythenshawe Hospital,50,292730,6 months,2017-05-17,Chemotherapy,402,2017-05-17,1,0,,,,,,,,
69746,S33/292,E33/115,Mid Yorkshire,33,292843,6 months,2017-04-27,Chemotherapy,403,2017-04-27,1,1,1,0,0,0,0,0,0,1
59638,S29/228,E29/092,Cheltenham General,29,293165,12 months,2017-04-03,Chemotherapy,404,2017-04-03,1,1,0,1,1,0,0,1,0,1
