individual_id,Screening No,Enrolment No,site,site_code,event_id,event_name,event_date,form_name,database_id,right_decision,regret_choice,same_if_do_over,choice_did_harm,wise_decision,calc_score
58169,S24/077,E24/077,Hull and East Yorkshire - Castle Hill,24,244801,RCT 6 weeks,2016-04-12,Decision Regret Scale (DRS),1,1,,,,,
59246,S20/078,E20/035,Coventry and Warwickshire,20,244802,RCT 6 weeks,2016-04-01,Decision Regret Scale (DRS),2,1,5,1,5,1,0
59449,S19/317,E19/082,Royal Lancaster Infirmary,19,246227,RCT 6 weeks,2016-05-13,Decision Regret Scale (DRS),3,2,4,2,1,2,40
60860,S46/030,E46/030,Tameside Hospital,46,251334,RCT 6 weeks,,Decision Regret Scale (DRS),4,1,,,,,
62393,S13/184,E13/184,Royal Liverpool and Broadgreen,13,251386,RCT 6 weeks,2016-07-13,Decision Regret Scale (DRS),5,3,3,3,5,3,40
61195,S12/215,E12/063,York,12,251395,RCT 6 weeks,2016-06-28,Decision Regret Scale (DRS),6,1,5,1,5,1,0
62197,S35/217,E35/041,Chesterfield,35,248579,RCT 6 weeks,2016-06-15,Decision Regret Scale (DRS),7,1,5,1,4,1,5
62327,S35/218,E35/042,Chesterfield,35,254054,RCT 6 weeks,2016-07-12,Decision Regret Scale (DRS),8,1,4,2,5,2,15
61272,S13/176,E13/176,Royal Liverpool and Broadgreen,13,254075,RCT 6 weeks,2016-06-13,Decision Regret Scale (DRS),9,1,5,1,5,1,0
61337,S25/210,E25/076,Nottingham University Hospital,25,255173,RCT 6 weeks,,Decision Regret Scale (DRS),10,1,5,1,5,1,0
62680,S13/188,E13/188,Royal Liverpool and Broadgreen,13,255185,RCT 6 weeks,2016-07-28,Decision Regret Scale (DRS),11,1,,1,5,5,
62297,S13/181,E13/181,Royal Liverpool and Broadgreen,13,255188,RCT 6 weeks,2016-07-06,Decision Regret Scale (DRS),12,1,3,1,3,1,20
62440,S53/047,E53/012,Brighton Hospital,53,255602,RCT 6 weeks,2016-08-16,Decision Regret Scale (DRS),13,2,4,2,3,2,30
61341,S13/178,E13/178,Royal Liverpool and Broadgreen,13,255650,RCT 6 weeks,2016-07-07,Decision Regret Scale (DRS),14,1,5,1,5,1,0
64826,S33/260,E33/105,Mid Yorkshire,33,255857,RCT 6 weeks,2016-08-10,Decision Regret Scale (DRS),15,1,5,1,5,1,0
62319,S25/213,E25/077,Nottingham University Hospital,25,255911,RCT 6 weeks,2016-08-20,Decision Regret Scale (DRS),16,2,4,2,4,1,20
63050,S17/157,E17/157,Cardiff,17,256329,RCT 6 weeks,,Decision Regret Scale (DRS),17,1,5,1,5,1,0
62778,S17/150,E17/150,Cardiff,17,257231,RCT 6 weeks,2016-09-03,Decision Regret Scale (DRS),18,1,5,5,1,1,40
63862,S13/198,E13/198,Royal Liverpool and Broadgreen,13,257233,RCT 6 weeks,2016-09-01,Decision Regret Scale (DRS),19,1,5,1,5,1,0
64562,S13/201,E13/201,Royal Liverpool and Broadgreen,13,258328,RCT 6 weeks,2016-09-05,Decision Regret Scale (DRS),20,3,,,,,
64529,S13/200,E13/200,Royal Liverpool and Broadgreen,13,258335,RCT 6 weeks,2016-09-04,Decision Regret Scale (DRS),21,1,1,1,1,1,40
64715,S13/206,E13/206,Royal Liverpool and Broadgreen,13,263757,RCT 6 weeks,2016-09-22,Decision Regret Scale (DRS),22,2,,2,4,2,
64678,S12/707,E12/071,York,12,263762,RCT 6 weeks,2016-09-22,Decision Regret Scale (DRS),23,1,,,,,
62465,S48/008,E48/008,Royal Albert Edward Infirmary,48,263765,RCT 6 weeks,2016-08-22,Decision Regret Scale (DRS),24,1,5,1,5,1,0
62574,S46/034,E46/034,Tameside Hospital,46,264583,RCT 6 weeks,2016-09-30,Decision Regret Scale (DRS),25,1,5,5,1,1,40
62702,S19/356,E19/095,Royal Lancaster Infirmary,19,265037,RCT 6 weeks,2016-10-11,Decision Regret Scale (DRS),26,1,5,1,5,1,0
63735,S03/044,E03/044,Doncaster,03,266498,RCT 6 weeks,,Decision Regret Scale (DRS),27,2,4,2,,2,
64919,S46/038,E46/038,Tameside Hospital,46,267378,RCT 6 weeks,2016-10-29,Decision Regret Scale (DRS),28,1,5,1,5,2,5
65687,S19/382,E19/106,Royal Lancaster Infirmary,19,268464,RCT 6 weeks,2016-11-04,Decision Regret Scale (DRS),29,2,2,2,,,
67992,S24/096,E24/096,Hull and East Yorkshire - Castle Hill,24,268959,RCT 6 weeks,2016-11-21,Decision Regret Scale (DRS),30,2,3,2,5,2,25
63709,S12/070,E12/024,York,12,270481,RCT 6 months,2016-10-04,Decision Regret Scale (DRS),31,1,5,1,5,1,0
65494,S13/211,E13/211,Royal Liverpool and Broadgreen,13,270924,RCT 6 weeks,2016-11-22,Decision Regret Scale (DRS),32,2,4,2,3,2,30
68365,S19/389,E19/108,Royal Lancaster Infirmary,19,270971,RCT 6 weeks,2016-12-01,Decision Regret Scale (DRS),33,1,5,1,5,1,0
66173,S12/072,E12/072,York,12,271049,RCT 6 weeks,2016-11-17,Decision Regret Scale (DRS),34,3,4,3,4,2,35
68817,S19/391,E19/110,Royal Lancaster Infirmary,19,272215,RCT 6 weeks,2016-12-16,Decision Regret Scale (DRS),35,1,1,1,5,1,20
69222,S35/260,E35/045,Chesterfield,35,272519,RCT 6 weeks,2016-12-14,Decision Regret Scale (DRS),36,1,5,1,5,1,0
68976,S25/239,E25/083,Nottingham University Hospital,25,273317,RCT 6 weeks,2017-01-10,Decision Regret Scale (DRS),37,1,5,1,5,1,0
70276,S12/947,E12/085,York,12,276476,RCT 6 weeks,2017-01-17,Decision Regret Scale (DRS),38,3,3,3,3,3,50
62702,S19/356,E19/095,Royal Lancaster Infirmary,19,276478,RCT 6 months,2017-01-13,Decision Regret Scale (DRS),39,1,5,1,5,2,5
62374,S12/293,E12/065,York,12,276623,RCT 6 weeks,2016-06-24,Decision Regret Scale (DRS),40,2,,,,,
67052,S12/909,E12/075,York,12,276632,RCT 6 weeks,2016-11-18,Decision Regret Scale (DRS),41,1,1,2,4,2,35
62745,S12/607,E12/069,York,12,276635,RCT 6 weeks,2016-08-23,Decision Regret Scale (DRS),42,,,1,,,
62717,S19/361,E19/097,Royal Lancaster Infirmary,19,279026,RCT 6 months,2017-01-24,Decision Regret Scale (DRS),43,1,5,1,5,1,0
62756,S19/366,E19/098,Royal Lancaster Infirmary,19,279078,RCT 6 months,2017-01-27,Decision Regret Scale (DRS),44,3,4,4,4,3,45
62319,S25/213,E25/077,Nottingham University Hospital,25,282380,RCT 6 months,2017-02-15,Decision Regret Scale (DRS),45,2,,,,,
69033,S46/043,E46/043,Tameside Hospital,46,282601,RCT 6 weeks,2017-02-08,Decision Regret Scale (DRS),46,1,5,1,5,1,0
70804,S35/282,E35/047,Chesterfield,35,283258,RCT 6 weeks,2017-02-07,Decision Regret Scale (DRS),47,1,5,1,5,1,0
70731,S25/251,E25/087,Nottingham University Hospital,25,282549,RCT 6 weeks,2017-02-26,Decision Regret Scale (DRS),48,1,5,2,5,1,5
70732,S25/252,E25/088,Nottingham University Hospital,25,282550,RCT 6 weeks,2017-03-03,Decision Regret Scale (DRS),49,2,3,2,3,1,30
71841,S35/289,E35/048,Chesterfield,35,284975,RCT 6 weeks,2017-03-09,Decision Regret Scale (DRS),50,1,5,1,5,1,0
71886,S19/419,E19/116,Royal Lancaster Infirmary,19,282539,RCT 6 weeks,2017-03-10,Decision Regret Scale (DRS),51,2,4,2,4,2,25
71047,S12/981,E12/087,York,12,286515,RCT 6 weeks,2017-02-24,Decision Regret Scale (DRS),52,1,5,1,5,1,0
64678,S12/707,E12/071,York,12,287917,RCT 6 months,2017-03-13,Decision Regret Scale (DRS),53,1,5,1,5,1,0
74413,S35/297,E35/049,Chesterfield,35,286055,RCT 6 weeks,2017-04-04,Decision Regret Scale (DRS),54,2,4,2,5,2,20
65687,S19/382,E19/106,Royal Lancaster Infirmary,19,289082,RCT 6 months,2017-03-31,Decision Regret Scale (DRS),55,,,1,,,
65603,S03/178,E03/047,Doncaster,03,290017,RCT 6 weeks,2016-12-16,Decision Regret Scale (DRS),56,1,,,,,
74006,S13/280,E13/280,Royal Liverpool and Broadgreen,13,290777,RCT 6 weeks,2017-04-11,Decision Regret Scale (DRS),57,1,5,1,5,1,0
75734,S13/287,E13/287,Royal Liverpool and Broadgreen,13,290780,RCT 6 weeks,2017-04-20,Decision Regret Scale (DRS),58,1,5,1,5,1,0
66933,S17/168,E17/161,Cardiff,17,291538,RCT 6 months,2017-04-24,Decision Regret Scale (DRS),59,2,4,2,4,2,25
68976,S25/239,E25/083,Nottingham University Hospital,25,291540,RCT 6 months,2017-04-02,Decision Regret Scale (DRS),60,2,4,3,3,2,35
72493,S25/257,E25/089,Nottingham University Hospital,25,282551,RCT 6 weeks,2017-05-03,Decision Regret Scale (DRS),61,1,,,,,
