individual_id,Screening No,Enrolment No,site,site_code,event_id,event_name,event_date,form_name,database_id,dto_date,spoke_trt_option_hosp_dr_o,spoke_trt_option_hosp_nurse_o,spoke_trt_option_helpline_dr_o,spoke_trt_option_practice_gp_o,spoke_trt_option_oth_o,spoke_trt_option_oth,booklet_provided,booklet_yes_int_risk_info_o,booklet_yes_int_grid_o,booklet_yes_int_booklet_o,booklet_yes_int_oth_o,booklet_yes_int_oth,booklet_yes_cont,info_taken_read_all_o,info_taken_read_some_o,info_taken_not_read_o,info_taken_showed_fam_o,info_taken_blank_sec_o,info_taken_oth_o,info_taken_oth,info_useful,risk_info,option_grid,booklet_info,booklet_my_decision,info_thoughts
61166,S28/157,E28/071,The Royal Marsden,28,246888,RCT 6 weeks,,Discussing treatment options,1,2016-04-22,1,1,0,0,0,"",1,0,0,0,0,"",Treating Breast Cancer (Breast Cancer Care)\ Letrozole (Femara) Factsheet (others: plus Royal Marsden/breast cancer clinic/various).,1,0,0,0,0,0,"",4,,,,,3
62197,S35/217,E35/041,Chesterfield,35,248579,RCT 6 weeks,2016-06-15,Discussing treatment options,2,2016-06-15,1,1,0,0,0,"",1,0,0,0,1,Treating breast cancer,"",1,0,0,0,0,0,"",3,,,,,
62643,S04/120,E04/052,Milton Keynes,04,254227,RCT 6 weeks,,Discussing treatment options,3,2016-08-03,1,1,0,0,0,"",1,1,0,1,0,"","",1,0,0,1,0,0,"",4,0,0,4,4,2
61337,S25/210,E25/076,Nottingham University Hospital,25,255173,RCT 6 weeks,,Discussing treatment options,4,2016-08-05,1,1,0,0,0,"",1,0,0,0,0,"","Coping with hair loss, fatigue, chemo/radiotherapy hormone blockers",1,0,0,0,0,0,"",4,,,,,2
59656,S28/153,E28/070,The Royal Marsden,28,255639,RCT 6 weeks,,Discussing treatment options,5,2016-05-23,1,1,0,0,0,"",1,0,0,0,0,"",Patient not completed this question.,1,0,0,1,0,0,"",4,,,,,2
62465,S48/008,E48/008,Royal Albert Edward Infirmary,48,263765,RCT 6 weeks,2016-08-22,Discussing treatment options,6,2016-08-22,1,1,0,0,0,"",1,0,0,0,0,"",Patient not completed this question.,0,1,0,1,0,0,"",4,,,,,2
62574,S46/034,E46/034,Tameside Hospital,46,264583,RCT 6 weeks,2016-09-30,Discussing treatment options,7,2016-09-30,1,0,0,0,0,"",1,0,0,0,0,"","Treating breast cancer, coping with hair loss, chemotherapy, your operation and recovery.",1,0,0,0,0,0,"",4,,,,,2
62702,S19/356,E19/095,Royal Lancaster Infirmary,19,265037,RCT 6 weeks,2016-10-11,Discussing treatment options,8,2016-10-11,1,0,0,0,1,Friends with breast cancer though none were similar to me.,0,0,0,0,0,"","",0,0,0,0,0,0,"",,0,0,0,0,2
60860,S46/030,E46/030,Tameside Hospital,46,251334,RCT 6 weeks,,Discussing treatment options,9,2016-06-02,1,0,0,0,0,"",1,0,0,0,0,"",Treating Breast Cancer - coping with fatigue - Sarcoma Understanding Cancer Research,1,0,0,0,0,0,"",4,,,,,2
64919,S46/038,E46/038,Tameside Hospital,46,267378,RCT 6 weeks,2016-10-29,Discussing treatment options,10,2016-10-29,1,0,0,0,0,"",1,0,0,0,0,"",Your operation & recovery. Your operation & recovery treating primary breast cancer. Radiotherapy after breast cancer. Breast cancer & you. Letrazole & others.,1,0,0,0,0,0,"",4,,,,,2
67992,S24/096,E24/096,Hull and East Yorkshire - Castle Hill,24,268959,RCT 6 weeks,2016-11-21,Discussing treatment options,11,2016-11-21,1,0,0,0,0,"",1,1,0,1,0,"","",1,0,0,0,0,0,"",4,4,0,4,4,2
67497,S24/095,E24/095,Hull and East Yorkshire - Castle Hill,24,269568,RCT 6 weeks,,Discussing treatment options,12,2016-11-24,1,1,0,0,0,"",1,0,0,1,0,"","",0,1,0,0,0,0,"",2,0,0,2,0,2
69296,S04/128,E04/053,Milton Keynes,04,272525,RCT 6 weeks,,Discussing treatment options,13,2017-01-05,1,1,0,0,0,"",1,0,0,1,1,Your Operation & Recovery/ Treating primary breast cancer.  Reducing the risk of lymphoedema; Invasive ductal breast cancer,"",0,1,0,1,0,0,"",4,0,4,4,4,3
70513,S25/249,E25/085,Nottingham University Hospital,25,276468,RCT 6 weeks,2017-01-14,Discussing treatment options,14,2017-01-15,1,1,1,0,0,"",1,0,0,0,0,"",1. Treating primary breast cancer\ 2. Breast cancer & you/coping with diagnosis etc\ 3. Chemotherapy for breast cancer\ 4. Breast cancer & hair loss,1,0,0,1,0,0,"",4,,,,,2
62290,S28/163,E28/074,The Royal Marsden,28,277315,RCT 6 weeks,,Discussing treatment options,15,2016-06-27,1,0,0,0,0,"",1,0,0,0,0,"","Royal Marsden + information & support for people with breast cancer. Diet & Breast cancer. Breast cancer care - breast cancer & you, diagnosis treatment & the future, treating breast cancer, your operation & recoveray. breast prosthesis etc",1,0,0,0,0,0,"",4,,,,,2
70731,S25/251,E25/087,Nottingham University Hospital,25,282549,RCT 6 weeks,2017-02-26,Discussing treatment options,16,2017-02-26,1,1,0,0,0,"",1,0,0,0,0,"",Radiotherapy for primary breast cancer\ Radiotherapy for localised breast cancer\ Anastrozole factsheet,1,0,0,1,0,0,"",4,,,,,2
69033,S46/043,E46/043,Tameside Hospital,46,282601,RCT 6 weeks,2017-02-08,Discussing treatment options,17,2017-02-23,1,1,0,0,1,Dr Bhatt,1,0,0,0,0,"",Radiotherapy\ Breast radiotherapy,1,0,0,0,0,0,"",4,,,,,2
71886,S19/419,E19/116,Royal Lancaster Infirmary,19,282539,RCT 6 weeks,2017-03-10,Discussing treatment options,18,2017-03-10,1,1,0,0,0,"",1,0,0,0,1,Folders containing booklets about breast cancer & its effects & treatments.,"",1,0,0,1,0,0,"",3,,,,,
74413,S35/297,E35/049,Chesterfield,35,286055,RCT 6 weeks,2017-04-04,Discussing treatment options,19,2017-04-04,1,0,0,0,0,"",1,1,0,1,0,"","",1,0,0,0,0,0,"",4,3,0,4,3,2
72493,S25/257,E25/089,Nottingham University Hospital,25,282551,RCT 6 weeks,2017-05-03,Discussing treatment options,20,2017-03-09,1,0,0,0,0,"",1,0,0,0,0,"",Too many to mention - every one!,1,0,0,0,0,0,"",4,,,,,2
