individual_id,Screening No,Enrolment No,site,site_code,event_id,event_name,event_date,form_name,database_id,completion_dt,calm,tense,upset,relaxed,content,worried
58169,S24/077,E24/077,Hull and East Yorkshire - Castle Hill,24,244799,RCT 6 months,2016-04-12,Spielberger State-Trait Anxiety Inventory (STAI),1,2016-04-12,,,,,2,
58169,S24/077,E24/077,Hull and East Yorkshire - Castle Hill,24,244801,RCT 6 weeks,2016-04-12,Spielberger State-Trait Anxiety Inventory (STAI),2,2016-04-12,,,,,2,
59246,S20/078,E20/035,Coventry and Warwickshire,20,244802,RCT 6 weeks,2016-04-01,Spielberger State-Trait Anxiety Inventory (STAI),3,2016-04-01,,,1,,,
59449,S19/317,E19/082,Royal Lancaster Infirmary,19,246227,RCT 6 weeks,2016-05-13,Spielberger State-Trait Anxiety Inventory (STAI),4,2016-05-13,1,1,1,1,1,0
60860,S46/030,E46/030,Tameside Hospital,46,251334,RCT 6 weeks,,Spielberger State-Trait Anxiety Inventory (STAI),5,,,3,,,,
62393,S13/184,E13/184,Royal Liverpool and Broadgreen,13,251386,RCT 6 weeks,2016-07-13,Spielberger State-Trait Anxiety Inventory (STAI),6,2016-07-13,3,0,0,3,3,0
61195,S12/215,E12/063,York,12,251395,RCT 6 weeks,2016-06-28,Spielberger State-Trait Anxiety Inventory (STAI),7,2016-06-28,3,0,0,2,2,0
62197,S35/217,E35/041,Chesterfield,35,248579,RCT 6 weeks,2016-06-15,Spielberger State-Trait Anxiety Inventory (STAI),8,2016-06-15,1,1,0,1,2,1
62327,S35/218,E35/042,Chesterfield,35,254054,RCT 6 weeks,2016-07-12,Spielberger State-Trait Anxiety Inventory (STAI),9,2016-07-12,3,0,0,2,2,1
61272,S13/176,E13/176,Royal Liverpool and Broadgreen,13,254075,RCT 6 weeks,2016-06-13,Spielberger State-Trait Anxiety Inventory (STAI),10,2016-06-13,2,1,0,2,1,2
61337,S25/210,E25/076,Nottingham University Hospital,25,255173,RCT 6 weeks,,Spielberger State-Trait Anxiety Inventory (STAI),11,,3,0,0,3,3,1
62680,S13/188,E13/188,Royal Liverpool and Broadgreen,13,255185,RCT 6 weeks,2016-07-28,Spielberger State-Trait Anxiety Inventory (STAI),12,2016-07-28,2,0,0,2,2,1
62297,S13/181,E13/181,Royal Liverpool and Broadgreen,13,255188,RCT 6 weeks,2016-07-06,Spielberger State-Trait Anxiety Inventory (STAI),13,2016-07-06,3,0,0,3,0,3
62440,S53/047,E53/012,Brighton Hospital,53,255602,RCT 6 weeks,2016-08-16,Spielberger State-Trait Anxiety Inventory (STAI),14,2016-08-16,2,0,0,2,1,0
61341,S13/178,E13/178,Royal Liverpool and Broadgreen,13,255650,RCT 6 weeks,2016-07-07,Spielberger State-Trait Anxiety Inventory (STAI),15,2016-07-07,3,0,0,3,3,0
64826,S33/260,E33/105,Mid Yorkshire,33,255857,RCT 6 weeks,2016-08-10,Spielberger State-Trait Anxiety Inventory (STAI),16,2016-08-10,1,1,1,0,0,1
62319,S25/213,E25/077,Nottingham University Hospital,25,255911,RCT 6 weeks,2016-08-20,Spielberger State-Trait Anxiety Inventory (STAI),17,2016-08-20,2,2,1,2,1,1
63050,S17/157,E17/157,Cardiff,17,256329,RCT 6 weeks,,Spielberger State-Trait Anxiety Inventory (STAI),18,,3,0,0,3,3,0
62778,S17/150,E17/150,Cardiff,17,257231,RCT 6 weeks,2016-09-03,Spielberger State-Trait Anxiety Inventory (STAI),19,2016-09-03,3,0,0,3,3,1
63862,S13/198,E13/198,Royal Liverpool and Broadgreen,13,257233,RCT 6 weeks,2016-09-01,Spielberger State-Trait Anxiety Inventory (STAI),20,2016-09-01,3,0,0,3,3,0
64562,S13/201,E13/201,Royal Liverpool and Broadgreen,13,258328,RCT 6 weeks,2016-09-05,Spielberger State-Trait Anxiety Inventory (STAI),21,2016-09-05,,,2,,,
64529,S13/200,E13/200,Royal Liverpool and Broadgreen,13,258335,RCT 6 weeks,2016-09-04,Spielberger State-Trait Anxiety Inventory (STAI),22,2016-09-04,3,0,0,0,0,0
64715,S13/206,E13/206,Royal Liverpool and Broadgreen,13,263757,RCT 6 weeks,2016-09-22,Spielberger State-Trait Anxiety Inventory (STAI),23,2016-09-22,3,1,0,2,2,0
64678,S12/707,E12/071,York,12,263762,RCT 6 weeks,2016-09-22,Spielberger State-Trait Anxiety Inventory (STAI),24,2016-09-22,3,,,,,
62465,S48/008,E48/008,Royal Albert Edward Infirmary,48,263765,RCT 6 weeks,2016-08-22,Spielberger State-Trait Anxiety Inventory (STAI),25,2016-08-22,3,0,0,3,3,0
62574,S46/034,E46/034,Tameside Hospital,46,264583,RCT 6 weeks,2016-09-30,Spielberger State-Trait Anxiety Inventory (STAI),26,2016-09-30,2,1,1,1,1,1
62702,S19/356,E19/095,Royal Lancaster Infirmary,19,265037,RCT 6 weeks,2016-10-11,Spielberger State-Trait Anxiety Inventory (STAI),27,2016-10-11,2,0,0,3,2,0
63735,S03/044,E03/044,Doncaster,03,266498,RCT 6 weeks,,Spielberger State-Trait Anxiety Inventory (STAI),28,,2,1,1,1,1,3
64919,S46/038,E46/038,Tameside Hospital,46,267378,RCT 6 weeks,2016-10-29,Spielberger State-Trait Anxiety Inventory (STAI),29,2016-10-29,2,1,1,1,2,2
65687,S19/382,E19/106,Royal Lancaster Infirmary,19,268464,RCT 6 weeks,2016-11-04,Spielberger State-Trait Anxiety Inventory (STAI),30,2016-11-04,,,,,,2
67992,S24/096,E24/096,Hull and East Yorkshire - Castle Hill,24,268959,RCT 6 weeks,2016-11-21,Spielberger State-Trait Anxiety Inventory (STAI),31,2016-11-21,3,1,0,3,2,0
63709,S12/070,E12/024,York,12,270480,RCT 6 weeks,2016-10-04,Spielberger State-Trait Anxiety Inventory (STAI),32,2016-10-04,3,0,,3,3,0
63709,S12/070,E12/024,York,12,270481,RCT 6 months,2016-10-04,Spielberger State-Trait Anxiety Inventory (STAI),33,2016-10-04,3,0,0,3,3,0
65494,S13/211,E13/211,Royal Liverpool and Broadgreen,13,270924,RCT 6 weeks,2016-11-22,Spielberger State-Trait Anxiety Inventory (STAI),34,2016-11-22,2,1,1,0,2,2
68365,S19/389,E19/108,Royal Lancaster Infirmary,19,270971,RCT 6 weeks,2016-12-01,Spielberger State-Trait Anxiety Inventory (STAI),35,2016-12-01,3,0,0,3,3,1
66173,S12/072,E12/072,York,12,271049,RCT 6 weeks,2016-11-17,Spielberger State-Trait Anxiety Inventory (STAI),36,2016-11-17,1,1,1,1,1,2
68817,S19/391,E19/110,Royal Lancaster Infirmary,19,272215,RCT 6 weeks,2016-12-16,Spielberger State-Trait Anxiety Inventory (STAI),37,2016-12-16,3,0,0,2,2,1
69222,S35/260,E35/045,Chesterfield,35,272519,RCT 6 weeks,2016-12-14,Spielberger State-Trait Anxiety Inventory (STAI),38,2016-12-14,1,1,1,1,1,1
68976,S25/239,E25/083,Nottingham University Hospital,25,273317,RCT 6 weeks,2017-01-10,Spielberger State-Trait Anxiety Inventory (STAI),39,2017-01-10,3,0,1,2,2,1
70276,S12/947,E12/085,York,12,276476,RCT 6 weeks,2017-01-17,Spielberger State-Trait Anxiety Inventory (STAI),40,2017-01-17,0,,2,0,0,2
62702,S19/356,E19/095,Royal Lancaster Infirmary,19,276478,RCT 6 months,2017-01-13,Spielberger State-Trait Anxiety Inventory (STAI),41,2017-01-13,2,0,0,3,2,0
70513,S25/249,E25/085,Nottingham University Hospital,25,276468,RCT 6 weeks,2017-01-14,Spielberger State-Trait Anxiety Inventory (STAI),42,2017-01-14,2,1,1,1,1,1
62374,S12/293,E12/065,York,12,276623,RCT 6 weeks,2016-06-24,Spielberger State-Trait Anxiety Inventory (STAI),43,2016-06-24,2,,,,,
67052,S12/909,E12/075,York,12,276632,RCT 6 weeks,2016-11-18,Spielberger State-Trait Anxiety Inventory (STAI),44,2016-11-18,2,1,2,2,1,1
62745,S12/607,E12/069,York,12,276635,RCT 6 weeks,2016-08-23,Spielberger State-Trait Anxiety Inventory (STAI),45,2016-08-23,,,,0,,
62717,S19/361,E19/097,Royal Lancaster Infirmary,19,279026,RCT 6 months,2017-01-24,Spielberger State-Trait Anxiety Inventory (STAI),46,2017-01-24,2,1,0,1,1,1
62756,S19/366,E19/098,Royal Lancaster Infirmary,19,279078,RCT 6 months,2017-01-27,Spielberger State-Trait Anxiety Inventory (STAI),47,2017-01-27,3,0,0,3,1,0
62319,S25/213,E25/077,Nottingham University Hospital,25,282380,RCT 6 months,2017-02-15,Spielberger State-Trait Anxiety Inventory (STAI),48,2017-02-15,,,,2,,
69033,S46/043,E46/043,Tameside Hospital,46,282601,RCT 6 weeks,2017-02-08,Spielberger State-Trait Anxiety Inventory (STAI),49,2017-02-08,1,1,1,1,1,1
70804,S35/282,E35/047,Chesterfield,35,283258,RCT 6 weeks,2017-02-07,Spielberger State-Trait Anxiety Inventory (STAI),50,2017-02-07,3,0,0,3,3,0
70731,S25/251,E25/087,Nottingham University Hospital,25,282549,RCT 6 weeks,2017-02-26,Spielberger State-Trait Anxiety Inventory (STAI),51,2017-02-26,1,2,2,1,0,1
70732,S25/252,E25/088,Nottingham University Hospital,25,282550,RCT 6 weeks,2017-03-03,Spielberger State-Trait Anxiety Inventory (STAI),52,2017-03-03,1,2,1,0,3,2
71841,S35/289,E35/048,Chesterfield,35,284975,RCT 6 weeks,2017-03-09,Spielberger State-Trait Anxiety Inventory (STAI),53,2017-03-09,3,0,0,3,3,0
71886,S19/419,E19/116,Royal Lancaster Infirmary,19,282539,RCT 6 weeks,2017-03-10,Spielberger State-Trait Anxiety Inventory (STAI),54,2017-03-10,2,1,0,2,2,1
71047,S12/981,E12/087,York,12,286515,RCT 6 weeks,2017-02-24,Spielberger State-Trait Anxiety Inventory (STAI),55,2017-02-24,2,0,0,1,2,1
64678,S12/707,E12/071,York,12,287917,RCT 6 months,2017-03-13,Spielberger State-Trait Anxiety Inventory (STAI),56,2017-03-13,3,0,0,3,3,0
74413,S35/297,E35/049,Chesterfield,35,286055,RCT 6 weeks,2017-04-04,Spielberger State-Trait Anxiety Inventory (STAI),57,2017-04-04,2,1,1,2,2,1
65687,S19/382,E19/106,Royal Lancaster Infirmary,19,289082,RCT 6 months,2017-03-31,Spielberger State-Trait Anxiety Inventory (STAI),58,2017-03-31,,,2,,,
65603,S03/178,E03/047,Doncaster,03,290017,RCT 6 weeks,2016-12-16,Spielberger State-Trait Anxiety Inventory (STAI),59,2016-12-16,,,,,2,
74006,S13/280,E13/280,Royal Liverpool and Broadgreen,13,290777,RCT 6 weeks,2017-04-11,Spielberger State-Trait Anxiety Inventory (STAI),60,2017-04-11,2,3,1,1,3,0
75734,S13/287,E13/287,Royal Liverpool and Broadgreen,13,290780,RCT 6 weeks,2017-04-20,Spielberger State-Trait Anxiety Inventory (STAI),61,2017-04-20,3,0,1,3,2,1
66933,S17/168,E17/161,Cardiff,17,291538,RCT 6 months,2017-04-24,Spielberger State-Trait Anxiety Inventory (STAI),62,2017-04-24,2,0,0,1,2,1
68976,S25/239,E25/083,Nottingham University Hospital,25,291540,RCT 6 months,2017-04-02,Spielberger State-Trait Anxiety Inventory (STAI),63,2017-04-02,3,0,0,2,2,0
72493,S25/257,E25/089,Nottingham University Hospital,25,282551,RCT 6 weeks,2017-05-03,Spielberger State-Trait Anxiety Inventory (STAI),64,2017-05-03,3,,,,,
