individual_id,Screening No,Enrolment No,site,site_code,event_id,event_name,event_date,form_name,database_id,assessment_dt,trast_received,infusion_no,trast_aes,t_cardiac_fail,t_flu_like,t_nausea,t_diarrhoea,t_headache,t_allergy
48446,S28/001,E28/002,The Royal Marsden,28,172072,6 months,2014-01-02,Trastuzumab,1,2014-01-02,1,5,1,0,0,0,1,0,0
48890,S33/009,E33/004,Mid Yorkshire,33,176457,6 months,2014-03-18,Trastuzumab,2,2014-03-18,1,1,1,0,0,0,1,0,0
48859,S25/002,E25/002,Nottingham University Hospital,25,176456,6 months,2014-02-11,Trastuzumab,3,2014-02-11,1,1,1,0,0,1,0,0,0
48994,S10/025,E10/012,St. Helens and Knowsley,10,179678,6 months,2014-04-02,Trastuzumab,4,2014-04-02,1,4,0,,,,,,
50368,S19/073,E19/016,Royal Lancaster Infirmary,19,180447,6 weeks,2014-04-07,Trastuzumab,5,2014-04-07,1,1,1,0,0,1,0,0,0
48994,S10/025,E10/012,St. Helens and Knowsley,10,145144,6 weeks,2013-11-26,Trastuzumab,6,2013-12-11,0,,,,,,,,
50614,S34/030,E34/011,Bristol,34,182020,6 weeks,2014-04-24,Trastuzumab,7,2014-04-24,1,15,0,,,,,,
49239,S19/030,E19/008,Royal Lancaster Infirmary,19,182720,6 months,2014-04-15,Trastuzumab,8,2014-05-06,1,5,1,1,0,0,0,0,0
49552,S08/033,E08/033,East Lancashire,08,185211,6 months,2014-05-23,Trastuzumab,9,2014-05-23,1,6,0,,,,,,
49553,S15/044,E15/016,Leeds Teaching Hospitals,15,186012,6 months,2014-06-05,Trastuzumab,10,2014-06-05,1,4,1,0,0,0,1,0,0
48446,S28/001,E28/002,The Royal Marsden,28,186095,12 months,2014-06-16,Trastuzumab,11,2014-06-16,1,6,0,,,,,,
50157,S30/048,E30/014,Guys and St Thomas,30,187735,6 months,2014-07-23,Trastuzumab,12,2014-07-23,1,6,1,0,1,1,1,1,0
49896,S16/039,E16/018,Bradford,16,189924,6 months,2014-07-29,Trastuzumab,13,2014-07-29,1,2,0,,,,,,
48731,S04/008,E04/004,Milton Keynes,04,190044,12 months,2014-08-07,Trastuzumab,14,2014-08-07,1,4,1,0,1,0,1,0,0
50244,S15/072,E15/023,Leeds Teaching Hospitals,15,191192,6 months,2014-08-18,Trastuzumab,15,2014-08-18,1,3,1,0,0,1,0,0,0
50368,S19/073,E19/016,Royal Lancaster Infirmary,19,191455,6 months,2014-08-28,Trastuzumab,16,2014-08-28,1,7,0,,,,,,
51621,S15/127,E15/048,Leeds Teaching Hospitals,15,192614,6 weeks,2014-09-10,Trastuzumab,17,2014-09-10,1,2,1,0,1,0,1,0,0
49920,S36/020,E36/006,Rotherham,36,187418,6 months,2014-06-23,Trastuzumab,18,2014-06-23,1,6,1,0,0,1,1,0,0
50488,S34/026,E34/009,Bristol,34,191083,6 months,2014-08-18,Trastuzumab,19,2014-08-18,1,2,0,,,,,,
50614,S34/030,E34/011,Bristol,34,191092,6 months,2014-08-18,Trastuzumab,20,2014-08-18,1,8,0,,,,,,
48890,S33/009,E33/004,Mid Yorkshire,33,193338,12 months,2014-09-23,Trastuzumab,21,2014-09-23,1,5,1,1,0,0,0,0,0
49080,S35/013,E35/004,Chesterfield,35,193647,12 months,2014-10-15,Trastuzumab,22,2014-10-15,1,6,1,1,0,0,0,0,0
49239,S19/030,E19/008,Royal Lancaster Infirmary,19,194212,12 months,2014-10-09,Trastuzumab,23,2014-10-16,1,8,1,1,0,0,0,0,0
50188,S21/028,E21/012,Grantham,21,194239,6 months,2014-10-02,Trastuzumab,24,2014-10-02,1,4,1,0,1,0,1,1,0
50794,S15/094,E15/042,Leeds Teaching Hospitals,15,194262,6 months,2014-10-16,Trastuzumab,25,2014-10-20,1,2,0,,,,,,
48859,S25/002,E25/002,Nottingham University Hospital,25,192866,12 months,2014-09-16,Trastuzumab,26,2014-09-16,1,11,0,,,,,,
50684,S17/047,E17/047,Cardiff,17,199473,6 months,2014-10-27,Trastuzumab,27,2014-10-07,1,4,1,0,0,0,1,0,0
51097,S23/030,E23/009,Pilgrim,23,199691,6 months,2014-10-28,Trastuzumab,28,2014-10-28,1,2,0,,,,,,
49943,S19/049,E19/013,Royal Lancaster Infirmary,19,194310,6 months,2014-06-12,Trastuzumab,29,2014-06-12,1,6,0,,,,,,
51296,S34/048,E34/020,Bristol,34,199968,6 months,2014-10-16,Trastuzumab,30,2014-10-16,1,6,0,,,,,,
49553,S15/044,E15/016,Leeds Teaching Hospitals,15,200751,12 months,2014-11-17,Trastuzumab,31,2014-11-17,1,7,0,,,,,,
52152,S38/018,E38/018,Kingston Hospital,38,200963,6 weeks,2014-11-12,Trastuzumab,32,2014-11-13,1,2,0,,,,,,
51562,S31/026,E31/016,Dorset County Hospital,31,201043,6 months,2014-11-13,Trastuzumab,33,2014-11-13,1,1,0,,,,,,
51534,S23/037,E23/013,Pilgrim,23,201932,6 months,2014-12-02,Trastuzumab,34,2014-12-02,1,3,0,,,,,,
51621,S15/127,E15/048,Leeds Teaching Hospitals,15,202296,6 months,2014-12-09,Trastuzumab,35,2014-12-09,1,4,0,,,,,,
51345,S26/025,E26/025,Southport and Ormskirk,26,202301,6 months,2014-12-08,Trastuzumab,36,2014-12-08,1,3,1,0,1,1,0,1,1
52371,S24/043,E24/043,Hull and East Yorkshire - Castle Hill,24,202334,6 weeks,2014-12-09,Trastuzumab,37,2014-12-09,1,2,1,0,1,1,0,0,0
51606,S34/070,E34/024,Bristol,34,202752,6 months,2014-12-03,Trastuzumab,38,2014-12-03,1,7,1,0,1,0,1,0,0
49943,S19/049,E19/013,Royal Lancaster Infirmary,19,202855,12 months,2014-11-13,Trastuzumab,40,2014-11-13,1,9,0,,,,,,
48871,S01/048,E01/024,Sheffield,01,203616,12 months,2014-09-15,Trastuzumab,41,2014-09-15,1,8,0,,,,,,
48731,S04/008,E04/004,Milton Keynes,04,203960,18 months,2015-01-08,Trastuzumab,42,2015-01-08,1,9,1,0,1,0,0,0,0
53004,S01/103,E01/051,Sheffield,01,204004,6 months,2014-10-27,Trastuzumab,43,2014-10-27,1,1,1,0,0,0,0,0,0
51841,S24/035,E24/035,Hull and East Yorkshire - Castle Hill,24,204616,6 months,2015-01-15,Trastuzumab,44,2015-01-15,1,7,0,,,,,,
51001,S15/111,E15/041,Leeds Teaching Hospitals,15,204619,6 months,2014-10-31,Trastuzumab,45,2014-10-31,1,4,0,,,,,,
51629,S15/132,E15/049,Leeds Teaching Hospitals,15,204625,6 months,2015-01-23,Trastuzumab,46,2015-01-23,1,5,0,,,,,,
49896,S16/039,E16/018,Bradford,16,204768,12 months,2015-01-27,Trastuzumab,47,2015-01-27,1,7,1,0,1,1,0,0,0
50614,S34/030,E34/011,Bristol,34,205400,12 months,2015-01-30,Trastuzumab,48,2015-01-30,1,8,0,,,,,,
51873,S12/149,E12/033,York,12,205469,6 months,2015-01-23,Trastuzumab,49,2015-01-23,1,6,1,0,0,1,1,0,0
50488,S34/026,E34/009,Bristol,34,206041,12 months,2015-02-10,Trastuzumab,51,2015-02-10,1,8,0,,,,,,
50368,S19/073,E19/016,Royal Lancaster Infirmary,19,206056,12 months,2015-02-10,Trastuzumab,52,2015-02-10,1,8,0,,,,,,
52014,S12/153,E12/035,York,12,193589,6 months,2015-02-12,Trastuzumab,53,2015-02-12,1,5,1,0,0,1,0,0,0
53026,S38/033,E38/033,Kingston Hospital,38,206919,6 weeks,2015-02-11,Trastuzumab,54,2015-02-11,1,1,0,,,,,,
50244,S15/072,E15/023,Leeds Teaching Hospitals,15,207028,12 months,2015-02-09,Trastuzumab,55,2015-02-09,1,9,0,,,,,,
51566,S23/039,E23/017,Pilgrim,23,208163,6 months,2015-02-24,Trastuzumab,58,2015-02-24,1,5,0,,,,,,
48859,S25/002,E25/002,Nottingham University Hospital,25,208230,18 months,2015-02-10,Trastuzumab,59,2015-02-10,1,6,0,,,,,,
51778,S15/141,E15/054,Leeds Teaching Hospitals,15,208693,6 months,2015-03-16,Trastuzumab,60,2015-03-16,1,,,,,,,,
52152,S38/018,E38/018,Kingston Hospital,38,208915,6 months,2015-03-18,Trastuzumab,61,2015-03-18,1,5,0,,,,,,
50678,S08/064,E08/064,East Lancashire,08,208947,6 months,2014-09-25,Trastuzumab,62,2014-09-25,1,5,0,,,,,,
52366,S21/040,E21/015,Grantham,21,209976,6 months,2015-02-19,Trastuzumab,63,2015-02-19,1,2,0,,,,,,
52371,S24/043,E24/043,Hull and East Yorkshire - Castle Hill,24,210011,6 months,2015-03-23,Trastuzumab,65,2015-03-23,1,4,0,,,,,,
49239,S19/030,E19/008,Royal Lancaster Infirmary,19,202342,18 months,2015-04-10,Trastuzumab,66,2015-04-10,1,5,0,,,,,,
50684,S17/047,E17/047,Cardiff,17,210770,12 months,2015-04-13,Trastuzumab,67,2015-04-13,1,7,0,,,,,,
52066,S38/015,E38/015,Kingston Hospital,38,211089,6 months,2015-04-15,Trastuzumab,68,2015-04-15,1,5,0,,,,,,
52043,S14/077,E14/012,Airedale,14,208311,6 months,2015-03-12,Trastuzumab,69,2015-03-12,1,5,1,0,0,1,1,0,0
50822,S16/058,E16/029,Bradford,16,211119,12 months,2015-04-21,Trastuzumab,70,2015-04-21,1,8,1,0,0,0,0,1,0
50188,S21/028,E21/012,Grantham,21,211205,12 months,2015-01-21,Trastuzumab,71,2015-01-21,1,3,0,,,,,,
51296,S34/048,E34/020,Bristol,34,213666,12 months,2015-05-06,Trastuzumab,72,2015-05-07,1,9,0,,,,,,
52866,S01/141,E01/063,Sheffield,01,208779,6 months,2015-02-26,Trastuzumab,73,2015-03-24,1,1,0,,,,,,
51606,S34/070,E34/024,Bristol,34,215426,12 months,2015-05-28,Trastuzumab,74,2015-05-28,1,2,1,0,1,0,1,0,0
51629,S15/132,E15/049,Leeds Teaching Hospitals,15,205461,12 months,2015-06-08,Trastuzumab,75,2015-06-08,1,5,1,0,0,0,1,0,0
52122,S16/103,E16/051,Bradford,16,215959,6 months,2015-05-20,Trastuzumab,76,2015-05-20,1,5,0,,,,,,
52624,S35/163,E35/023,Chesterfield,35,215772,6 months,2015-05-21,Trastuzumab,77,2015-05-21,1,1,0,,,,,,
54908,S18/023,E18/023,Aneurin Bevan Health Board,18,216101,6 months,2015-05-22,Trastuzumab,78,2015-05-22,1,,0,,,,,,
51621,S15/127,E15/048,Leeds Teaching Hospitals,15,216122,12 months,2015-06-16,Trastuzumab,79,2015-06-16,1,9,0,,,,,,
52874,S16/123,E16/058,Bradford,16,216933,6 months,2015-06-16,Trastuzumab,80,2015-06-16,1,5,1,0,0,1,1,0,0
51566,S23/039,E23/017,Pilgrim,23,216948,12 months,2015-06-22,Trastuzumab,81,2015-06-09,1,10,0,,,,,,
52976,S25/124,E25/048,Nottingham University Hospital,25,217269,6 months,2015-06-02,Trastuzumab,82,2015-06-02,1,2,0,,,,,,
49943,S19/049,E19/013,Royal Lancaster Infirmary,19,203618,18 months,2015-03-05,Trastuzumab,83,2015-03-05,1,9,0,,,,,,
50614,S34/030,E34/011,Bristol,34,218483,18 months,2015-07-01,Trastuzumab,84,2015-07-01,1,2,0,,,,,,
51001,S15/111,E15/041,Leeds Teaching Hospitals,15,218628,12 months,2015-07-08,Trastuzumab,85,2015-07-08,1,10,0,,,,,,
52568,S12/052,E12/016,York,12,218522,6 months,2015-07-07,Trastuzumab,86,2015-07-14,1,8,1,0,0,0,0,0,0
53154,S13/029,E13/029,Royal Liverpool and Broadgreen,13,220597,6 months,2015-01-20,Trastuzumab,87,2015-01-20,1,9,0,,,,,,
53154,S13/029,E13/029,Royal Liverpool and Broadgreen,13,220598,12 months,2015-07-10,Trastuzumab,88,2015-07-10,1,8,0,,,,,,
51873,S12/149,E12/033,York,12,220624,12 months,2015-07-23,Trastuzumab,89,2015-07-23,1,8,1,0,0,0,1,0,0
53026,S38/033,E38/033,Kingston Hospital,38,220722,6 months,2015-07-22,Trastuzumab,90,2015-07-22,1,7,1,0,1,0,1,0,0
51573,S31/028,E31/017,Dorset County Hospital,31,217358,12 months,2015-06-11,Trastuzumab,91,2015-06-11,1,11,0,,,,,,
50488,S34/026,E34/009,Bristol,34,221652,18 months,2015-08-06,Trastuzumab,92,2015-08-06,1,8,0,,,,,,
50368,S19/073,E19/016,Royal Lancaster Infirmary,19,222723,18 months,2015-08-17,Trastuzumab,93,2015-08-17,1,2,0,,,,,,
55751,S20/043,E20/004,Coventry and Warwickshire,20,223296,12 months,2015-01-17,Trastuzumab,94,2015-01-17,1,2,1,1,0,0,0,0,0
52014,S12/153,E12/035,York,12,193590,12 months,2015-08-24,Trastuzumab,95,2015-08-11,1,9,0,,,,,,
53460,S01/166,E01/078,Sheffield,01,224202,6 months,2015-07-23,Trastuzumab,96,2015-06-16,1,6,0,,,,,,
53527,S34/149,E34/048,Bristol,34,224689,6 months,2015-08-25,Trastuzumab,97,2015-08-25,1,1,0,,,,,,
52122,S16/103,E16/051,Bradford,16,225297,12 months,2015-08-27,Trastuzumab,98,2015-08-27,1,10,0,,,,,,
50244,S15/072,E15/023,Leeds Teaching Hospitals,15,225370,18 months,2015-08-18,Trastuzumab,99,2015-08-18,1,3,0,,,,,,
53478,S44/019,E44/018,Luton,44,225729,6 months,2015-09-04,Trastuzumab,100,2015-09-04,1,4,0,,,,,,
53781,S46/003,E46/003,Tameside Hospital,46,225738,6 months,2015-09-15,Trastuzumab,101,2015-09-15,1,6,1,0,0,0,1,0,0
52183,S19/156,E19/039,Royal Lancaster Infirmary,19,226001,12 months,2015-09-22,Trastuzumab,102,2015-09-22,1,8,1,0,0,0,1,0,0
51967,S14/073,E14/011,Airedale,14,226346,12 months,2015-09-24,Trastuzumab,103,2015-09-24,1,9,1,0,0,1,0,0,0
52043,S14/077,E14/012,Airedale,14,227484,12 months,2015-10-01,Trastuzumab,104,2015-10-01,1,9,0,,,,,,
51296,S34/048,E34/020,Bristol,34,228572,18 months,2015-10-09,Trastuzumab,105,2015-10-09,1,3,0,,,,,,
50822,S16/058,E16/029,Bradford,16,228577,18 months,2015-10-13,Trastuzumab,106,2015-10-13,1,8,0,,,,,,
52871,S01/163,E01/074,Sheffield,01,216974,6 months,2015-06-01,Trastuzumab,107,2015-06-05,1,1,,,,,,,
51778,S15/141,E15/054,Leeds Teaching Hospitals,15,229298,12 months,2015-07-10,Trastuzumab,108,2015-07-10,1,,,,,,,,
52195,S33/089,E33/040,Mid Yorkshire,33,229431,6 months,2015-03-26,Trastuzumab,109,2015-03-26,1,4,0,,,,,,
52195,S33/089,E33/040,Mid Yorkshire,33,229432,12 months,2015-08-06,Trastuzumab,110,2015-08-06,1,8,0,,,,,,
52866,S01/141,E01/063,Sheffield,01,227687,12 months,2015-09-17,Trastuzumab,111,2015-07-15,1,7,1,0,0,0,0,0,0
50794,S15/094,E15/042,Leeds Teaching Hospitals,15,229626,18 months,2015-10-23,Trastuzumab,112,2015-10-23,1,3,0,,,,,,
51720,S36/054,E36/022,Rotherham,36,229636,6 months,2015-01-16,Trastuzumab,113,2015-01-16,1,4,0,,,,,,
51720,S36/054,E36/022,Rotherham,36,229642,12 months,2015-07-17,Trastuzumab,114,2015-07-17,1,5,0,,,,,,
47967,S01/018,E01/008,Sheffield,01,186914,12 months,2014-05-01,Trastuzumab,115,2014-04-29,1,6,0,,,,,,
50678,S08/064,E08/064,East Lancashire,08,230243,12 months,2015-06-26,Trastuzumab,116,2015-06-26,1,12,0,,,,,,
53693,S39/058,E39/028,Essex County Hospital,39,230656,6 months,2015-11-03,Trastuzumab,117,2015-11-03,1,11,0,,,,,,
50188,S21/028,E21/012,Grantham,21,230678,18 months,2015-07-02,Trastuzumab,118,2015-07-02,1,10,0,,,,,,
48731,S04/008,E04/004,Milton Keynes,04,230828,24 months,2015-11-05,Trastuzumab,119,2015-11-05,1,9,0,,,,,,
52568,S12/052,E12/016,York,12,231621,12 months,2015-11-12,Trastuzumab,120,2015-10-26,1,0,0,,,,,,
51629,S15/132,E15/049,Leeds Teaching Hospitals,15,231683,18 months,2015-11-12,Trastuzumab,121,2015-11-12,1,3,0,,,,,,
52624,S35/163,E35/023,Chesterfield,35,231749,12 months,2015-11-16,Trastuzumab,122,2015-11-16,1,7,1,1,0,0,0,0,0
54908,S18/023,E18/023,Aneurin Bevan Health Board,18,232466,12 months,2015-11-24,Trastuzumab,123,2015-11-24,1,,0,,,,,,
52152,S38/018,E38/018,Kingston Hospital,38,232619,12 months,2015-11-25,Trastuzumab,124,2015-11-25,1,10,0,,,,,,
52371,S24/043,E24/043,Hull and East Yorkshire - Castle Hill,24,210000,12 months,2015-03-23,Trastuzumab,125,2015-11-17,1,11,0,,,,,,
53235,S04/073,E04/025,Milton Keynes,04,232790,6 months,2015-08-26,Trastuzumab,126,2015-08-26,1,8,0,,,,,,
53213,S17/101,E17/078,Cardiff,17,233022,6 months,2015-08-17,Trastuzumab,127,2015-08-17,1,5,0,,,,,,
51606,S34/070,E34/024,Bristol,34,233951,18 months,2015-12-09,Trastuzumab,128,2015-12-09,1,4,0,,,,,,
56734,S19/271,E19/069,Royal Lancaster Infirmary,19,233998,6 weeks,2015-12-10,Trastuzumab,129,2015-12-10,1,1,0,,,,,,
54705,S13/097,E13/097,Royal Liverpool and Broadgreen,13,234068,6 months,2015-12-11,Trastuzumab,130,2015-12-11,1,5,0,,,,,,
52104,S26/040,E26/040,Southport and Ormskirk,26,234238,12 months,2015-09-14,Trastuzumab,131,2015-09-16,1,12,1,0,1,0,0,1,0
51345,S26/025,E26/025,Southport and Ormskirk,26,234268,12 months,2015-06-08,Trastuzumab,132,2015-06-08,1,9,1,0,1,1,0,0,0
53026,S38/033,E38/033,Kingston Hospital,38,234282,12 months,2015-12-15,Trastuzumab,133,2015-12-15,1,7,1,0,1,0,0,0,0
54314,S33/143,E33/056,Mid Yorkshire,33,234434,6 months,2015-10-09,Trastuzumab,134,2015-10-09,1,1,0,,,,,,
51189,S14/068,E14/010,Airedale,14,233539,18 months,2015-12-21,Trastuzumab,135,2015-12-21,1,3,0,,,,,,
49553,S15/044,E15/016,Leeds Teaching Hospitals,15,235506,18 months,2015-05-29,Trastuzumab,136,2015-05-29,1,6,0,,,,,,
55091,S28/141,E28/066,The Royal Marsden,28,236198,6 months,2016-01-19,Trastuzumab,137,2016-01-19,1,6,0,,,,,,
55565,S25/159,E25/061,Nottingham University Hospital,25,236273,6 months,2016-01-05,Trastuzumab,138,2016-01-05,1,5,0,,,,,,
55477,S15/275,E15/104,Leeds Teaching Hospitals,15,236541,6 months,2016-01-21,Trastuzumab,139,2016-01-21,1,6,0,,,,,,
52252,S24/040,E24/040,Hull and East Yorkshire - Castle Hill,24,236650,6 months,2015-05-21,Trastuzumab,140,2015-05-21,1,9,0,,,,,,
55485,S33/167,E33/065,Mid Yorkshire,33,237137,6 months,2016-01-08,Trastuzumab,141,2016-01-08,1,3,1,0,0,0,1,0,0
52871,S01/163,E01/074,Sheffield,01,231965,12 months,2015-11-12,Trastuzumab,142,2015-12-08,1,9,0,,,,,,
52874,S16/123,E16/058,Bradford,16,237998,12 months,2016-02-04,Trastuzumab,143,2016-02-04,1,11,0,,,,,,
53415,S31/054,E31/034,Dorset County Hospital,31,238311,12 months,2016-02-05,Trastuzumab,144,2016-02-05,1,8,0,,,,,,
51967,S14/073,E14/011,Airedale,14,207943,6 months,2015-03-04,Trastuzumab,145,2015-03-04,1,3,1,0,0,1,0,0,0
51967,S14/073,E14/011,Airedale,14,238639,18 months,2016-02-11,Trastuzumab,146,2016-02-11,1,5,0,,,,,,
53478,S44/019,E44/018,Luton,44,238714,12 months,2016-02-12,Trastuzumab,147,2016-02-12,1,8,1,0,0,0,1,0,0
51873,S12/149,E12/033,York,12,238816,18 months,2016-02-18,Trastuzumab,148,2016-02-18,1,9,0,,,,,,
53799,S19/204,E19/052,Royal Lancaster Infirmary,19,227856,6 months,2015-10-02,Trastuzumab,149,2015-10-06,1,5,1,0,0,1,1,0,0
52014,S12/153,E12/035,York,12,239412,18 months,2016-02-18,Trastuzumab,150,2016-02-18,1,2,0,,,,,,
53004,S01/103,E01/051,Sheffield,01,204003,12 months,2015-05-15,Trastuzumab,151,2015-08-07,1,5,1,1,0,0,0,0,0
52976,S25/124,E25/048,Nottingham University Hospital,25,235523,12 months,2016-01-27,Trastuzumab,152,2016-01-27,1,13,0,,,,,,
58269,S53/008,E53/004,Brighton Hospital,53,239733,6 weeks,2016-01-25,Trastuzumab,153,2016-01-25,1,3,0,,,,,,
52122,S16/103,E16/051,Bradford,16,239802,18 months,2016-02-25,Trastuzumab,154,2016-02-25,1,3,0,,,,,,
53781,S46/003,E46/003,Tameside Hospital,46,240739,12 months,2016-03-18,Trastuzumab,155,2016-03-18,1,8,0,,,,,,
52568,S12/052,E12/016,York,12,243638,18 months,2016-04-04,Trastuzumab,156,2016-04-04,1,4,0,,,,,,
52916,S04/069,E04/023,Milton Keynes,04,243918,12 months,2016-01-22,Trastuzumab,157,2016-01-22,1,8,0,,,,,,
52916,S04/069,E04/023,Milton Keynes,04,221276,6 months,2015-07-30,Trastuzumab,158,2015-07-30,1,3,0,,,,,,
52183,S19/156,E19/039,Royal Lancaster Infirmary,19,243610,18 months,2016-04-01,Trastuzumab,159,2016-04-01,1,6,1,1,0,0,0,0,0
56283,S19/263,E19/068,Royal Lancaster Infirmary,19,244271,6 months,2016-04-13,Trastuzumab,160,2016-04-13,1,3,0,,,,,,
56107,S04/101,E04/041,Milton Keynes,04,243603,6 months,2016-03-30,Trastuzumab,161,2016-03-30,1,6,1,0,1,0,0,0,0
51001,S15/111,E15/041,Leeds Teaching Hospitals,15,229594,18 months,2015-10-19,Trastuzumab,162,2015-10-19,1,3,0,,,,,,
53213,S17/101,E17/078,Cardiff,17,244836,12 months,2016-04-08,Trastuzumab,163,2016-04-08,1,9,0,,,,,,
52043,S14/077,E14/012,Airedale,14,244953,18 months,2016-04-14,Trastuzumab,164,2016-04-14,1,6,0,,,,,,
53235,S04/073,E04/025,Milton Keynes,04,238890,12 months,2016-02-10,Trastuzumab,165,2016-02-10,1,8,0,,,,,,
56734,S19/271,E19/069,Royal Lancaster Infirmary,19,245587,6 months,2016-05-03,Trastuzumab,167,2016-05-03,1,6,0,,,,,,
56415,S14/143,E14/034,Airedale,14,245697,6 months,2016-04-26,Trastuzumab,168,2016-04-26,1,4,0,,,,,,
49552,S08/033,E08/033,East Lancashire,08,246829,12 months,2014-12-22,Trastuzumab,169,2014-12-22,1,10,0,,,,,,
49552,S08/033,E08/033,East Lancashire,08,246831,18 months,2015-02-20,Trastuzumab,170,2015-02-20,1,3,0,,,,,,
52871,S01/163,E01/074,Sheffield,01,247046,18 months,2016-05-20,Trastuzumab,171,2016-05-20,1,3,0,,,,,,
61328,S47/012,E47/012,Macclesfield Hospital,47,247447,6 weeks,2016-05-25,Trastuzumab,172,2016-05-25,1,1,0,,,,,,
53799,S19/204,E19/052,Royal Lancaster Infirmary,19,247708,12 months,2016-05-10,Trastuzumab,173,2016-05-10,1,10,0,,,,,,
54705,S13/097,E13/097,Royal Liverpool and Broadgreen,13,248048,12 months,2016-06-15,Trastuzumab,174,2016-06-15,1,7,0,,,,,,
57312,S33/205,E33/081,Mid Yorkshire,33,248331,6 months,2016-05-18,Trastuzumab,175,2016-05-18,1,4,1,0,0,0,1,0,0
54314,S33/143,E33/056,Mid Yorkshire,33,249154,12 months,2016-06-10,Trastuzumab,176,2016-06-10,1,12,0,,,,,,
51606,S34/070,E34/024,Bristol,34,249166,24 months,2016-07-01,Trastuzumab,177,2016-07-01,1,9,1,0,1,0,0,0,0
52874,S16/123,E16/058,Bradford,16,249285,18 months,2016-06-30,Trastuzumab,178,2016-06-30,1,2,0,,,,,,
58269,S53/008,E53/004,Brighton Hospital,53,249482,6 months,2016-05-03,Trastuzumab,179,2016-05-03,1,5,0,,,,,,
52916,S04/069,E04/023,Milton Keynes,04,249704,18 months,2016-06-17,Trastuzumab,180,2016-06-17,1,7,1,0,1,0,0,0,0
55091,S28/141,E28/066,The Royal Marsden,28,249767,12 months,2016-07-08,Trastuzumab,181,2016-07-08,1,8,0,,,,,,
58113,S27/130,E27/048,Leighton Hospital Mid Cheshire Hospitals,27,249912,6 months,2016-07-07,Trastuzumab,182,2016-07-07,1,7,0,,,,,,
58846,S25/191,E25/072,Nottingham University Hospital,25,250383,6 months,2016-07-05,Trastuzumab,183,2016-07-05,1,2,0,,,,,,
57955,S44/043,E44/035,Luton,44,252029,6 months,2016-07-26,Trastuzumab,184,2016-07-26,1,5,0,,,,,,
51778,S15/141,E15/054,Leeds Teaching Hospitals,15,244683,18 months,2016-01-07,Trastuzumab,185,2016-01-07,1,,0,,,,,,
62313,S50/020,E50/011,Wythenshawe Hospital,50,252458,6 weeks,2016-07-28,Trastuzumab,186,2016-07-28,1,1,0,,,,,,
55477,S15/275,E15/104,Leeds Teaching Hospitals,15,252855,12 months,2016-07-25,Trastuzumab,187,2016-07-25,1,6,0,,,,,,
52104,S26/040,E26/040,Southport and Ormskirk,26,234217,6 months,2015-03-16,Trastuzumab,188,2015-03-16,1,4,0,,,,,,
57907,S30/070,E30/032,Guys and St Thomas,30,253082,6 months,2016-07-11,Trastuzumab,189,2016-07-11,1,7,0,,,,,,
58918,S17/140,E17/140,Cardiff,17,253337,6 months,2016-08-03,Trastuzumab,190,2016-08-03,1,2,1,0,0,1,0,0,0
55565,S25/159,E25/061,Nottingham University Hospital,25,253634,12 months,2016-07-26,Trastuzumab,191,2016-07-26,1,10,0,,,,,,
62674,S13/189,E13/189,Royal Liverpool and Broadgreen,13,253672,6 weeks,2016-08-05,Trastuzumab,192,2016-08-05,1,2,0,,,,,,
55485,S33/167,E33/065,Mid Yorkshire,33,253690,12 months,2016-08-05,Trastuzumab,193,2016-08-05,1,10,1,0,0,0,1,0,0
51778,S15/141,E15/054,Leeds Teaching Hospitals,15,252391,24 months,2016-07-22,Trastuzumab,194,2016-06-22,1,,,,,,,,
53693,S39/058,E39/028,Essex County Hospital,39,230655,12 months,2016-04-05,Trastuzumab,195,2016-04-05,1,7,1,0,1,0,0,0,0
53415,S31/054,E31/034,Dorset County Hospital,31,254472,18 months,2016-08-11,Trastuzumab,196,2016-08-11,1,8,0,,,,,,
58359,S39/097,E39/044,Essex County Hospital,39,255932,6 months,2016-06-06,Trastuzumab,197,2016-06-06,1,5,0,,,,,,
58865,S18/026,E18/026,Aneurin Bevan Health Board,18,255505,6 months,2016-08-22,Trastuzumab,198,2016-08-22,1,9,0,,,,,,
59154,S33/214,E33/088,Mid Yorkshire,33,256782,6 months,2016-08-05,Trastuzumab,199,2016-08-05,1,3,0,,,,,,
59378,S13/164,E13/164,Royal Liverpool and Broadgreen,13,256905,6 months,2016-09-07,Trastuzumab,200,2016-09-07,1,5,1,0,0,1,0,0,0
53235,S04/073,E04/025,Milton Keynes,04,257104,18 months,2016-09-07,Trastuzumab,201,2016-09-07,1,2,0,,,,,,
52104,S26/040,E26/040,Southport and Ormskirk,26,248443,18 months,2016-01-18,Trastuzumab,202,2016-01-18,1,6,0,,,,,,
53781,S46/003,E46/003,Tameside Hospital,46,258635,18 months,2016-09-21,Trastuzumab,203,2016-09-21,1,10,0,,,,,,
48994,S10/025,E10/012,St. Helens and Knowsley,10,193248,12 months,2014-09-12,Trastuzumab,204,2014-09-12,1,4,1,1,0,0,0,0,0
51534,S23/037,E23/013,Pilgrim,23,259024,12 months,2015-05-26,Trastuzumab,205,2015-05-26,1,3,0,,,,,,
51534,S23/037,E23/013,Pilgrim,23,259032,18 months,2015-11-29,Trastuzumab,206,2015-11-29,1,12,0,,,,,,
59209,S16/187,E16/088,Bradford,16,259142,6 months,2016-09-23,Trastuzumab,207,2016-09-23,1,2,0,,,,,,
52183,S19/156,E19/039,Royal Lancaster Infirmary,19,259670,24 months,2016-09-28,Trastuzumab,208,2016-09-28,1,3,1,1,0,1,1,0,0
50860,S24/022,E24/022,Hull and East Yorkshire - Castle Hill,24,261050,12 months,2015-03-12,Trastuzumab,209,2015-03-12,1,5,0,,,,,,
60934,S33/235,E33/090,Mid Yorkshire,33,262182,6 months,2016-09-07,Trastuzumab,210,2016-09-07,1,6,1,0,0,1,1,0,0
50860,S24/022,E24/022,Hull and East Yorkshire - Castle Hill,24,262218,18 months,2015-09-15,Trastuzumab,211,2015-09-15,1,12,0,,,,,,
61328,S47/012,E47/012,Macclesfield Hospital,47,262509,6 months,2016-09-21,Trastuzumab,212,2016-09-21,1,9,0,,,,,,
56415,S14/143,E14/034,Airedale,14,262825,12 months,2016-10-11,Trastuzumab,213,2016-10-11,1,7,0,,,,,,
55978,S25/168,E25/063,Nottingham University Hospital,25,262869,12 months,2016-10-04,Trastuzumab,214,2016-10-04,1,9,0,,,,,,
51566,S23/039,E23/017,Pilgrim,23,263913,18 months,2015-12-16,Trastuzumab,215,2015-12-16,1,8,0,,,,,,
56283,S19/263,E19/068,Royal Lancaster Infirmary,19,264283,12 months,2016-10-18,Trastuzumab,216,2016-10-18,1,7,1,1,0,0,0,0,0
53478,S44/019,E44/018,Luton,44,264827,18 months,2016-10-14,Trastuzumab,217,2016-10-14,1,1,0,,,,,,
56107,S04/101,E04/041,Milton Keynes,04,245556,12 months,2016-03-30,Trastuzumab,218,2016-09-14,1,12,0,,,,,,
62284,S03/154,E03/039,Doncaster,03,266212,6 months,2016-11-01,Trastuzumab,219,2016-11-01,1,2,0,,,,,,
61215,S41/042,E41/033,Croydon University Hospital,41,266788,6 months,2016-10-25,Trastuzumab,220,2016-10-25,1,4,0,,,,,,
56734,S19/271,E19/069,Royal Lancaster Infirmary,19,266961,12 months,2016-11-07,Trastuzumab,221,2016-11-07,1,8,0,,,,,,
62319,S25/213,E25/077,Nottingham University Hospital,25,267995,6 months,2016-11-08,Trastuzumab,222,2016-11-08,1,1,0,,,,,,
54314,S33/143,E33/056,Mid Yorkshire,33,268165,18 months,2016-10-10,Trastuzumab,223,2016-10-10,1,5,0,,,,,,
62202,S46/031,E46/031,Tameside Hospital,46,268958,6 months,2016-11-22,Trastuzumab,224,2016-11-22,1,7,0,,,,,,
62309,S13/180,E13/180,Royal Liverpool and Broadgreen,13,269354,6 months,2016-11-25,Trastuzumab,225,2016-11-25,1,7,1,0,0,1,1,0,0
55804,S35/207,E35/035,Chesterfield,35,270615,12 months,2016-09-13,Trastuzumab,226,2016-09-13,1,8,0,,,,,,
62637,S18/034,E18/034,Aneurin Bevan Health Board,18,271112,6 months,2016-12-14,Trastuzumab,227,2016-12-14,1,3,0,,,,,,
62431,S27/150,E27/057,Leighton Hospital Mid Cheshire Hospitals,27,271426,6 months,2016-12-09,Trastuzumab,228,2016-10-18,1,8,0,,,,,,
62230,S27/147,E27/056,Leighton Hospital Mid Cheshire Hospitals,27,271131,6 months,2016-11-13,Trastuzumab,229,2016-11-13,1,7,0,,,,,,
62313,S50/020,E50/011,Wythenshawe Hospital,50,271455,6 months,2016-12-20,Trastuzumab,230,2016-12-20,1,7,0,,,,,,
62667,S09/108,E09/077,Harrogate,09,271458,6 months,2016-12-15,Trastuzumab,231,2016-12-15,1,6,0,,,,,,
57497,S25/181,E25/069,Nottingham University Hospital,25,271579,12 months,2016-11-22,Trastuzumab,232,2016-11-22,1,10,0,,,,,,
54705,S13/097,E13/097,Royal Liverpool and Broadgreen,13,271671,18 months,2016-12-22,Trastuzumab,233,2016-12-22,1,11,0,,,,,,
68827,S50/028,E50/022,Wythenshawe Hospital,50,271774,6 weeks,2016-12-28,Trastuzumab,234,2016-12-28,1,4,0,,,,,,
57312,S33/205,E33/081,Mid Yorkshire,33,271910,12 months,2016-12-21,Trastuzumab,235,2016-12-21,1,13,0,,,,,,
58846,S25/191,E25/072,Nottingham University Hospital,25,272004,12 months,2016-12-20,Trastuzumab,236,2016-12-20,1,8,0,,,,,,
62674,S13/189,E13/189,Royal Liverpool and Broadgreen,13,272153,6 months,2017-01-06,Trastuzumab,237,2017-01-06,1,7,0,,,,,,
63589,S35/242,E35/044,Chesterfield,35,272266,6 months,2017-01-09,Trastuzumab,238,2017-01-09,1,3,0,,,,,,
58113,S27/130,E27/048,Leighton Hospital Mid Cheshire Hospitals,27,273096,12 months,2017-01-07,Trastuzumab,240,2017-01-07,1,9,0,,,,,,
63117,S13/195,E13/195,Royal Liverpool and Broadgreen,13,274568,6 months,2017-01-18,Trastuzumab,242,2017-01-18,1,6,1,0,0,1,1,0,0
55565,S25/159,E25/061,Nottingham University Hospital,25,274627,18 months,2016-11-01,Trastuzumab,243,2016-11-01,1,2,0,,,,,,
55485,S33/167,E33/065,Mid Yorkshire,33,276463,18 months,2016-11-04,Trastuzumab,244,2016-11-04,1,7,0,,,,,,
62756,S19/366,E19/098,Royal Lancaster Infirmary,19,276673,6 months,2017-01-24,Trastuzumab,245,2017-01-24,1,5,0,,,,,,
55477,S15/275,E15/104,Leeds Teaching Hospitals,15,276672,18 months,2017-01-26,Trastuzumab,246,2017-01-26,1,2,0,,,,,,
58865,S18/026,E18/026,Aneurin Bevan Health Board,18,276918,12 months,2017-01-27,Trastuzumab,247,2017-01-27,1,15,1,1,0,0,0,0,0
62656,S53/064,E53/014,Brighton Hospital,53,274794,6 months,2016-12-20,Trastuzumab,248,2016-12-20,1,3,0,,,,,,
62574,S46/034,E46/034,Tameside Hospital,46,272911,6 months,2016-12-22,Trastuzumab,249,2016-12-22,1,4,0,,,,,,
62853,S05/175,E05/081,Scunthorpe and Grimsby,05,271732,6 months,2016-12-07,Trastuzumab,250,2016-11-21,1,1,0,,,,,,
57955,S44/043,E44/035,Luton,44,279582,12 months,2017-01-10,Trastuzumab,251,2017-01-10,1,8,1,1,0,1,0,1,0
64625,S27/161,E27/061,Leighton Hospital Mid Cheshire Hospitals,27,261054,6 months,2017-02-09,Trastuzumab,252,2017-02-09,1,2,0,,,,,,
63903,S33/261,E33/103,Mid Yorkshire,33,280711,6 months,2016-12-22,Trastuzumab,253,2016-12-22,1,6,0,,,,,,
65354,S03/173,E03/046,Doncaster,03,280735,6 months,2017-02-13,Trastuzumab,254,2017-02-13,1,18,1,0,0,0,1,0,0
59209,S16/187,E16/088,Bradford,16,280756,12 months,2017-02-07,Trastuzumab,255,2017-02-07,1,6,0,,,,,,
63168,S06/050,E06/029,Leicester,06,280875,6 months,2016-09-08,Trastuzumab,256,2016-09-08,1,1,0,,,,,,
55391,S32/033,E32/015,Mid Essex Hospital Services Trust,32,281209,6 months,2016-01-08,Trastuzumab,258,2016-01-08,1,6,0,,,,,,
55391,S32/033,E32/015,Mid Essex Hospital Services Trust,32,281216,12 months,2016-06-14,Trastuzumab,259,2016-06-14,1,7,0,,,,,,
55391,S32/033,E32/015,Mid Essex Hospital Services Trust,32,281332,18 months,2016-12-20,Trastuzumab,260,2016-12-20,1,5,0,,,,,,
63159,S06/045,E06/027,Leicester,06,281903,6 weeks,2016-02-01,Trastuzumab,261,2016-02-01,1,1,0,,,,,,
63159,S06/045,E06/027,Leicester,06,281905,6 months,2016-06-27,Trastuzumab,262,2016-06-27,1,7,0,,,,,,
63159,S06/045,E06/027,Leicester,06,281910,12 months,2017-01-09,Trastuzumab,263,2017-01-09,1,9,0,,,,,,
64001,S27/159,E27/060,Leighton Hospital Mid Cheshire Hospitals,27,282014,6 months,2017-01-29,Trastuzumab,264,2017-01-29,1,8,0,,,,,,
55804,S35/207,E35/035,Chesterfield,35,282044,18 months,2017-02-17,Trastuzumab,265,2017-02-17,1,7,0,,,,,,
59154,S33/214,E33/088,Mid Yorkshire,33,282100,12 months,2017-02-03,Trastuzumab,266,2017-02-03,1,8,0,,,,,,
65790,S41/050,E41/038,Croydon University Hospital,41,282266,6 months,2017-02-14,Trastuzumab,267,2017-02-14,1,5,1,0,0,0,1,0,0
62440,S53/047,E53/012,Brighton Hospital,53,282819,6 months,2016-11-07,Trastuzumab,268,2016-11-07,1,7,0,,,,,,
64288,S33/262,E33/104,Mid Yorkshire,33,283204,6 months,2017-01-11,Trastuzumab,269,2017-01-11,1,2,0,,,,,,
59378,S13/164,E13/164,Royal Liverpool and Broadgreen,13,284469,12 months,2017-03-08,Trastuzumab,270,2017-03-08,1,9,0,,,,,,
64826,S33/260,E33/105,Mid Yorkshire,33,284811,6 months,2017-03-09,Trastuzumab,271,2017-03-09,1,8,0,,,,,,
62778,S17/150,E17/150,Cardiff,17,285050,6 months,2017-01-03,Trastuzumab,272,2017-01-03,1,4,1,1,0,0,0,0,0
65767,S03/182,E03/049,Doncaster,03,285696,6 months,2017-03-16,Trastuzumab,273,2017-03-16,1,3,0,,,,,,
60934,S33/235,E33/090,Mid Yorkshire,33,285777,12 months,2017-02-08,Trastuzumab,274,2017-02-08,1,7,0,,,,,,
75219,S41/060,E41/044,Croydon University Hospital,41,287264,6 weeks,2017-03-22,Trastuzumab,275,2017-03-22,1,1,0,,,,,,
56737,S02/033,E02/033,Barnsley,02,244714,6 months,2016-04-02,Trastuzumab,276,2016-03-30,1,2,0,,,,,,
61328,S47/012,E47/012,Macclesfield Hospital,47,288721,12 months,2017-03-01,Trastuzumab,277,2017-03-01,1,7,1,1,0,0,0,0,0
55978,S25/168,E25/063,Nottingham University Hospital,25,289398,18 months,2017-03-28,Trastuzumab,278,2017-03-28,1,8,0,,,,,,
68381,S13/223,E13/223,Royal Liverpool and Broadgreen,13,290533,6 months,2017-04-27,Trastuzumab,279,2017-04-27,1,7,1,0,0,0,1,0,0
65132,S39/122,E39/052,Essex County Hospital,39,290977,6 months,2017-04-12,Trastuzumab,280,2017-04-12,1,,0,,,,,,
56415,S14/143,E14/034,Airedale,14,291022,18 months,2017-05-09,Trastuzumab,281,2017-05-04,1,7,0,,,,,,
74916,S56/010,E56/010,Oxford,56,290964,6 weeks,2017-05-03,Trastuzumab,282,2017-05-04,1,2,0,,,,,,
56737,S02/033,E02/033,Barnsley,02,291819,18 months,2017-04-18,Trastuzumab,283,2017-04-18,1,3,0,,,,,,
56737,S02/033,E02/033,Barnsley,02,291823,12 months,2017-01-16,Trastuzumab,284,2017-01-16,1,9,0,,,,,,
56734,S19/271,E19/069,Royal Lancaster Infirmary,19,292024,18 months,2017-05-12,Trastuzumab,285,2017-05-12,1,2,0,,,,,,
63168,S06/050,E06/029,Leicester,06,292046,12 months,2017-03-08,Trastuzumab,286,2017-03-08,1,8,0,,,,,,
57312,S33/205,E33/081,Mid Yorkshire,33,292121,18 months,2017-05-12,Trastuzumab,287,2017-05-12,1,8,0,,,,,,
62284,S03/154,E03/039,Doncaster,03,292408,12 months,2017-05-16,Trastuzumab,288,2017-05-16,1,13,0,,,,,,
55706,S02/029,E02/029,Barnsley,02,254870,12 months,2016-08-11,Trastuzumab,289,2016-08-11,1,6,0,,,,,,
68827,S50/028,E50/022,Wythenshawe Hospital,50,292730,6 months,2017-05-17,Trastuzumab,290,2017-05-17,1,18,0,,,,,,
62440,S53/047,E53/012,Brighton Hospital,53,290740,12 months,2017-04-21,Trastuzumab,291,2017-04-21,1,4,1,0,0,0,1,0,0
62202,S46/031,E46/031,Tameside Hospital,46,293449,12 months,2017-05-16,Trastuzumab,292,2017-05-16,1,7,0,,,,,,
