individual_id,Screening No,Enrolment No,site,site_code,event_id,event_name,event_date,form_name,database_id,surg_pet_consult,surg_pet_consult_dt,surg_pet_offer,surg_pet_follow,chemo_no_consult,chemo_no_consult_dt,chemo_no_offer,chemo_no_follow
58130,S27/124,E27/049,Leighton Hospital Mid Cheshire Hospitals,27,235466,RCT baseline,,Treatment decision support consultations,1,1,2016-01-07,1,,0,,,
58169,S24/077,E24/077,Hull and East Yorkshire - Castle Hill,24,235609,RCT baseline,2016-01-08,Treatment decision support consultations,2,1,2016-01-08,1,,0,,,
58183,S30/073,E30/034,Guys and St Thomas,30,235662,RCT baseline,,Treatment decision support consultations,3,0,,,,0,,,
58403,S10/112,E10/038,St. Helens and Knowsley,10,236334,RCT baseline,2016-01-11,Treatment decision support consultations,4,1,2016-01-11,1,,1,2016-02-26,1,
57908,S09/093,E09/070,Harrogate,09,236435,RCT baseline,,Treatment decision support consultations,5,1,2015-12-16,1,,0,,,
58419,S29/213,E29/076,Cheltenham General,29,236526,RCT baseline,,Treatment decision support consultations,6,1,2016-01-07,1,,0,,,
58444,S29/214,E29/078,Cheltenham General,29,236547,RCT baseline,,Treatment decision support consultations,7,1,2016-01-20,1,,,,,
58305,S29/209,E29/043,Cheltenham General,29,237152,RCT baseline,,Treatment decision support consultations,8,1,2016-01-14,1,,1,2016-02-22,0,1
60999,S33/231,E33/092,Mid Yorkshire,33,243951,RCT baseline,,Treatment decision support consultations,9,1,2016-03-14,1,,0,,,
61008,S09/102,E09/074,Harrogate,09,243958,RCT baseline,2016-04-11,Treatment decision support consultations,10,1,2016-04-08,1,,0,,,
59645,S28/156,E28/068,The Royal Marsden,28,244324,RCT baseline,2016-03-31,Treatment decision support consultations,11,1,2016-03-31,1,,0,,,
58035,S16/184,E16/087,Bradford,16,237214,RCT baseline,,Treatment decision support consultations,12,1,2016-01-20,0,1,1,2016-01-20,1,
58848,S24/078,E24/078,Hull and East Yorkshire - Castle Hill,24,237480,RCT baseline,2016-01-28,Treatment decision support consultations,13,1,2016-01-28,1,,0,,,
58857,S29/216,E29/082,Cheltenham General,29,237507,RCT baseline,,Treatment decision support consultations,14,1,2016-01-28,1,,1,2016-02-26,0,1
58864,S29/217,E29/084,Cheltenham General,29,237738,RCT baseline,,Treatment decision support consultations,15,1,2016-01-29,1,,1,2016-04-12,1,
58993,S09/097,E09/071,Harrogate,09,237918,RCT baseline,,Treatment decision support consultations,16,1,2016-02-03,1,,0,,,
59048,S09/098,E09/072,Harrogate,09,238060,RCT baseline,,Treatment decision support consultations,17,1,2016-02-05,1,,0,,,
59106,S01/220,E01/099,Sheffield,01,238344,RCT baseline,,Treatment decision support consultations,18,1,2016-01-20,1,,,,,
59161,S29/220,E29/086,Cheltenham General,29,238492,RCT baseline,2016-02-12,Treatment decision support consultations,19,1,2016-02-12,1,,,,,
59173,S15/354,E15/122,Leeds Teaching Hospitals,15,238546,RCT baseline,,Treatment decision support consultations,20,1,2016-02-06,1,,0,,,
57775,S15/332,E15/118,Leeds Teaching Hospitals,15,238589,RCT baseline,,Treatment decision support consultations,21,1,2015-12-31,1,,0,,,
59187,S15/353,E15/121,Leeds Teaching Hospitals,15,238598,RCT baseline,,Treatment decision support consultations,22,1,2016-02-09,1,,1,2016-02-09,1,
59017,S40/022,E40/017,Yeovil District Hospital,40,238874,RCT baseline,2016-02-04,Treatment decision support consultations,23,1,2016-02-04,1,,0,,,
59154,S33/214,E33/088,Mid Yorkshire,33,238882,RCT baseline,2016-02-03,Treatment decision support consultations,24,1,2016-02-03,1,,0,,,
58868,S33/220,E33/087,Mid Yorkshire,33,238883,RCT baseline,,Treatment decision support consultations,25,1,2016-01-26,1,,0,,,
59247,S13/168,E13/168,Royal Liverpool and Broadgreen,13,239010,RCT baseline,2016-02-23,Treatment decision support consultations,26,1,2016-02-22,1,,,,,
59266,S29/222,E29/088,Cheltenham General,29,239186,RCT baseline,2016-02-24,Treatment decision support consultations,27,1,2016-02-24,1,,,,,
59166,S01/224,E01/102,Sheffield,01,239380,RCT baseline,,Treatment decision support consultations,28,1,2016-02-08,1,,,,,
59246,S20/078,E20/035,Coventry and Warwickshire,20,239424,RCT baseline,,Treatment decision support consultations,29,1,2016-03-01,1,,0,,,
59249,S27/133,E27/051,Leighton Hospital Mid Cheshire Hospitals,27,239536,RCT baseline,,Treatment decision support consultations,30,1,2016-03-02,1,,0,,,
58075,S20/073,E20/032,Coventry and Warwickshire,20,239566,RCT baseline,,Treatment decision support consultations,31,1,2016-03-03,1,,0,,,
59376,S27/136,E27/052,Leighton Hospital Mid Cheshire Hospitals,27,239653,RCT baseline,2016-03-19,Treatment decision support consultations,32,1,2016-03-03,1,,0,,,
59403,S10/119,E10/041,St. Helens and Knowsley,10,239872,RCT baseline,,Treatment decision support consultations,33,1,2016-02-25,1,,0,,,
59208,S02/037,E02/037,Barnsley,02,239920,RCT baseline,2016-02-20,Treatment decision support consultations,34,1,2016-02-11,1,,,,,
59572,S24/081,E24/081,Hull and East Yorkshire - Castle Hill,24,240371,RCT baseline,,Treatment decision support consultations,35,1,2016-03-08,1,,0,,,
59595,S10/121,E10/042,St. Helens and Knowsley,10,240453,RCT baseline,,Treatment decision support consultations,36,1,2016-03-17,1,,0,,,
59341,S28/148,E28/067,The Royal Marsden,28,240514,RCT baseline,,Treatment decision support consultations,37,1,2016-02-25,1,,0,,,
59449,S19/317,E19/082,Royal Lancaster Infirmary,19,240526,RCT baseline,,Treatment decision support consultations,38,1,2016-03-10,1,,,,,
59612,S29/226,E29/090,Cheltenham General,29,240629,RCT baseline,2016-03-18,Treatment decision support consultations,39,1,2016-03-18,1,,0,,,
59638,S29/228,E29/092,Cheltenham General,29,240784,RCT baseline,2016-03-22,Treatment decision support consultations,40,1,2016-03-22,1,,0,,,
60852,S09/101,E09/073,Harrogate,09,243408,RCT baseline,,Treatment decision support consultations,41,1,2016-03-30,1,,0,,,
59656,S28/153,E28/070,The Royal Marsden,28,243620,RCT baseline,2016-03-24,Treatment decision support consultations,42,1,2016-03-23,1,,0,,,
61139,S12/213,E12/061,York,12,244456,RCT baseline,,Treatment decision support consultations,43,1,2016-04-14,1,,0,,,
61016,S29/235,E29/094,Cheltenham General,29,244591,RCT baseline,2016-04-23,Treatment decision support consultations,44,1,2016-04-08,1,,,,,
61195,S12/215,E12/063,York,12,244622,RCT baseline,2016-04-19,Treatment decision support consultations,45,1,2016-04-18,1,,0,,,
61166,S28/157,E28/071,The Royal Marsden,28,244948,RCT baseline,2016-04-25,Treatment decision support consultations,46,1,2016-04-22,1,,0,,,
62152,S28/160,E28/072,The Royal Marsden,28,245632,RCT baseline,,Treatment decision support consultations,47,1,2016-05-04,1,,0,,,
62169,S27/144,E27/055,Leighton Hospital Mid Cheshire Hospitals,27,245730,RCT baseline,,Treatment decision support consultations,48,1,2016-04-28,1,,0,,,
60860,S46/030,E46/030,Tameside Hospital,46,244806,RCT baseline,2016-04-27,Treatment decision support consultations,49,0,,,,1,2016-04-21,1,
62197,S35/217,E35/041,Chesterfield,35,246004,RCT baseline,2016-05-06,Treatment decision support consultations,50,1,2016-05-06,1,,,,,
62269,S09/105,E09/075,Harrogate,09,246297,RCT baseline,,Treatment decision support consultations,51,1,2016-05-09,1,,0,,,
61253,S16/198,E16/094,Bradford,16,246316,RCT baseline,,Treatment decision support consultations,52,1,2016-04-28,1,,0,,,
59295,S16/189,E16/090,Bradford,16,246320,RCT baseline,,Treatment decision support consultations,53,1,2016-02-24,1,,,,,
62291,S10/130,E10/045,St. Helens and Knowsley,10,246495,RCT baseline,2016-05-18,Treatment decision support consultations,54,1,2016-05-18,1,,0,,,
58881,S30/075,E30/035,Guys and St Thomas,30,246707,RCT baseline,,Treatment decision support consultations,55,1,2016-01-11,1,,0,,,
62244,S36/148,E36/045,Rotherham,36,246802,RCT baseline,,Treatment decision support consultations,56,1,2016-05-17,1,,,,,
61492,S13/177,E13/177,Royal Liverpool and Broadgreen,13,246842,RCT baseline,,Treatment decision support consultations,57,1,2016-05-03,1,,0,,,
59298,S16/190,E16/091,Bradford,16,246970,RCT baseline,,Treatment decision support consultations,58,1,2016-03-01,1,,0,,,
62374,S12/293,E12/065,York,12,247182,RCT baseline,2016-05-26,Treatment decision support consultations,59,1,2016-05-12,1,,0,,,
59650,S19/325,E19/086,Royal Lancaster Infirmary,19,250147,RCT baseline,,Treatment decision support consultations,60,1,2016-04-07,1,,0,,,
63088,S39/115,E39/049,Essex County Hospital,39,250184,RCT baseline,,Treatment decision support consultations,61,0,,,,0,,,
62190,S02/038,E02/038,Barnsley,02,250197,RCT baseline,2016-04-25,Treatment decision support consultations,62,1,2016-04-07,1,,0,,,
62289,S02/039,E02/039,Barnsley,02,246452,RCT baseline,,Treatment decision support consultations,63,0,,,,0,,,
62840,S28/168,E28/077,The Royal Marsden,28,250242,RCT baseline,,Treatment decision support consultations,64,0,,,,0,,,
63062,S17/158,E17/158,Cardiff,17,250253,RCT baseline,,Treatment decision support consultations,65,0,,,,0,,,
63050,S17/157,E17/157,Cardiff,17,250254,RCT baseline,,Treatment decision support consultations,66,0,,,,1,2016-07-27,1,
62778,S17/150,E17/150,Cardiff,17,250257,RCT baseline,,Treatment decision support consultations,67,0,,,,1,2016-07-17,1,
63046,S17/156,E17/156,Cardiff,17,250258,RCT baseline,,Treatment decision support consultations,68,0,,,,0,,,
63100,S10/138,E10/049,St. Helens and Knowsley,10,250278,RCT baseline,,Treatment decision support consultations,69,1,2016-07-13,1,,0,,,
63097,S40/024,E40/019,Yeovil District Hospital,40,250290,RCT baseline,2016-07-13,Treatment decision support consultations,70,1,2016-07-13,1,,1,2016-07-13,1,
62393,S13/184,E13/184,Royal Liverpool and Broadgreen,13,250329,RCT baseline,2016-06-04,Treatment decision support consultations,71,1,2016-06-03,1,,0,,,
62761,S41/047,E41/037,Croydon University Hospital,41,250344,RCT baseline,,Treatment decision support consultations,72,1,2016-06-23,0,1,0,,,
63118,S49/040,E49/023,Kings Mill Hospital,49,250352,RCT baseline,,Treatment decision support consultations,73,1,2016-06-13,1,,0,,,
62173,S10/125,E10/043,St. Helens and Knowsley,10,250358,RCT baseline,,Treatment decision support consultations,74,1,2016-05-04,0,1,0,,,
62354,S41/045,E41/035,Croydon University Hospital,41,250362,RCT baseline,,Treatment decision support consultations,75,1,2016-05-19,1,,0,,,
63103,S28/169,E28/078,The Royal Marsden,28,250409,RCT baseline,,Treatment decision support consultations,76,1,2016-07-07,0,1,0,,,
62617,S49/039,E49/022,Kings Mill Hospital,49,250489,RCT baseline,,Treatment decision support consultations,77,0,,,,0,,,
62334,S16/205,E16/099,Bradford,16,250783,RCT baseline,,Treatment decision support consultations,78,0,,,,0,,,
62333,S16/204,E16/098,Bradford,16,250790,RCT baseline,,Treatment decision support consultations,79,0,,,,0,,,
62426,S41/046,E41/036,Croydon University Hospital,41,250951,RCT baseline,,Treatment decision support consultations,80,1,2016-05-26,0,1,0,,,
63379,S28/170,E28/079,The Royal Marsden,28,251251,RCT baseline,,Treatment decision support consultations,81,1,2016-07-11,0,1,0,,,
62689,S13/190,E13/190,Royal Liverpool and Broadgreen,13,251324,RCT baseline,,Treatment decision support consultations,82,1,2016-06-24,1,,0,,,
62667,S09/108,E09/077,Harrogate,09,251327,RCT baseline,2016-07-01,Treatment decision support consultations,83,1,2016-06-22,1,,0,,,
62319,S25/213,E25/077,Nottingham University Hospital,25,246979,RCT baseline,2016-07-12,Treatment decision support consultations,84,0,,,,1,2016-07-07,1,
62314,S02/040,E02/040,Barnsley,02,246731,RCT baseline,,Treatment decision support consultations,85,0,,,,0,,,
61337,S25/210,E25/076,Nottingham University Hospital,25,246976,RCT baseline,2016-06-27,Treatment decision support consultations,86,0,,,,1,2016-06-21,0,1
62720,S09/109,E09/078,Harrogate,09,251476,RCT baseline,2016-06-28,Treatment decision support consultations,87,1,2016-06-15,0,1,0,,,
62290,S28/163,E28/074,The Royal Marsden,28,251497,RCT baseline,2016-05-20,Treatment decision support consultations,88,1,2016-06-20,1,,0,,,
62638,S28/167,E28/076,The Royal Marsden,28,251498,RCT baseline,2016-06-17,Treatment decision support consultations,89,1,2016-06-10,1,,0,,,
62658,S27/153,E27/058,Leighton Hospital Mid Cheshire Hospitals,27,251579,RCT baseline,2016-06-27,Treatment decision support consultations,90,1,2016-06-13,1,,0,,,
61272,S13/176,E13/176,Royal Liverpool and Broadgreen,13,251869,RCT baseline,,Treatment decision support consultations,91,1,2016-05-23,1,,0,,,
63655,S13/197,E13/197,Royal Liverpool and Broadgreen,13,251874,RCT baseline,,Treatment decision support consultations,92,1,2016-07-11,1,,0,,,
63117,S13/195,E13/195,Royal Liverpool and Broadgreen,13,251927,RCT baseline,,Treatment decision support consultations,93,1,2016-07-15,1,,0,,,
63709,S12/070,E12/024,York,12,251930,RCT baseline,2016-07-30,Treatment decision support consultations,94,1,2016-07-12,1,,0,,,
62427,S18/033,E18/033,Aneurin Bevan Health Board,18,251931,RCT baseline,2016-06-10,Treatment decision support consultations,95,1,2016-05-23,0,1,0,,,
63794,S27/160,E27/059,Leighton Hospital Mid Cheshire Hospitals,27,252075,RCT baseline,2016-08-03,Treatment decision support consultations,96,1,2016-07-21,1,,0,,,
62745,S12/607,E12/069,York,12,252125,RCT baseline,,Treatment decision support consultations,97,1,2016-06-30,1,,0,,,
62431,S27/150,E27/057,Leighton Hospital Mid Cheshire Hospitals,27,252137,RCT baseline,,Treatment decision support consultations,98,0,,,,0,,,
63862,S13/198,E13/198,Royal Liverpool and Broadgreen,13,252265,RCT baseline,2016-07-28,Treatment decision support consultations,99,1,2016-07-22,1,,1,2016-07-22,0,1
62643,S04/120,E04/052,Milton Keynes,04,252279,RCT baseline,,Treatment decision support consultations,100,1,,1,,0,,,
62432,S10/133,E10/047,St. Helens and Knowsley,10,252293,RCT baseline,,Treatment decision support consultations,101,0,,,,0,,,
62565,S10/134,E10/048,St. Helens and Knowsley,10,252294,RCT baseline,,Treatment decision support consultations,102,0,,,,0,,,
63609,S28/171,E28/080,The Royal Marsden,28,252356,RCT baseline,,Treatment decision support consultations,103,1,2016-07-22,0,1,0,,,
61111,S25/201,E25/074,Nottingham University Hospital,25,252614,RCT baseline,,Treatment decision support consultations,104,1,2016-02-25,1,,0,,,
61338,S25/211,E25/075,Nottingham University Hospital,25,246975,RCT baseline,,Treatment decision support consultations,105,0,,,,0,,,
64001,S27/159,E27/060,Leighton Hospital Mid Cheshire Hospitals,27,252626,RCT baseline,,Treatment decision support consultations,106,0,,,,0,,,
63843,S20/085,E20/037,Coventry and Warwickshire,20,253160,RCT baseline,,Treatment decision support consultations,107,0,,,,0,,,
62821,S20/080,E20/036,Coventry and Warwickshire,20,253314,RCT baseline,,Treatment decision support consultations,108,0,,,,0,,,
64288,S33/262,E33/104,Mid Yorkshire,33,253355,RCT baseline,,Treatment decision support consultations,109,0,,,,0,,,
64295,S10/141,E10/050,St. Helens and Knowsley,10,253430,RCT baseline,,Treatment decision support consultations,110,0,,,,0,,,
64320,S10/142,E10/051,St. Helens and Knowsley,10,253433,RCT baseline,,Treatment decision support consultations,111,0,,,,0,,,
64434,S33/242,E33/100,Mid Yorkshire,33,253736,RCT baseline,,Treatment decision support consultations,112,0,,,,0,,,
64529,S13/200,E13/200,Royal Liverpool and Broadgreen,13,253959,RCT baseline,2016-08-08,Treatment decision support consultations,113,1,2016-07-29,1,,0,,,
63478,S03/169,E03/043,Doncaster,03,254037,RCT baseline,2016-07-06,Treatment decision support consultations,114,1,2016-07-06,1,,0,,,
63474,S03/157,E03/041,Doncaster,03,254040,RCT baseline,,Treatment decision support consultations,115,1,2016-05-11,1,,1,2016-05-11,1,
62283,S03/152,E03/040,Doncaster,03,254041,RCT baseline,,Treatment decision support consultations,116,1,2016-05-03,1,,0,,,
63423,S03/155,E03/038,Doncaster,03,254043,RCT baseline,,Treatment decision support consultations,117,1,2016-04-27,1,,0,,,
62327,S35/218,E35/042,Chesterfield,35,254048,RCT baseline,2016-06-06,Treatment decision support consultations,118,1,2016-06-02,1,,0,,,
63078,S19/367,E19/102,Royal Lancaster Infirmary,19,254104,RCT baseline,,Treatment decision support consultations,119,1,2016-08-05,1,,0,,,
57907,S30/070,E30/032,Guys and St Thomas,30,253063,RCT baseline,,Treatment decision support consultations,120,0,,,,0,,,
58181,S30/072,E30/033,Guys and St Thomas,30,235657,RCT baseline,,Treatment decision support consultations,121,0,,,,0,,,
62180,S30/076,E30/036,Guys and St Thomas,30,253838,RCT baseline,,Treatment decision support consultations,122,0,,,,0,,,
62181,S30/077,E30/037,Guys and St Thomas,30,253882,RCT baseline,,Treatment decision support consultations,123,0,,,,0,,,
62183,S30/079,E30/039,Guys and St Thomas,30,247059,RCT baseline,,Treatment decision support consultations,124,0,,,,0,,,
62706,S30/080,E30/040,Guys and St Thomas,30,253993,RCT baseline,,Treatment decision support consultations,125,0,,,,0,,,
62788,S30/081,E30/041,Guys and St Thomas,30,254029,RCT baseline,,Treatment decision support consultations,126,0,,,,0,,,
62817,S30/082,E30/042,Guys and St Thomas,30,254072,RCT baseline,,Treatment decision support consultations,127,1,2016-05-20,1,,1,2016-05-20,1,
63669,S30/083,E30/043,Guys and St Thomas,30,254136,RCT baseline,,Treatment decision support consultations,128,0,,,,0,,,
62297,S13/181,E13/181,Royal Liverpool and Broadgreen,13,254263,RCT baseline,,Treatment decision support consultations,129,1,2016-05-20,1,,0,,,
62719,S19/363,E19/100,Royal Lancaster Infirmary,19,254277,RCT baseline,,Treatment decision support consultations,130,1,2016-07-01,1,,0,,,
64715,S13/206,E13/206,Royal Liverpool and Broadgreen,13,254469,RCT baseline,2016-08-13,Treatment decision support consultations,131,1,2016-08-08,1,,0,,,
62674,S13/189,E13/189,Royal Liverpool and Broadgreen,13,254793,RCT baseline,,Treatment decision support consultations,132,0,,,,1,2016-06-17,1,
62680,S13/188,E13/188,Royal Liverpool and Broadgreen,13,254797,RCT baseline,2016-07-02,Treatment decision support consultations,133,1,2016-06-17,1,,0,,,
62703,S19/357,E19/096,Royal Lancaster Infirmary,19,254803,RCT baseline,,Treatment decision support consultations,134,1,2016-06-28,1,,0,,,
62704,S19/358,E19/099,Royal Lancaster Infirmary,19,254804,RCT baseline,,Treatment decision support consultations,135,0,,,,0,,,
63589,S35/242,E35/044,Chesterfield,35,254810,RCT baseline,,Treatment decision support consultations,136,1,2016-07-22,1,,0,,,
64795,S30/084,E30/044,Guys and St Thomas,30,254822,RCT baseline,,Treatment decision support consultations,137,0,,,,0,,,
58036,S02/036,E02/036,Barnsley,02,239030,RCT baseline,,Treatment decision support consultations,138,0,,,,0,,,
64562,S13/201,E13/201,Royal Liverpool and Broadgreen,13,254883,RCT baseline,2016-08-07,Treatment decision support consultations,139,1,2016-07-29,1,,0,,,
63330,S16/209,E16/101,Bradford,16,255048,RCT baseline,,Treatment decision support consultations,140,0,,,,0,,,
59381,S53/027,E53/010,Brighton Hospital,53,255068,RCT baseline,2016-02-15,Treatment decision support consultations,141,1,2016-01-21,0,1,0,,,
62440,S53/047,E53/012,Brighton Hospital,53,255072,RCT baseline,2016-06-11,Treatment decision support consultations,142,0,,,,1,2016-06-07,1,
62466,S53/059,E53/013,Brighton Hospital,53,255075,RCT baseline,,Treatment decision support consultations,143,0,,,,1,2016-07-05,0,1
62656,S53/064,E53/014,Brighton Hospital,53,255081,RCT baseline,,Treatment decision support consultations,144,1,2016-06-17,1,,0,,,
64148,S53/066,E53/016,Brighton Hospital,53,255116,RCT baseline,,Treatment decision support consultations,145,1,2016-06-17,0,1,0,,,
64893,S53/080,E53/017,Brighton Hospital,53,255133,RCT baseline,,Treatment decision support consultations,146,0,,,,0,,,
64631,S29/271,E29/102,Cheltenham General,29,255169,RCT baseline,,Treatment decision support consultations,147,1,2016-08-03,0,1,0,,,
64632,S29/272,E29/104,Cheltenham General,29,255170,RCT baseline,,Treatment decision support consultations,148,1,2016-08-01,0,1,0,,,
62702,S19/356,E19/095,Royal Lancaster Infirmary,19,255208,RCT baseline,2016-08-22,Treatment decision support consultations,149,0,,,,1,2016-08-16,1,
62300,S29/254,E29/047,Cheltenham General,29,255226,RCT baseline,,Treatment decision support consultations,150,1,2016-05-11,0,1,0,,,
64678,S12/707,E12/071,York,12,255257,RCT baseline,2016-09-20,Treatment decision support consultations,151,1,2016-07-29,1,,0,,,
58143,S29/208,E29/072,Cheltenham General,29,235513,RCT baseline,,Treatment decision support consultations,152,1,2015-12-21,0,1,0,,,
62752,S25/219,E25/078,Nottingham University Hospital,25,255308,RCT baseline,,Treatment decision support consultations,153,0,,,,1,2016-08-05,0,0
63110,S25/222,E25/079,Nottingham University Hospital,25,255314,RCT baseline,,Treatment decision support consultations,154,0,,,,0,,,
64807,S30/085,E30/045,Guys and St Thomas,30,255446,RCT baseline,,Treatment decision support consultations,155,0,,,,0,,,
64975,S30/087,E30/047,Guys and St Thomas,30,255606,RCT baseline,,Treatment decision support consultations,156,0,,,,0,,,
63685,S02/041,E02/041,Barnsley,02,255641,RCT baseline,,Treatment decision support consultations,157,,,,,1,,1,
62284,S03/154,E03/039,Doncaster,03,255644,RCT baseline,2016-07-27,Treatment decision support consultations,158,1,2016-05-03,1,,0,,,
62842,S13/194,E13/194,Royal Liverpool and Broadgreen,13,255646,RCT baseline,2016-07-05,Treatment decision support consultations,159,0,,,,1,2016-07-05,1,
61341,S13/178,E13/178,Royal Liverpool and Broadgreen,13,255649,RCT baseline,2016-06-05,Treatment decision support consultations,160,1,,1,,,,,
64826,S33/260,E33/105,Mid Yorkshire,33,255655,RCT baseline,,Treatment decision support consultations,161,0,,,,0,,,
62734,S29/260,E29/049,Cheltenham General,29,255670,RCT baseline,,Treatment decision support consultations,162,1,2016-06-29,0,1,0,,,
65101,S10/144,E10/052,St. Helens and Knowsley,10,255794,RCT baseline,,Treatment decision support consultations,163,1,2016-08-10,1,,0,,,
65034,S17/164,E17/159,Cardiff,17,255861,RCT baseline,,Treatment decision support consultations,164,0,,,,0,,,
65111,S19/375,E19/103,Royal Lancaster Infirmary,19,256345,RCT baseline,,Treatment decision support consultations,165,0,,,,0,,,
64694,S12/801,E12/073,York,12,256436,RCT baseline,2016-08-10,Treatment decision support consultations,166,0,,,,0,,,
64411,S01/248,E01/118,Sheffield,01,256473,RCT baseline,,Treatment decision support consultations,167,0,,,,0,,,
65342,S01/243,E01/114,Sheffield,01,256488,RCT baseline,,Treatment decision support consultations,168,0,,,,0,,,
62182,S30/078,E30/038,Guys and St Thomas,30,256619,RCT baseline,,Treatment decision support consultations,169,0,,,,0,,,
65445,S19/379,E19/105,Royal Lancaster Infirmary,19,256925,RCT baseline,,Treatment decision support consultations,170,1,2016-09-06,0,1,0,,,
64913,S05/040,E05/006,Scunthorpe and Grimsby,05,257179,RCT baseline,,Treatment decision support consultations,171,1,2016-08-16,1,,1,2016-08-16,0,1
63613,S53/070,E53/015,Brighton Hospital,53,257180,RCT baseline,,Treatment decision support consultations,172,1,2016-07-06,0,1,0,,,
65227,S13/207,E13/207,Royal Liverpool and Broadgreen,13,257234,RCT baseline,2016-08-27,Treatment decision support consultations,173,1,,1,,,,,
65563,S17/167,E17/160,Cardiff,17,257236,RCT baseline,,Treatment decision support consultations,174,0,,,,0,,,
65564,S33/265,E33/106,Mid Yorkshire,33,257253,RCT baseline,,Treatment decision support consultations,175,0,,,,0,,,
65642,S33/270,E33/107,Mid Yorkshire,33,257477,RCT baseline,,Treatment decision support consultations,176,0,,,,0,,,
62384,S12/295,E12/067,York,12,257648,RCT baseline,,Treatment decision support consultations,177,1,2016-05-26,1,,0,,,
65687,S19/382,E19/106,Royal Lancaster Infirmary,19,257737,RCT baseline,2016-09-21,Treatment decision support consultations,178,1,2016-09-14,1,,0,,,
62717,S19/361,E19/097,Royal Lancaster Infirmary,19,257824,RCT baseline,,Treatment decision support consultations,179,0,,,,1,2016-09-13,1,
65960,S40/026,E40/020,Yeovil District Hospital,40,258349,RCT baseline,,Treatment decision support consultations,180,1,2016-08-31,1,,1,2016-08-31,0,1
65984,S09/115,E09/081,Harrogate,09,258359,RCT baseline,,Treatment decision support consultations,181,1,2016-09-19,1,,0,,,
62456,S24/091,E24/091,Hull and East Yorkshire - Castle Hill,24,258368,RCT baseline,,Treatment decision support consultations,182,0,,,,0,,,
65518,S13/209,E13/209,Royal Liverpool and Broadgreen,13,258587,RCT baseline,2016-09-14,Treatment decision support consultations,183,1,2016-08-19,1,,1,2016-09-19,0,1
66087,S24/094,E24/094,Hull and East Yorkshire - Castle Hill,24,258637,RCT baseline,,Treatment decision support consultations,184,1,2016-08-31,1,,0,,,
66131,S10/148,E10/054,St. Helens and Knowsley,10,258761,RCT baseline,2016-09-22,Treatment decision support consultations,185,1,2016-09-22,1,,0,,,
65790,S41/050,E41/038,Croydon University Hospital,41,258772,RCT baseline,,Treatment decision support consultations,186,0,,,,0,,,
65793,S41/051,E41/039,Croydon University Hospital,41,258774,RCT baseline,,Treatment decision support consultations,187,0,,,,0,,,
66121,S28/190,E28/081,The Royal Marsden,28,258786,RCT baseline,,Treatment decision support consultations,188,1,2016-09-13,0,1,0,,,
66140,S10/149,E10/055,St. Helens and Knowsley,10,258799,RCT baseline,2016-09-22,Treatment decision support consultations,189,1,2016-09-22,0,1,0,,,
64593,S16/213,E16/102,Bradford,16,258894,RCT baseline,,Treatment decision support consultations,190,0,,,,0,,,
64719,S16/214,E16/104,Bradford,16,259102,RCT baseline,,Treatment decision support consultations,191,0,,,,1,2016-09-20,1,
59209,S16/187,E16/088,Bradford,16,246073,RCT baseline,,Treatment decision support consultations,192,0,,,,1,2016-04-05,0,1
62465,S48/008,E48/008,Royal Albert Edward Infirmary,48,259313,RCT baseline,,Treatment decision support consultations,193,1,2016-06-18,,,1,2016-07-04,1,
64912,S15/414,E15/143,Leeds Teaching Hospitals,15,259549,RCT baseline,,Treatment decision support consultations,194,0,,,,1,2016-09-15,1,
66134,S41/049,E41/040,Croydon University Hospital,41,259608,RCT baseline,,Treatment decision support consultations,195,0,,,,0,,,
66625,S10/150,E10/056,St. Helens and Knowsley,10,260021,RCT baseline,,Treatment decision support consultations,196,1,2016-09-28,1,,0,,,
62177,S10/124,E10/044,St. Helens and Knowsley,10,245736,RCT baseline,,Treatment decision support consultations,197,0,,,,0,,,
59321,S25/194,E25/073,Nottingham University Hospital,25,244334,RCT baseline,,Treatment decision support consultations,198,0,,,,0,,,
66776,S28/192,E28/082,The Royal Marsden,28,260392,RCT baseline,,Treatment decision support consultations,199,1,2016-09-29,0,1,0,,,
66125,S25/232,E25/080,Nottingham University Hospital,25,260457,RCT baseline,,Treatment decision support consultations,200,0,,,,0,,,
66129,S25/233,E25/081,Nottingham University Hospital,25,260479,RCT baseline,,Treatment decision support consultations,201,0,,,,0,,,
66933,S17/168,E17/161,Cardiff,17,260697,RCT baseline,,Treatment decision support consultations,202,1,2016-09-05,1,,0,,,
66210,S29/294,E29/116,Cheltenham General,29,260707,RCT baseline,,Treatment decision support consultations,203,0,,,,0,,,
67037,S41/052,E41/041,Croydon University Hospital,41,260987,RCT baseline,,Treatment decision support consultations,204,0,,,,0,,,
67052,S12/909,E12/075,York,12,261076,RCT baseline,2016-09-27,Treatment decision support consultations,205,1,2016-09-08,1,,1,2016-09-08,0,1
65609,S03/176,E03/048,Doncaster,03,262127,RCT baseline,2016-10-30,Treatment decision support consultations,206,1,2016-09-06,0,1,0,,,
67497,S24/095,E24/095,Hull and East Yorkshire - Castle Hill,24,262210,RCT baseline,,Treatment decision support consultations,207,1,2016-09-27,1,,0,,,
67045,S33/273,E33/108,Mid Yorkshire,33,262403,RCT baseline,,Treatment decision support consultations,208,0,,,,0,,,
64750,S29/276,E29/106,Cheltenham General,29,262446,RCT baseline,,Treatment decision support consultations,209,1,2016-08-04,1,,1,2016-09-15,1,
64015,S29/267,E29/100,Cheltenham General,29,262449,RCT baseline,,Treatment decision support consultations,210,1,2016-07-13,0,1,0,,,
67632,S33/277,E33/110,Mid Yorkshire,33,262470,RCT baseline,,Treatment decision support consultations,211,0,,,,0,,,
67646,S20/094,E20/043,Coventry and Warwickshire,20,262502,RCT baseline,,Treatment decision support consultations,212,1,2016-09-22,1,,0,,,
63063,S24/092,E24/092,Hull and East Yorkshire - Castle Hill,24,262721,RCT baseline,,Treatment decision support consultations,213,1,2016-07-06,1,,0,,,
67746,S19/386,E19/107,Royal Lancaster Infirmary,19,262767,RCT baseline,,Treatment decision support consultations,214,0,,,,0,,,
67799,S13/215,E13/215,Royal Liverpool and Broadgreen,13,262819,RCT baseline,2016-10-11,Treatment decision support consultations,215,1,2016-09-30,1,,0,,,
65353,S29/286,E29/110,Cheltenham General,29,262944,RCT baseline,,Treatment decision support consultations,216,0,,,,0,,,
64714,S29/275,E29/051,Cheltenham General,29,263547,RCT baseline,,Treatment decision support consultations,217,1,2016-09-09,0,1,0,,,
65851,S29/291,E29/114,Cheltenham General,29,263549,RCT baseline,,Treatment decision support consultations,218,1,2016-08-22,1,,0,,,
65617,S20/091,E20/040,Coventry and Warwickshire,20,263550,RCT baseline,,Treatment decision support consultations,219,1,2016-08-18,1,,0,,,
64045,S20/086,E20/038,Coventry and Warwickshire,20,263562,RCT baseline,,Treatment decision support consultations,220,1,2016-08-25,1,,1,2016-10-12,1,
67992,S24/096,E24/096,Hull and East Yorkshire - Castle Hill,24,263570,RCT baseline,,Treatment decision support consultations,221,0,,,,1,2016-10-06,1,
68005,S28/195,E28/083,The Royal Marsden,28,263617,RCT baseline,,Treatment decision support consultations,223,0,,,,1,2016-10-17,1,
68017,S16/223,E16/106,Bradford,16,263634,RCT baseline,,Treatment decision support consultations,224,0,,,,0,,,
67855,S16/222,E16/107,Bradford,16,263642,RCT baseline,,Treatment decision support consultations,225,0,,,,0,,,
68086,S27/173,E27/066,Leighton Hospital Mid Cheshire Hospitals,27,263814,RCT baseline,,Treatment decision support consultations,227,1,2016-10-17,1,,0,,,
68154,S13/222,E13/222,Royal Liverpool and Broadgreen,13,264012,RCT baseline,,Treatment decision support consultations,228,1,2016-10-18,1,,0,,,
57982,S10/110,E10/037,St. Helens and Knowsley,10,264290,RCT baseline,,Treatment decision support consultations,229,0,,,,0,,,
65649,S29/290,E29/112,Cheltenham General,29,264320,RCT baseline,,Treatment decision support consultations,230,1,2016-08-24,0,1,1,2016-10-13,1,
64929,S29/282,E29/108,Cheltenham General,29,264321,RCT baseline,,Treatment decision support consultations,231,1,2016-08-10,1,,0,,,
65368,S29/287,E29/053,Cheltenham General,29,264323,RCT baseline,,Treatment decision support consultations,232,1,2016-08-15,0,1,0,,,
68300,S12/923,E12/077,York,12,264574,RCT baseline,,Treatment decision support consultations,233,1,2016-10-06,1,,0,,,
62574,S46/034,E46/034,Tameside Hospital,46,263753,RCT baseline,,Treatment decision support consultations,234,0,,,,0,,,
68371,S28/196,E28/084,The Royal Marsden,28,264739,RCT baseline,2016-10-20,Treatment decision support consultations,235,1,2016-10-20,1,,0,,,
68381,S13/223,E13/223,Royal Liverpool and Broadgreen,13,264775,RCT baseline,,Treatment decision support consultations,236,1,2016-10-21,1,,0,,,
68412,S13/225,E13/225,Royal Liverpool and Broadgreen,13,264861,RCT baseline,,Treatment decision support consultations,237,1,2016-10-21,1,,0,,,
68048,S13/221,E13/221,Royal Liverpool and Broadgreen,13,264945,RCT baseline,,Treatment decision support consultations,238,1,2016-10-14,1,,0,,,
68462,S24/097,E24/097,Hull and East Yorkshire - Castle Hill,24,264980,RCT baseline,,Treatment decision support consultations,239,0,,,,0,,,
67036,S13/214,E13/214,Royal Liverpool and Broadgreen,13,265192,RCT baseline,2016-10-06,Treatment decision support consultations,240,1,2016-09-26,1,,0,,,
65481,S49/043,E49/026,Kings Mill Hospital,49,265250,RCT baseline,,Treatment decision support consultations,241,1,2016-09-05,0,1,0,,,
68365,S19/389,E19/108,Royal Lancaster Infirmary,19,265277,RCT baseline,2016-10-31,Treatment decision support consultations,242,1,2016-10-24,1,,0,,,
68468,S13/217,E13/217,Royal Liverpool and Broadgreen,13,265320,RCT baseline,,Treatment decision support consultations,243,1,2016-10-12,0,1,0,,,
68817,S19/391,E19/110,Royal Lancaster Infirmary,19,266057,RCT baseline,2016-11-03,Treatment decision support consultations,245,1,2016-10-31,1,,0,,,
61214,S01/233,E01/107,Sheffield,01,266129,RCT baseline,,Treatment decision support consultations,246,1,2016-04-14,,,1,2016-06-14,1,
62652,S01/240,E01/111,Sheffield,01,266133,RCT baseline,,Treatment decision support consultations,247,1,2016-05-04,1,,0,,,
68919,S27/179,E27/067,Leighton Hospital Mid Cheshire Hospitals,27,266215,RCT baseline,,Treatment decision support consultations,248,1,2016-10-24,1,,0,,,
62654,S01/241,E01/112,Sheffield,01,266475,RCT baseline,2016-06-06,Treatment decision support consultations,249,1,2016-06-06,1,,0,,,
63477,S03/166,E03/042,Doncaster,03,266485,RCT baseline,2016-07-11,Treatment decision support consultations,250,1,2016-07-06,1,,0,,,
63735,S03/044,E03/044,Doncaster,03,266487,RCT baseline,,Treatment decision support consultations,251,1,2016-08-04,1,,0,,,
67986,S18/040,E18/040,Aneurin Bevan Health Board,18,266492,RCT baseline,2016-10-14,Treatment decision support consultations,252,1,2016-09-26,1,,0,,,
68911,S01/256,E01/123,Sheffield,01,266542,RCT baseline,,Treatment decision support consultations,253,1,2016-10-12,1,,0,,,
64002,S01/242,E01/113,Sheffield,01,266591,RCT baseline,,Treatment decision support consultations,254,0,,,,0,,,
69204,S12/927,E12/079,York,12,267096,RCT baseline,,Treatment decision support consultations,255,0,,,,0,,,
66421,S18/036,E18/036,Aneurin Bevan Health Board,18,267111,RCT baseline,,Treatment decision support consultations,256,1,2016-09-19,0,1,0,,,
69208,S12/939,E12/081,York,12,267124,RCT baseline,,Treatment decision support consultations,257,0,,,,0,,,
65318,S01/249,E01/119,Sheffield,01,267193,RCT baseline,,Treatment decision support consultations,258,1,2016-07-28,1,,0,,,
69252,S17/175,E17/162,Cardiff,17,267214,RCT baseline,,Treatment decision support consultations,259,0,,,,0,,,
64919,S46/038,E46/038,Tameside Hospital,46,267239,RCT baseline,,Treatment decision support consultations,260,0,,,,1,2016-09-15,1,
69284,S13/218,E13/218,Royal Liverpool and Broadgreen,13,267328,RCT baseline,2016-11-15,Treatment decision support consultations,261,1,2016-11-11,1,,0,,,
69296,S04/128,E04/053,Milton Keynes,04,267367,RCT baseline,2016-11-02,Treatment decision support consultations,262,1,2016-10-29,,,,,,
64496,S20/088,E20/039,Coventry and Warwickshire,20,267399,RCT baseline,,Treatment decision support consultations,263,0,,,,0,,,
69308,S41/053,E41/042,Croydon University Hospital,41,267407,RCT baseline,,Treatment decision support consultations,264,1,2016-10-20,0,1,0,,,
69383,S17/181,E17/163,Cardiff,17,267552,RCT baseline,,Treatment decision support consultations,265,0,,,,0,,,
69401,S31/131,E31/066,Dorset County Hospital,31,267618,RCT baseline,,Treatment decision support consultations,266,0,,,,,,,
60929,S29/231,E29/045,Cheltenham General,29,243865,RCT baseline,,Treatment decision support consultations,267,1,2016-03-16,0,1,1,2016-03-16,0,1
67854,S16/220,E16/108,Bradford,16,267776,RCT baseline,,Treatment decision support consultations,268,1,2016-09-26,1,,0,,,
68625,S53/100,E53/019,Brighton Hospital,53,267780,RCT baseline,,Treatment decision support consultations,269,1,2016-09-14,0,1,1,2016-11-11,1,
65176,S10/145,E10/053,St. Helens and Knowsley,10,267858,RCT baseline,,Treatment decision support consultations,270,1,2016-08-17,1,,0,,,
69598,S17/182,E17/164,Cardiff,17,268346,RCT baseline,,Treatment decision support consultations,271,0,,,,0,,,
69588,S44/078,E44/046,Luton,44,268368,RCT baseline,,Treatment decision support consultations,272,0,,,,0,,,
69628,S13/233,E13/233,Royal Liverpool and Broadgreen,13,268414,RCT baseline,,Treatment decision support consultations,273,1,2016-11-18,1,,0,,,
69180,S55/002,E55/001,St Mary's Hospital,55,269038,RCT baseline,,Treatment decision support consultations,274,1,2016-11-03,1,,0,,,
67098,S03/189,E03/052,Doncaster,03,269165,RCT baseline,2016-10-16,Treatment decision support consultations,275,1,2016-10-05,0,1,0,,,
67481,S03/191,E03/053,Doncaster,03,269731,RCT baseline,,Treatment decision support consultations,276,1,2016-10-05,1,,0,,,
69517,S30/088,E30/048,Guys and St Thomas,30,269777,RCT baseline,,Treatment decision support consultations,277,1,2016-11-16,1,,1,2016-11-16,1,
70222,S12/949,E12/083,York,12,269892,RCT baseline,,Treatment decision support consultations,278,1,2016-11-24,1,,0,,,
70276,S12/947,E12/085,York,12,270043,RCT baseline,,Treatment decision support consultations,279,1,2016-11-24,1,,0,,,
69961,S18/042,E18/042,Aneurin Bevan Health Board,18,270533,RCT baseline,2016-12-05,Treatment decision support consultations,280,1,2016-11-21,0,1,0,,,
70494,S17/185,E17/165,Cardiff,17,270590,RCT baseline,,Treatment decision support consultations,281,0,,,,0,,,
70499,S13/231,E13/231,Royal Liverpool and Broadgreen,13,270608,RCT baseline,,Treatment decision support consultations,282,1,2016-11-21,1,,0,,,
62756,S19/366,E19/098,Royal Lancaster Infirmary,19,270632,RCT baseline,,Treatment decision support consultations,283,0,,,,1,2016-07-26,1,
70510,S35/270,E35/046,Chesterfield,35,270662,RCT baseline,,Treatment decision support consultations,284,1,2016-12-06,1,,0,,,
67619,S18/039,E18/039,Aneurin Bevan Health Board,18,270685,RCT baseline,,Treatment decision support consultations,285,1,2016-10-12,0,1,0,,,
68586,S25/236,E25/082,Nottingham University Hospital,25,270698,RCT baseline,,Treatment decision support consultations,286,0,,,,0,,,
70364,S25/248,E25/084,Nottingham University Hospital,25,270700,RCT baseline,,Treatment decision support consultations,287,0,,,,0,,,
70514,S31/134,E31/067,Dorset County Hospital,31,270709,RCT baseline,,Treatment decision support consultations,288,1,2016-12-02,0,1,,,,
65494,S13/211,E13/211,Royal Liverpool and Broadgreen,13,270710,RCT baseline,2016-09-08,Treatment decision support consultations,289,1,2016-09-05,1,,0,,,
69222,S35/260,E35/045,Chesterfield,35,270813,RCT baseline,,Treatment decision support consultations,290,1,2016-11-09,1,,0,,,
66173,S12/072,E12/072,York,12,270957,RCT baseline,2016-10-06,Treatment decision support consultations,291,1,2016-09-20,1,,0,,,
70614,S31/135,E31/068,Dorset County Hospital,31,271156,RCT baseline,,Treatment decision support consultations,292,1,2016-12-12,0,1,,,,
62195,S53/039,E53/011,Brighton Hospital,53,271229,RCT baseline,,Treatment decision support consultations,293,1,2016-03-16,0,1,1,2016-05-17,1,
70620,S28/213,E28/086,The Royal Marsden,28,271231,RCT baseline,,Treatment decision support consultations,294,1,2016-12-15,0,1,0,,,
70623,S53/110,E53/023,Brighton Hospital,53,271239,RCT baseline,,Treatment decision support consultations,295,1,2016-10-26,0,1,1,2016-12-13,0,1
70679,S49/049,E49/028,Kings Mill Hospital,49,271523,RCT baseline,,Treatment decision support consultations,296,1,2016-12-21,1,,0,,,
70680,S01/124,E01/124,Sheffield,01,271526,RCT baseline,,Treatment decision support consultations,297,1,2016-10-20,0,1,0,,,
70716,S10/165,E10/057,St. Helens and Knowsley,10,271670,RCT baseline,,Treatment decision support consultations,298,0,,,,0,,,
70351,S28/205,E28/085,The Royal Marsden,28,271699,RCT baseline,2016-12-05,Treatment decision support consultations,299,1,2016-12-02,1,,0,,,
70732,S25/252,E25/088,Nottingham University Hospital,25,271725,RCT baseline,2017-01-17,Treatment decision support consultations,300,0,,,,1,2017-01-17,1,
61249,S41/043,E41/034,Croydon University Hospital,41,271778,RCT baseline,,Treatment decision support consultations,301,0,,,,0,,,
61215,S41/042,E41/033,Croydon University Hospital,41,271779,RCT baseline,,Treatment decision support consultations,302,0,,,,0,,,
70734,S16/225,E16/109,Bradford,16,271782,RCT baseline,,Treatment decision support consultations,303,1,2016-11-30,1,,0,,,
70760,S27/186,E27/069,Leighton Hospital Mid Cheshire Hospitals,27,271887,RCT baseline,,Treatment decision support consultations,304,1,2016-12-20,0,1,0,,,
70749,S13/255,E13/255,Royal Liverpool and Broadgreen,13,271916,RCT baseline,,Treatment decision support consultations,305,1,2016-12-28,0,1,0,,,
70758,S13/249,E13/249,Royal Liverpool and Broadgreen,13,271932,RCT baseline,,Treatment decision support consultations,306,1,2016-12-30,1,,0,,,
70731,S25/251,E25/087,Nottingham University Hospital,25,271993,RCT baseline,2017-01-23,Treatment decision support consultations,307,0,,,,1,2017-01-12,1,
68976,S25/239,E25/083,Nottingham University Hospital,25,272020,RCT baseline,2016-12-06,Treatment decision support consultations,308,0,,,,1,2016-12-06,1,
70751,S13/256,E13/256,Royal Liverpool and Broadgreen,13,272048,RCT baseline,,Treatment decision support consultations,309,1,2016-12-23,1,,0,,,
70814,S03/216,E03/058,Doncaster,03,272090,RCT baseline,,Treatment decision support consultations,310,1,2017-01-05,1,,0,,,
70818,S31/139,E31/069,Dorset County Hospital,31,272127,RCT baseline,,Treatment decision support consultations,311,0,,,,0,,,
70830,S10/166,E10/058,St. Helens and Knowsley,10,272167,RCT baseline,,Treatment decision support consultations,312,1,2017-01-05,0,1,0,,,
70807,S18/047,E18/047,Aneurin Bevan Health Board,18,272220,RCT baseline,2017-01-14,Treatment decision support consultations,313,1,2017-01-04,1,,0,,,
57772,S31/089,E31/050,Dorset County Hospital,31,272235,RCT baseline,2016-12-10,Treatment decision support consultations,314,0,,,,1,2016-01-22,1,
70775,S19/413,E19/115,Royal Lancaster Infirmary,19,272446,RCT baseline,,Treatment decision support consultations,315,1,2017-01-04,0,1,0,,,
70921,S13/262,E13/262,Royal Liverpool and Broadgreen,13,272473,RCT baseline,,Treatment decision support consultations,316,1,2017-01-10,1,,0,,,
70513,S25/249,E25/085,Nottingham University Hospital,25,272478,RCT baseline,2016-12-04,Treatment decision support consultations,317,0,,,,1,2016-11-29,1,
70964,S17/191,E17/166,Cardiff,17,272610,RCT baseline,,Treatment decision support consultations,318,0,,,,0,,,
71003,S13/240,E13/240,Royal Liverpool and Broadgreen,13,272725,RCT baseline,,Treatment decision support consultations,319,1,2016-12-02,1,,0,,,
71047,S12/981,E12/087,York,12,272878,RCT baseline,2017-01-03,Treatment decision support consultations,320,1,2016-12-01,1,,0,,,
70182,S20/102,E20/048,Coventry and Warwickshire,20,272957,RCT baseline,,Treatment decision support consultations,321,1,2016-10-25,1,,0,,,
71206,S13/259,E13/259,Royal Liverpool and Broadgreen,13,273203,RCT baseline,2017-01-13,Treatment decision support consultations,322,1,2017-01-06,1,,0,,,
70788,S31/138,E31/070,Dorset County Hospital,31,273816,RCT baseline,,Treatment decision support consultations,323,0,,,,0,,,
70536,S18/044,E18/044,Aneurin Bevan Health Board,18,274304,RCT baseline,2016-12-15,Treatment decision support consultations,324,1,2016-12-05,0,1,0,,,
71639,S13/258,E13/258,Royal Liverpool and Broadgreen,13,274460,RCT baseline,,Treatment decision support consultations,325,1,2017-01-04,1,,0,,,
70702,S25/250,E25/086,Nottingham University Hospital,25,274742,RCT baseline,,Treatment decision support consultations,326,0,,,,0,,,
71649,S13/264,E13/264,Royal Liverpool and Broadgreen,13,274797,RCT baseline,2017-02-17,Treatment decision support consultations,327,1,2017-01-13,1,,0,,,
71972,S10/170,E10/060,St. Helens and Knowsley,10,275267,RCT baseline,,Treatment decision support consultations,328,1,2017-01-19,0,1,0,,,
71886,S19/419,E19/116,Royal Lancaster Infirmary,19,275268,RCT baseline,,Treatment decision support consultations,329,1,2017-01-19,1,,0,,,
67566,S16/221,E16/105,Bradford,16,275283,RCT baseline,,Treatment decision support consultations,330,1,2016-09-29,1,,0,,,
71985,S13/265,E13/265,Royal Liverpool and Broadgreen,13,275307,RCT baseline,2017-01-23,Treatment decision support consultations,331,1,2017-01-13,1,,0,,,
72274,S13/270,E13/270,Royal Liverpool and Broadgreen,13,275994,RCT baseline,,Treatment decision support consultations,332,1,2017-01-16,1,,0,,,
72493,S25/257,E25/089,Nottingham University Hospital,25,276465,RCT baseline,,Treatment decision support consultations,333,0,,,,1,2017-02-28,0,1
72512,S16/227,E16/110,Bradford,16,276490,RCT baseline,,Treatment decision support consultations,334,1,2017-01-11,0,1,0,,,
72641,S10/172,E10/061,St. Helens and Knowsley,10,276797,RCT baseline,,Treatment decision support consultations,335,0,,,,0,,,
72649,S10/173,E10/062,St. Helens and Knowsley,10,276811,RCT baseline,,Treatment decision support consultations,336,1,2017-01-26,0,1,0,,,
71195,S10/168,E10/059,St. Helens and Knowsley,10,276953,RCT baseline,,Treatment decision support consultations,337,0,,,,0,,,
72891,S41/059,E41/043,Croydon University Hospital,41,277399,RCT baseline,,Treatment decision support consultations,338,0,,,,0,,,
72921,S17/195,E17/167,Cardiff,17,277479,RCT baseline,,Treatment decision support consultations,339,1,2017-01-30,1,,0,,,
72996,S27/185,E27/071,Leighton Hospital Mid Cheshire Hospitals,27,277677,RCT baseline,,Treatment decision support consultations,340,1,2017-01-23,0,1,1,2017-01-23,1,
73036,S56/003,E56/003,Oxford,56,277773,RCT baseline,,Treatment decision support consultations,341,1,2017-01-31,0,1,0,,,
73245,S12/997,E12/089,York,12,278201,RCT baseline,2017-01-30,Treatment decision support consultations,342,1,2017-01-27,1,,0,,,
71841,S35/289,E35/048,Chesterfield,35,278422,RCT baseline,2017-02-04,Treatment decision support consultations,343,1,2017-02-01,1,,0,,,
73557,S17/199,E17/169,Cardiff,17,279177,RCT baseline,,Treatment decision support consultations,344,0,,,,0,,,
73904,S10/174,E10/063,St. Helens and Knowsley,10,279732,RCT baseline,,Treatment decision support consultations,345,0,,,,0,,,
73949,S31/148,E31/074,Dorset County Hospital,31,279819,RCT baseline,,Treatment decision support consultations,346,0,,,,0,,,
70108,S13/230,E13/230,Royal Liverpool and Broadgreen,13,279842,RCT baseline,2016-11-30,Treatment decision support consultations,347,1,2016-11-21,1,,0,,,
73984,S31/145,E31/071,Dorset County Hospital,31,279930,RCT baseline,,Treatment decision support consultations,348,1,2017-02-03,1,,0,,,
72927,S27/191,E27/074,Leighton Hospital Mid Cheshire Hospitals,27,279948,RCT baseline,,Treatment decision support consultations,349,1,2017-01-23,1,,0,,,
73999,S31/147,E31/073,Dorset County Hospital,31,279955,RCT baseline,2017-02-08,Treatment decision support consultations,350,0,,,,1,2017-02-06,1,
70621,S55/005,E55/003,St Mary's Hospital,55,280021,RCT baseline,,Treatment decision support consultations,351,1,2016-12-14,0,1,0,,,
74023,S25/261,E25/092,Nottingham University Hospital,25,280051,RCT baseline,,Treatment decision support consultations,352,0,,,,0,,,
74006,S13/280,E13/280,Royal Liverpool and Broadgreen,13,280085,RCT baseline,2017-02-10,Treatment decision support consultations,353,1,2017-01-30,1,,0,,,
72985,S06/064,E06/038,Leicester,06,280441,RCT baseline,2017-01-30,Treatment decision support consultations,354,1,2017-01-30,0,1,0,,,
70225,S06/062,E06/037,Leicester,06,280455,RCT baseline,,Treatment decision support consultations,355,1,2016-11-14,0,1,0,,,
62211,S16/199,E16/096,Bradford,16,246312,RCT baseline,,Treatment decision support consultations,356,1,2016-05-10,0,1,0,,,
73686,S56/005,E56/005,Oxford,56,280736,RCT baseline,,Treatment decision support consultations,357,1,2017-01-19,1,,0,,,
74174,S13/274,E13/274,Royal Liverpool and Broadgreen,13,280766,RCT baseline,2017-04-01,Treatment decision support consultations,358,1,2017-01-23,1,,0,,,
74476,S54/003,E54/001,St Margaret's Hospital,54,281423,RCT baseline,,Treatment decision support consultations,359,1,2017-02-08,1,,0,,,
70804,S35/282,E35/047,Chesterfield,35,279029,RCT baseline,2017-01-15,Treatment decision support consultations,360,1,2017-01-05,1,,0,,,
74115,S40/029,E40/023,Yeovil District Hospital,40,281855,RCT baseline,,Treatment decision support consultations,361,1,2017-02-15,1,,0,,,
74667,S40/030,E40/024,Yeovil District Hospital,40,281932,RCT baseline,,Treatment decision support consultations,362,1,2017-02-15,1,,0,,,
73100,S13/263,E13/263,Royal Liverpool and Broadgreen,13,282616,RCT baseline,,Treatment decision support consultations,363,1,2017-01-30,1,,0,,,
69033,S46/043,E46/043,Tameside Hospital,46,282641,RCT baseline,,Treatment decision support consultations,364,0,,,,1,2016-12-22,1,
74412,S19/430,E19/119,Royal Lancaster Infirmary,19,282681,RCT baseline,,Treatment decision support consultations,365,1,2017-02-14,0,1,0,,,
75007,S53/128,E53/024,Brighton Hospital,53,282878,RCT baseline,,Treatment decision support consultations,366,1,2017-02-07,1,,0,,,
75137,S17/198,E17/170,Cardiff,17,283351,RCT baseline,,Treatment decision support consultations,367,0,,,,0,,,
73409,S25/260,E25/091,Nottingham University Hospital,25,283457,RCT baseline,,Treatment decision support consultations,368,0,,,,0,,,
75219,S41/060,E41/044,Croydon University Hospital,41,283508,RCT baseline,,Treatment decision support consultations,369,0,,,,0,,,
75300,S27/193,E27/075,Leighton Hospital Mid Cheshire Hospitals,27,283728,RCT baseline,,Treatment decision support consultations,370,1,2017-02-20,1,,0,,,
75375,S28/221,E28/090,The Royal Marsden,28,283992,RCT baseline,2017-03-03,Treatment decision support consultations,371,1,2017-03-03,1,,0,,,
71109,S28/211,E28/088,The Royal Marsden,28,284001,RCT baseline,,Treatment decision support consultations,372,0,,,,0,,,
75429,S28/223,E28/091,The Royal Marsden,28,284218,RCT baseline,,Treatment decision support consultations,373,0,,,,0,,,
75333,S19/436,E19/121,Royal Lancaster Infirmary,19,284358,RCT baseline,,Treatment decision support consultations,374,1,2017-03-06,1,,0,,,
75606,S28/222,E28/092,The Royal Marsden,28,284690,RCT baseline,,Treatment decision support consultations,375,0,,,,0,,,
74530,S25/262,E25/093,Nottingham University Hospital,25,284716,RCT baseline,,Treatment decision support consultations,376,0,,,,0,,,
73983,S27/189,E27/072,Leighton Hospital Mid Cheshire Hospitals,27,284718,RCT baseline,,Treatment decision support consultations,377,1,2017-01-11,0,1,0,,,
75651,S13/284,E13/284,Royal Liverpool and Broadgreen,13,284724,RCT baseline,,Treatment decision support consultations,378,0,,,,0,,,
68614,S53/090,E53/018,Brighton Hospital,53,284783,RCT baseline,,Treatment decision support consultations,379,1,2016-09-09,0,1,0,,,
74413,S35/297,E35/049,Chesterfield,35,284807,RCT baseline,,Treatment decision support consultations,380,1,2017-03-02,1,,0,,,
75734,S13/287,E13/287,Royal Liverpool and Broadgreen,13,284913,RCT baseline,2017-03-13,Treatment decision support consultations,381,1,2017-03-10,1,,0,,,
74975,S56/011,E56/001,Oxford,56,285232,RCT baseline,,Treatment decision support consultations,382,1,2017-03-08,0,1,0,,,
74968,S30/093,E30/052,Guys and St Thomas,30,285617,RCT baseline,,Treatment decision support consultations,383,1,2017-01-06,0,1,0,,,
75995,S30/094,E30/053,Guys and St Thomas,30,285620,RCT baseline,,Treatment decision support consultations,384,1,2016-12-23,1,,0,,,
73469,S06/065,E06/039,Leicester,06,285995,RCT baseline,,Treatment decision support consultations,385,1,2017-02-01,0,1,0,,,
76237,S31/150,E31/075,Dorset County Hospital,31,286185,RCT baseline,,Treatment decision support consultations,386,0,,,,0,,,
75553,S02/157,E02/042,Barnsley,02,286376,RCT baseline,2017-03-03,Treatment decision support consultations,387,1,2017-03-03,1,,0,,,
76353,S02/158,E02/043,Barnsley,02,286431,RCT baseline,,Treatment decision support consultations,388,0,,,,0,,,
76431,S31/146,E31/072,Dorset County Hospital,31,286600,RCT baseline,,Treatment decision support consultations,389,0,,,,0,,,
76460,S41/061,E41/045,Croydon University Hospital,41,286675,RCT baseline,,Treatment decision support consultations,390,0,,,,0,,,
76471,S41/062,E41/046,Croydon University Hospital,41,286700,RCT baseline,,Treatment decision support consultations,391,1,2017-03-09,1,,0,,,
73138,S25/258,E25/090,Nottingham University Hospital,25,287154,RCT baseline,,Treatment decision support consultations,392,0,,,,,,,
76669,S54/005,E54/002,St Margaret's Hospital,54,287173,RCT baseline,,Treatment decision support consultations,393,1,2017-03-15,1,,1,,,
76726,S10/191,E10/065,St. Helens and Knowsley,10,287346,RCT baseline,,Treatment decision support consultations,394,1,2017-03-23,1,,1,2017-03-23,0,1
76730,S17/205,E17/172,Cardiff,17,287370,RCT baseline,,Treatment decision support consultations,395,0,,,,0,,,
76732,S17/209,E17/171,Cardiff,17,287377,RCT baseline,,Treatment decision support consultations,396,0,,,,0,,,
72973,S17/200,E17/168,Cardiff,17,287423,RCT baseline,,Treatment decision support consultations,397,0,,,,0,,,
76754,S27/198,E27/076,Leighton Hospital Mid Cheshire Hospitals,27,287457,RCT baseline,,Treatment decision support consultations,398,1,2017-03-09,0,1,0,,,
76758,S12/1019,E12/091,York,12,287470,RCT baseline,2017-03-21,Treatment decision support consultations,399,1,2017-03-21,1,,0,,,
76777,S41/063,E41/047,Croydon University Hospital,41,287521,RCT baseline,,Treatment decision support consultations,400,0,,,,0,,,
76770,S12/1025,E12/093,York,12,287536,RCT baseline,,Treatment decision support consultations,401,1,2017-03-24,1,,0,,,
74260,S55/009,E55/007,St Mary's Hospital,55,287591,RCT baseline,,Treatment decision support consultations,402,1,2017-02-02,1,,1,2017-03-08,1,
71983,S28/212,E28/089,The Royal Marsden,28,287871,RCT baseline,,Treatment decision support consultations,403,0,,,,0,,,
76955,S16/235,E16/112,Bradford,16,288177,RCT baseline,,Treatment decision support consultations,404,0,,,,0,,,
73304,S16/228,E16/111,Bradford,16,288183,RCT baseline,,Treatment decision support consultations,405,0,,,,0,,,
62665,S09/107,E09/076,Harrogate,09,288184,RCT baseline,,Treatment decision support consultations,406,1,2016-06-15,0,1,0,,,
63031,S09/110,E09/079,Harrogate,09,288192,RCT baseline,,Treatment decision support consultations,407,1,2016-07-05,0,1,0,,,
63831,S09/113,E09/080,Harrogate,09,288193,RCT baseline,,Treatment decision support consultations,408,1,2016-07-15,0,1,0,,,
70655,S09/120,E09/082,Harrogate,09,288196,RCT baseline,,Treatment decision support consultations,409,1,2016-11-30,0,1,0,,,
70661,S09/118,E09/083,Harrogate,09,288197,RCT baseline,,Treatment decision support consultations,410,1,2016-12-02,0,1,0,,,
77008,S10/193,E10/066,St. Helens and Knowsley,10,288281,RCT baseline,,Treatment decision support consultations,411,0,,,,0,,,
77032,S27/201,E27/077,Leighton Hospital Mid Cheshire Hospitals,27,288368,RCT baseline,,Treatment decision support consultations,412,1,2017-03-24,0,1,0,,,
77056,S13/300,E13/300,Royal Liverpool and Broadgreen,13,288478,RCT baseline,2017-04-06,Treatment decision support consultations,413,1,2017-04-06,0,1,0,,,
75288,S25/266,E25/094,Nottingham University Hospital,25,288971,RCT baseline,,Treatment decision support consultations,414,0,,,,0,,,
76910,S30/096,E30/054,Guys and St Thomas,30,289005,RCT baseline,,Treatment decision support consultations,415,1,2016-12-23,1,,0,,,
77230,S40/032,E40/026,Yeovil District Hospital,40,289021,RCT baseline,2017-04-11,Treatment decision support consultations,416,1,2017-03-29,1,,0,,,
77087,S40/031,E40/025,Yeovil District Hospital,40,289026,RCT baseline,2017-04-10,Treatment decision support consultations,417,1,2017-04-05,1,,0,,,
77300,S13/309,E13/309,Royal Liverpool and Broadgreen,13,289226,RCT baseline,,Treatment decision support consultations,418,1,2017-04-18,0,1,0,,,
77247,S35/315,E35/052,Chesterfield,35,289236,RCT baseline,,Treatment decision support consultations,419,1,2017-04-18,1,,0,,,
77313,S41/065,E41/048,Croydon University Hospital,41,289258,RCT baseline,,Treatment decision support consultations,420,0,,,,0,,,
77258,S25/267,E25/095,Nottingham University Hospital,25,289396,RCT baseline,,Treatment decision support consultations,421,0,,,,0,,,
74938,S49/052,E49/029,Kings Mill Hospital,49,289635,RCT baseline,,Treatment decision support consultations,422,0,,,,0,,,
77464,S10/198,E10/067,St. Helens and Knowsley,10,289679,RCT baseline,,Treatment decision support consultations,423,1,2017-04-20,1,,0,,,
65603,S03/178,E03/047,Doncaster,03,289923,RCT baseline,,Treatment decision support consultations,424,1,2016-09-14,1,,0,,,
77522,S29/295,E29/118,Cheltenham General,29,290042,RCT baseline,,Treatment decision support consultations,425,1,2017-04-12,0,1,0,,,
59231,S01/218,E01/097,Sheffield,01,290110,RCT baseline,2016-01-06,Treatment decision support consultations,426,1,2016-12-30,1,,0,,,
59162,S01/223,E01/101,Sheffield,01,290302,RCT baseline,,Treatment decision support consultations,427,1,2016-02-08,1,,0,,,
62363,S01/227,E01/103,Sheffield,01,290323,RCT baseline,2016-02-17,Treatment decision support consultations,428,1,2016-02-10,1,,0,,,
77659,S54/006,E54/003,St Margaret's Hospital,54,290358,RCT baseline,,Treatment decision support consultations,429,1,2017-04-19,1,,0,,,
77710,S54/008,E54/004,St Margaret's Hospital,54,290425,RCT baseline,,Treatment decision support consultations,430,1,2017-03-15,1,,1,2017-03-15,1,
69412,S53/104,E53/022,Brighton Hospital,53,290737,RCT baseline,,Treatment decision support consultations,431,1,2016-09-28,0,1,1,2016-11-29,1,
77552,S20/112,E20/050,Coventry and Warwickshire,20,290830,RCT baseline,,Treatment decision support consultations,432,1,2017-04-20,0,1,0,,,
77900,S13/310,E13/310,Royal Liverpool and Broadgreen,13,290950,RCT baseline,,Treatment decision support consultations,433,1,2017-04-21,0,1,0,,,
68844,S20/098,E20/046,Coventry and Warwickshire,20,290997,RCT baseline,,Treatment decision support consultations,434,1,2016-10-13,1,,0,,,
76864,S55/014,E55/011,St Mary's Hospital,55,291007,RCT baseline,,Treatment decision support consultations,435,0,,,,1,2017-05-17,1,
77929,S12/1039,E12/095,York,12,291069,RCT baseline,2017-04-29,Treatment decision support consultations,436,1,2017-04-27,1,,0,,,
77939,S56/021,E56/016,Oxford,56,291092,RCT baseline,,Treatment decision support consultations,437,0,,,,0,,,
77951,S56/022,E56/017,Oxford,56,291093,RCT baseline,,Treatment decision support consultations,438,0,,,,0,,,
77958,S10/199,E10/068,St. Helens and Knowsley,10,291103,RCT baseline,,Treatment decision support consultations,439,1,2017-05-04,0,1,0,,,
78047,S16/241,E16/115,Bradford,16,291438,RCT baseline,,Treatment decision support consultations,440,0,,,,0,,,
78086,S56/023,E56/018,Oxford,56,291576,RCT baseline,,Treatment decision support consultations,441,1,2017-05-04,1,,0,,,
78090,S30/100,E30/056,Guys and St Thomas,30,291649,RCT baseline,,Treatment decision support consultations,442,0,,,,0,,,
59104,S01/219,E01/098,Sheffield,01,265839,RCT baseline,,Treatment decision support consultations,443,1,2016-01-07,1,,0,,,
59230,S01/221,E01/100,Sheffield,01,291691,RCT baseline,,Treatment decision support consultations,444,1,2016-01-19,1,,0,,,
62371,S01/230,E01/105,Sheffield,01,291703,RCT baseline,,Treatment decision support consultations,445,1,2016-03-23,1,,0,,,
61213,S01/232,E01/106,Sheffield,01,291757,RCT baseline,,Treatment decision support consultations,446,0,,,,0,,,
78144,S17/217,E17/173,Cardiff,17,291811,RCT baseline,,Treatment decision support consultations,447,0,,,,,,,
78162,S56/024,E56/019,Oxford,56,291821,RCT baseline,,Treatment decision support consultations,448,0,,,,0,,,
67812,S20/095,E20/044,Coventry and Warwickshire,20,291889,RCT baseline,,Treatment decision support consultations,449,1,2016-09-30,1,,0,,,
70627,S55/004,E55/004,St Mary's Hospital,55,292011,RCT baseline,,Treatment decision support consultations,450,0,,,,0,,,
78313,S56/026,E56/020,Oxford,56,292234,RCT baseline,,Treatment decision support consultations,451,1,2017-05-11,0,1,0,,,
62233,S31/105,E31/057,Dorset County Hospital,31,246094,RCT baseline,,Treatment decision support consultations,452,1,2016-05-13,0,1,0,,,
62392,S31/107,E31/058,Dorset County Hospital,31,292509,RCT baseline,,Treatment decision support consultations,453,0,,,,0,,,
78471,S10/202,E10/070,St. Helens and Knowsley,10,292700,RCT baseline,,Treatment decision support consultations,454,0,,,,0,,,
77686,S19/452,E19/124,Royal Lancaster Infirmary,19,292916,RCT baseline,,Treatment decision support consultations,455,1,2017-04-24,0,1,0,,,
78600,S55/019,E55/012,St Mary's Hospital,55,292969,RCT baseline,,Treatment decision support consultations,456,1,2017-04-27,0,1,,,,
75701,S35/305,E35/051,Chesterfield,35,293012,RCT baseline,,Treatment decision support consultations,457,1,2017-03-14,1,,0,,,
76716,S55/012,E55/009,St Mary's Hospital,55,293031,RCT baseline,,Treatment decision support consultations,458,1,2017-03-09,1,,1,2017-04-26,1,
78602,S09/126,E09/084,Harrogate,09,293044,RCT baseline,,Treatment decision support consultations,459,0,,,,0,,,
78606,S29/297,E29/120,Cheltenham General,29,293047,RCT baseline,,Treatment decision support consultations,460,1,2017-04-12,0,1,0,,,
76865,S55/015,E55/010,St Mary's Hospital,55,293127,RCT baseline,,Treatment decision support consultations,461,1,2017-03-30,1,,0,,,
78664,S41/066,E41/049,Croydon University Hospital,41,293210,RCT baseline,,Treatment decision support consultations,462,0,,,,0,,,
78665,S41/067,E41/050,Croydon University Hospital,41,293254,RCT baseline,,Treatment decision support consultations,463,0,,,,0,,,
73685,S56/004,E56/021,Oxford,56,293273,RCT baseline,,Treatment decision support consultations,464,1,2017-02-03,0,1,0,,,
68629,S53/097,E53/020,Brighton Hospital,53,293276,RCT baseline,,Treatment decision support consultations,465,1,2016-09-22,1,,0,,,
