individual_id,Screening No,Enrolment No,site,site_code,event_id,event_name,event_date,form_name,database_id,trt_opt_discussed,odt_staff_used,odt_staff_used_no_not_time_o,odt_staff_used_no_pt_not_suit_o,odt_staff_used_no_staff_not_like_o,odt_staff_used_no_no_access_o,odt_staff_used_no_already_decide_o,odt_staff_used_no_oth_o,odt_staff_used_no_oth,odt_pt_shown,odt_pt_shown_no_not_time_o,odt_pt_shown_no_pt_not_suit_o,odt_pt_shown_no_staff_not_like_o,odt_pt_shown_no_no_access_o,odt_pt_shown_no_distressed_o,odt_pt_shown_no_not_understood_o,odt_pt_shown_no_decided_o,odt_pt_shown_no_fam_reluctant_o,odt_pt_shown_no_oth_o,odt_pt_shown_no_oth,odt_taken_home,odt_taken_home_no_not_time_o,odt_taken_home_no_pt_not_suit_o,odt_taken_home_no_staff_not_like_o,odt_taken_home_no_no_access_o,odt_taken_home_no_not_offer_o,odt_taken_home_no_distressed_o,odt_taken_home_no_not_understood_o,odt_taken_home_no_decided_o,odt_taken_home_no_pt_reluctant_o,odt_taken_home_no_fam_reluctant_o,odt_taken_home_no_oth_o,odt_taken_home_no_oth,og_staff_used,og_staff_used_no_not_time_o,og_staff_used_no_pt_not_suit_o,og_staff_used_no_staff_not_like_o,og_staff_used_no_not_avail_o,og_staff_used_no_distressed_o,og_staff_used_no_not_understood_o,og_staff_used_no_decided_o,og_staff_used_no_pt_reluctant_o,og_staff_used_no_fam_reluctant_o,og_staff_used_no_oth_o,og_staff_used_no_oth,og_taken_home,og_taken_home_no_not_time_o,og_taken_home_no_pt_not_suit_o,og_taken_home_no_staff_not_like_o,og_taken_home_no_not_avail_o,og_taken_home_no_not_offer_o,og_taken_home_no_distressed_o,og_taken_home_no_not_understood_o,og_taken_home_no_decided_o,og_taken_home_no_pt_reluctant_o,og_taken_home_no_fam_reluctant_o,og_taken_home_no_oth_o,og_taken_home_no_oth,b_staff_used,b_staff_used_no_not_time_o,b_staff_used_no_pt_not_suit_o,b_staff_used_no_staff_not_like_o,b_staff_used_no_not_avail_o,b_staff_used_no_distressed_o,b_staff_used_no_not_understood_o,b_staff_used_no_decided_o,b_staff_used_no_pt_reluctant_o,b_staff_used_no_fam_reluctant_o,b_staff_used_no_oth_o,b_staff_used_no_oth,b_taken_home,b_taken_home_no_not_time_o,b_taken_home_no_pt_not_suit_o,b_taken_home_no_staff_not_like_o,b_taken_home_no_not_avail_o,b_taken_home_no_not_offer_o,b_taken_home_no_distressed_o,b_taken_home_no_not_understood_o,b_taken_home_no_decided_o,b_taken_home_no_pt_reluctant_o,b_taken_home_no_fam_reluctant_o,b_taken_home_no_oth_o,b_taken_home_no_oth
58169,S24/077,E24/077,Hull and East Yorkshire - Castle Hill,24,249980,RCT treatment,,Treatment decision,5,2,1,0,0,0,0,0,0,"",0,0,0,0,0,0,0,1,0,0,"",0,0,0,0,0,0,0,0,1,0,0,0,"",0,0,0,0,0,0,0,1,0,0,0,"",1,0,0,0,0,0,0,0,0,0,0,0,"",0,0,0,0,0,0,0,1,0,0,0,"",1,0,0,0,0,0,0,0,0,0,0,0,""
57908,S09/093,E09/070,Harrogate,09,249986,RCT treatment,,Treatment decision,11,2,0,0,0,0,0,0,1,Not ready at site,0,0,0,0,0,0,0,0,0,1,Not ready at site,0,0,0,0,0,0,0,0,0,0,0,1,Not ready at site,0,0,0,0,0,0,0,0,0,0,1,Not ready at site,0,0,0,0,0,0,0,0,0,0,0,1,Not ready at site,0,0,0,0,0,0,0,0,0,0,1,Not ready at site,0,0,0,0,0,0,0,0,0,0,0,1,Not ready at site
58848,S24/078,E24/078,Hull and East Yorkshire - Castle Hill,24,249999,RCT treatment,,Treatment decision,18,2,1,0,0,0,0,0,0,"",1,0,0,0,0,0,0,0,0,0,"",0,0,0,0,0,0,0,0,1,0,0,0,"",1,0,0,0,0,0,0,0,0,0,0,"",1,0,0,0,0,0,0,0,0,0,0,0,"",0,0,0,0,0,0,0,1,0,0,0,"",1,0,0,0,0,0,0,0,0,0,0,0,""
58993,S09/097,E09/071,Harrogate,09,250003,RCT treatment,,Treatment decision,22,2,0,0,0,0,1,0,0,"",,0,0,0,0,0,0,0,0,0,"",0,0,0,0,1,0,0,0,0,0,0,0,"",0,1,0,0,0,0,0,0,0,0,0,"",0,0,0,0,0,1,0,0,0,0,0,0,"",0,1,0,0,0,0,0,0,0,0,0,"",0,1,0,0,0,0,0,0,0,0,0,1,Given local detailed booklet and Information from CNS
59048,S09/098,E09/072,Harrogate,09,250004,RCT treatment,,Treatment decision,23,2,0,0,0,0,1,0,0,"",0,1,0,0,0,0,0,0,0,0,"",0,0,0,0,0,0,0,0,0,0,0,1,Macmillan Breast care info pack given,0,0,0,1,0,0,0,0,0,0,0,"",0,0,0,0,0,1,0,0,0,0,0,0,"",0,0,0,0,0,0,0,0,0,0,1,CNS information given along macmillan booklet,0,0,0,0,0,0,1,0,0,0,0,0,""
59106,S01/220,E01/099,Sheffield,01,250006,RCT treatment,,Treatment decision,25,2,1,0,0,0,0,0,0,"",1,0,0,0,0,0,0,0,0,0,"",1,0,0,0,0,0,0,0,0,0,0,0,"",1,0,0,0,0,0,0,0,0,0,0,"",1,0,0,0,0,0,0,0,0,0,0,0,"",1,0,0,0,0,0,0,0,0,0,0,"",1,0,0,0,0,0,0,0,0,0,0,0,""
59050,S15/350,E15/120,Leeds Teaching Hospitals,15,250009,RCT treatment,,Treatment decision,28,,0,0,0,0,0,1,0,"",0,0,0,0,0,0,0,1,0,0,"",0,0,0,0,0,0,0,0,1,0,0,0,"",0,0,0,0,0,0,0,1,0,0,0,"",0,0,0,0,0,0,0,0,1,0,0,0,"",0,0,0,0,0,0,0,1,0,0,0,"",0,0,0,0,0,0,0,0,1,0,0,0,""
59173,S15/354,E15/122,Leeds Teaching Hospitals,15,250010,RCT treatment,,Treatment decision,29,2,0,0,0,0,0,1,0,"",0,0,0,0,0,0,0,1,0,0,"",0,0,0,0,0,0,0,0,1,0,0,0,"",0,0,0,0,0,0,0,1,0,0,0,"",0,0,0,0,0,0,0,0,1,0,0,0,"",0,0,0,0,0,0,0,1,0,0,0,"",0,0,0,0,0,0,0,0,1,0,0,0,""
57775,S15/332,E15/118,Leeds Teaching Hospitals,15,250011,RCT treatment,,Treatment decision,30,2,0,0,0,0,0,1,0,"",0,0,0,0,0,0,0,1,0,0,"",0,0,0,0,0,0,0,0,1,0,0,0,"",0,0,0,0,0,0,0,1,0,0,0,"",0,0,0,0,0,0,0,0,1,0,0,0,"",0,0,0,0,0,0,0,1,0,0,0,"",0,0,0,0,0,0,0,0,1,0,0,0,""
59187,S15/353,E15/121,Leeds Teaching Hospitals,15,250012,RCT treatment,,Treatment decision,31,2,0,0,0,0,0,1,0,"",0,0,0,0,0,0,0,1,0,0,"",0,0,0,0,0,0,0,0,1,0,0,0,"",0,0,0,0,0,0,0,1,0,0,0,"",0,0,0,0,0,0,0,0,1,0,0,0,"",0,0,0,0,0,0,0,1,0,0,0,"",0,0,0,0,0,0,0,0,1,0,0,0,""
59247,S13/168,E13/168,Royal Liverpool and Broadgreen,13,250018,RCT treatment,,Treatment decision,37,2,1,0,0,0,0,0,0,"",1,0,0,0,0,0,0,0,0,0,"",1,0,0,0,0,0,0,0,0,0,0,0,"",1,0,0,0,0,0,0,0,0,0,0,"",1,0,0,0,0,0,0,0,0,0,0,0,"",0,0,0,0,0,0,0,1,0,0,0,"",0,0,0,0,0,0,0,0,1,0,0,0,""
59297,S24/079,E24/079,Hull and East Yorkshire - Castle Hill,24,250022,RCT treatment,,Treatment decision,41,,0,0,0,0,0,1,0,"",0,0,0,0,0,0,0,1,0,0,"",0,0,0,0,0,0,0,0,1,0,0,0,"",0,0,0,0,0,0,0,1,0,0,0,"",0,0,0,0,0,0,0,0,1,0,0,0,"",0,0,0,0,0,0,0,1,0,0,0,"",0,0,0,0,0,0,0,0,1,0,0,0,""
59166,S01/224,E01/102,Sheffield,01,250023,RCT treatment,,Treatment decision,42,2,1,0,0,0,0,0,0,"",1,0,0,0,0,0,0,0,0,0,"",1,0,0,0,0,0,0,0,0,0,0,0,"",1,0,0,0,0,0,0,0,0,0,0,"",1,0,0,0,0,0,0,0,0,0,0,0,"",1,0,0,0,0,0,0,0,0,0,0,"",1,0,0,0,0,0,0,0,0,0,0,0,""
59246,S20/078,E20/035,Coventry and Warwickshire,20,250024,RCT treatment,,Treatment decision,43,2,0,0,0,0,0,1,0,"",0,0,0,0,0,0,0,1,0,0,"",0,0,0,0,0,0,0,0,1,0,0,0,"",0,0,0,0,0,0,0,1,0,0,0,"",0,0,0,0,0,0,0,0,1,0,0,0,"",0,0,0,0,0,0,0,1,0,0,0,"",0,0,0,0,0,0,0,0,1,0,0,0,""
59345,S24/080,E24/080,Hull and East Yorkshire - Castle Hill,24,250025,RCT treatment,,Treatment decision,44,,0,0,0,0,0,0,1,MDT decision - patient needs surgery,0,0,0,0,0,0,0,0,0,1,Choice not offered Needs surgery,0,0,0,0,0,1,0,0,0,0,0,0,"",0,0,0,0,0,0,0,0,0,0,1,Needs surgery,0,0,0,0,0,1,0,0,0,0,0,0,"",0,0,0,0,0,0,0,0,0,0,1,Needs surgery,1,0,0,0,0,0,0,0,0,0,0,0,""
58075,S20/073,E20/032,Coventry and Warwickshire,20,250027,RCT treatment,,Treatment decision,46,2,0,0,0,0,0,0,1,Patient decision made after being offered Surgery and Radiotherapy,0,0,0,0,0,0,0,1,0,0,"",0,0,0,0,0,0,0,0,1,0,0,0,"",0,0,0,0,0,0,0,1,0,0,0,"",0,0,0,0,0,0,0,0,1,0,0,0,"",0,0,0,0,0,0,0,1,0,0,0,"",0,0,0,0,0,0,0,0,1,0,0,0,""
59572,S24/081,E24/081,Hull and East Yorkshire - Castle Hill,24,250033,RCT treatment,,Treatment decision,52,2,1,0,0,0,0,0,0,"",1,0,0,0,0,0,0,0,0,0,"",0,0,0,0,0,1,0,0,0,0,0,0,"",1,0,0,0,0,0,0,0,0,0,0,"",1,0,0,0,0,0,0,0,0,0,0,0,"",0,0,0,0,0,0,0,1,0,0,0,"",1,0,0,0,0,0,0,0,0,0,0,0,""
59449,S19/317,E19/082,Royal Lancaster Infirmary,19,250037,RCT treatment,,Treatment decision,56,2,1,0,0,0,0,0,0,"",1,0,0,0,0,0,0,0,0,0,"",0,0,0,0,0,0,0,0,1,0,0,0,"",1,0,0,0,0,0,0,0,0,0,0,"",0,0,0,0,0,0,0,0,1,0,0,0,"",1,0,0,0,0,0,0,0,0,0,0,"",0,0,0,0,0,0,0,0,1,0,0,0,""
59626,S15/359,E15/123,Leeds Teaching Hospitals,15,250039,RCT treatment,,Treatment decision,58,,0,0,1,0,0,0,0,"",0,0,1,0,0,0,0,0,0,0,"",0,0,1,0,0,1,0,0,0,0,0,0,"",0,0,1,0,0,0,0,0,0,0,0,"",0,0,1,0,0,0,0,0,0,0,0,0,"",0,0,1,0,0,0,0,0,0,0,0,"",0,0,1,0,0,0,0,0,0,0,0,0,""
60852,S09/101,E09/073,Harrogate,09,250043,RCT treatment,,Treatment decision,62,2,0,0,0,0,1,0,0,"",0,0,0,0,1,0,0,0,0,0,"",1,0,0,0,0,0,0,0,0,0,0,0,"",0,1,0,0,0,0,0,0,0,0,0,"",1,0,0,0,0,0,0,0,0,0,0,0,"",0,1,0,0,0,0,0,0,0,0,0,"",1,0,0,0,0,0,0,0,0,0,0,0,""
61008,S09/102,E09/074,Harrogate,09,249995,RCT treatment,,Treatment decision,72,2,0,0,0,0,1,0,0,"",1,0,0,0,0,0,0,0,0,0,"",1,0,0,0,0,0,0,0,0,0,0,0,"",0,1,0,0,0,0,0,0,0,0,0,"",1,0,0,0,0,0,0,0,0,0,0,0,"",0,0,0,0,0,0,0,0,0,0,1,Taken home,1,0,0,0,0,0,0,0,0,0,0,0,""
61139,S12/213,E12/061,York,12,250049,RCT treatment,,Treatment decision,77,2,1,0,0,0,0,0,0,"",1,0,0,0,0,0,0,0,0,0,"",0,0,0,0,0,0,0,0,1,0,0,0,"",0,0,1,0,0,0,0,0,0,0,0,"",0,0,1,0,0,0,0,0,0,0,0,0,"",1,0,0,0,0,0,0,0,0,0,0,"",1,0,0,0,0,0,0,0,0,0,0,0,""
61195,S12/215,E12/063,York,12,250052,RCT treatment,,Treatment decision,80,2,1,0,0,0,0,0,0,"",1,0,0,0,0,0,0,0,0,0,"",1,0,0,0,0,0,0,0,0,0,0,0,"",1,0,0,0,0,0,0,0,0,0,0,"",0,0,0,0,0,0,0,0,0,0,0,1,DID NOT WANT TO TAKE IT HOME,1,0,0,0,0,0,0,0,0,0,0,"",1,0,0,0,0,0,0,0,0,0,0,0,""
62197,S35/217,E35/041,Chesterfield,35,250063,RCT treatment,,Treatment decision,91,2,0,0,0,0,1,0,0,"",0,0,0,0,1,0,0,0,0,0,"",0,0,0,0,1,0,0,0,0,0,0,0,"",0,0,0,0,1,0,0,0,0,0,0,"",0,0,0,0,1,0,0,0,0,0,0,0,"",0,0,0,0,1,0,0,0,0,0,0,"",0,0,0,0,1,0,0,0,0,0,0,0,""
62269,S09/105,E09/075,Harrogate,09,250068,RCT treatment,,Treatment decision,96,2,0,0,0,0,0,0,1,Not available,0,0,0,0,0,0,0,0,0,1,Not available,0,0,0,0,0,0,0,0,0,0,0,1,Not available,0,0,0,0,0,0,0,0,0,0,1,Not available,0,0,0,0,0,0,0,0,0,0,0,1,Not available,0,0,0,0,0,0,0,0,0,0,1,Not available,0,0,0,0,0,0,0,0,0,0,0,1,Not available
62244,S36/148,E36/045,Rotherham,36,250080,RCT treatment,,Treatment decision,108,2,1,0,0,0,0,0,0,"",1,0,0,0,0,0,0,0,0,0,"",1,0,0,0,0,0,0,0,0,0,0,0,"",1,0,0,0,0,0,0,0,0,0,0,"",1,0,0,0,0,0,0,0,0,0,0,0,"",1,0,0,0,0,0,0,0,0,0,0,"",1,0,0,0,0,0,0,0,0,0,0,0,""
61492,S13/177,E13/177,Royal Liverpool and Broadgreen,13,250081,RCT treatment,,Treatment decision,109,2,1,0,0,0,0,0,0,"",0,0,1,0,0,0,0,0,0,0,"",0,0,1,0,0,0,0,0,0,0,0,0,"",0,0,1,0,0,0,0,0,0,0,0,"",0,0,1,0,0,0,0,0,0,0,0,0,"",0,1,0,0,0,0,0,0,0,0,0,"",0,0,1,0,0,0,0,0,0,0,0,0,""
62374,S12/293,E12/065,York,12,250087,RCT treatment,,Treatment decision,115,2,1,0,0,0,0,0,0,"",1,0,0,0,0,0,0,0,0,0,"",1,0,0,0,0,0,0,0,0,0,0,0,"",1,0,0,0,0,0,0,0,0,0,0,"",1,0,0,0,0,0,0,0,0,0,0,0,"",1,0,0,0,0,0,0,0,0,0,0,"",1,0,0,0,0,0,0,0,0,0,0,0,""
62377,S01/229,E01/104,Sheffield,01,250089,RCT treatment,,Treatment decision,117,,0,0,0,0,0,0,0,"",0,0,0,0,0,0,0,0,0,0,"",0,0,0,0,0,0,0,0,0,0,0,0,"",0,0,0,0,0,0,0,0,0,0,1,Er negative and fit for surgery,0,0,0,0,0,0,0,0,0,0,0,1,Er negative and fit for surgery,0,0,0,0,0,0,0,0,0,0,0,"",0,0,0,0,0,0,0,0,0,0,0,0,""
62761,S41/047,E41/037,Croydon University Hospital,41,250346,RCT treatment,,Treatment decision,119,2,0,0,0,0,0,0,1,MDT decision,,0,0,0,0,0,0,0,0,0,"",,0,0,0,0,0,0,0,0,0,0,0,"",0,0,0,0,0,0,0,0,0,0,1,MDT decision,,0,0,0,0,0,0,0,0,0,0,0,"",0,0,0,0,0,0,0,0,0,0,1,MDT decision,,0,0,0,0,0,0,0,0,0,0,0,""
62354,S41/045,E41/035,Croydon University Hospital,41,250372,RCT treatment,,Treatment decision,120,2,0,0,0,0,0,0,1,MDT decision,0,0,0,0,0,0,0,0,0,1,MDT decision,0,0,0,0,0,0,0,0,0,0,0,1,MDT decision,0,0,0,0,0,0,0,0,0,0,1,MDT decision,0,0,0,0,0,0,0,0,0,0,0,1,MDT decision,0,0,0,0,0,0,0,0,0,0,1,N/A,0,0,0,0,0,0,0,0,0,0,0,1,N/A
62426,S41/046,E41/036,Croydon University Hospital,41,251296,RCT treatment,,Treatment decision,121,2,0,0,0,0,0,0,1,MDT decision,0,0,0,0,0,0,0,0,0,1,MDT decision,0,0,0,0,0,1,0,0,0,0,0,0,"",0,0,0,0,0,0,0,0,0,0,1,MDT decision,0,0,0,0,0,1,0,0,0,0,0,0,"",0,0,0,0,0,0,0,0,0,0,1,MDT decision,0,0,0,0,0,1,0,0,0,0,0,0,""
62689,S13/190,E13/190,Royal Liverpool and Broadgreen,13,251325,RCT treatment,,Treatment decision,122,2,0,0,0,0,0,1,0,"",1,0,0,0,0,0,0,0,0,0,"",1,0,0,0,0,0,0,0,0,0,0,0,"",0,0,0,0,0,0,0,1,0,0,0,"",1,0,0,0,0,0,0,0,0,0,0,0,"",0,0,0,0,0,0,0,0,0,0,1,Discussed verbally already.,,0,0,0,0,0,0,0,0,0,0,0,""
62667,S09/108,E09/077,Harrogate,09,251328,RCT treatment,,Treatment decision,123,2,0,0,0,0,0,0,1,"",0,0,0,1,0,0,0,0,0,0,"",0,0,0,0,0,1,0,0,0,0,0,0,"",0,1,0,0,0,0,0,0,0,0,0,"",0,0,0,0,1,0,0,0,0,0,0,0,"",0,1,0,0,0,0,0,0,0,0,0,"",0,1,0,0,0,0,0,0,0,0,0,0,""
62393,S13/184,E13/184,Royal Liverpool and Broadgreen,13,251389,RCT treatment,,Treatment decision,124,2,1,0,0,0,0,0,0,"",1,0,0,0,0,0,0,0,0,0,"",1,0,0,0,0,0,0,0,0,0,0,0,"",0,0,0,0,0,0,0,0,0,0,1,Didn't see it with the paperwork.,1,0,0,0,0,0,0,0,0,0,0,0,"",1,0,0,0,0,0,0,0,0,0,0,"",1,0,0,0,0,0,0,0,0,0,0,0,""
61272,S13/176,E13/176,Royal Liverpool and Broadgreen,13,251871,RCT treatment,,Treatment decision,125,2,0,0,1,0,0,0,0,"",0,0,1,0,0,0,0,0,0,0,"",0,0,1,0,0,0,0,0,0,0,0,0,"",0,0,1,0,0,0,0,0,0,0,0,"",0,0,1,0,0,0,0,0,0,0,0,0,"",0,0,1,0,0,0,0,0,0,0,0,"",0,0,1,0,0,0,0,0,0,0,0,0,""
63655,S13/197,E13/197,Royal Liverpool and Broadgreen,13,251878,RCT treatment,,Treatment decision,126,2,1,0,0,0,0,0,0,"",1,0,0,0,0,0,0,0,0,0,"",1,0,0,0,0,0,0,0,0,0,0,0,"",1,0,0,0,0,0,0,0,0,0,0,"",1,0,0,0,0,0,0,0,0,0,0,0,"",0,0,0,0,0,0,0,0,0,0,0,"",1,0,0,0,0,0,0,0,0,0,0,0,""
63117,S13/195,E13/195,Royal Liverpool and Broadgreen,13,251928,RCT treatment,,Treatment decision,127,2,1,0,0,0,0,0,0,"",1,0,0,0,0,0,0,0,0,0,"",0,0,0,0,0,0,0,0,0,1,0,0,"",0,0,0,0,1,0,0,0,0,0,0,"",0,0,0,0,1,0,0,0,0,0,0,0,"",0,1,0,0,0,0,0,0,0,0,0,"",0,0,0,0,0,1,0,0,0,0,0,0,""
62745,S12/607,E12/069,York,12,252130,RCT treatment,,Treatment decision,128,2,0,0,0,0,0,1,0,"",0,0,0,0,0,0,0,1,0,0,"",0,0,0,0,0,0,0,0,1,0,0,0,"",0,0,0,0,0,0,0,1,0,0,0,"",0,0,0,0,0,0,0,0,1,0,0,0,"",0,0,0,0,0,0,0,1,0,0,0,"",,0,0,0,0,0,0,0,0,0,0,0,""
63862,S13/198,E13/198,Royal Liverpool and Broadgreen,13,252266,RCT treatment,,Treatment decision,129,2,1,0,0,0,0,0,0,"",1,0,0,0,0,0,0,0,0,0,"",1,0,0,0,0,0,0,0,0,0,0,0,"",0,0,0,0,0,0,0,0,0,0,1,taken in booklet,1,0,0,0,0,0,0,0,0,0,0,0,"",1,0,0,0,0,0,0,0,0,0,0,"",1,0,0,0,0,0,0,0,0,0,0,0,""
64529,S13/200,E13/200,Royal Liverpool and Broadgreen,13,253960,RCT treatment,,Treatment decision,130,2,1,0,0,0,0,0,0,"",,0,0,0,0,0,0,0,0,0,"",,0,0,0,0,0,0,0,0,0,0,0,"",1,0,0,0,0,0,0,0,0,0,0,"",,0,0,0,0,0,0,0,0,0,0,0,"",1,0,0,0,0,0,0,0,0,0,0,"",,0,0,0,0,0,0,0,0,0,0,0,""
63078,S19/367,E19/102,Royal Lancaster Infirmary,19,254105,RCT treatment,,Treatment decision,131,2,0,0,0,0,0,1,0,"",,0,0,0,0,0,0,0,0,0,"",,0,0,0,0,0,0,0,0,0,0,0,"",0,0,0,0,0,0,0,1,0,0,0,"",,0,0,0,0,0,0,0,0,0,0,0,"",0,0,0,0,0,0,0,1,0,0,0,"",,0,0,0,0,0,0,0,0,0,0,0,""
62297,S13/181,E13/181,Royal Liverpool and Broadgreen,13,254264,RCT treatment,,Treatment decision,132,2,0,1,0,0,0,0,0,"",0,1,0,0,0,0,0,0,0,0,"",1,0,0,0,0,0,0,0,0,0,0,0,"",0,1,0,0,0,0,0,0,0,0,0,"",1,0,0,0,0,0,0,0,0,0,0,0,"",0,1,0,0,0,0,0,0,0,0,0,"",1,0,0,0,0,0,0,0,0,0,0,0,""
62719,S19/363,E19/100,Royal Lancaster Infirmary,19,254281,RCT treatment,,Treatment decision,133,2,1,0,0,0,0,0,0,"",1,0,0,0,0,0,0,0,0,0,"",1,0,0,0,0,0,0,0,0,0,0,0,"",0,0,0,0,1,0,0,0,0,0,0,"",0,0,0,0,0,0,0,0,0,0,0,0,"",0,0,0,0,1,0,0,0,0,0,0,"",0,0,0,0,1,0,0,0,0,0,0,0,""
64715,S13/206,E13/206,Royal Liverpool and Broadgreen,13,254474,RCT treatment,,Treatment decision,134,2,0,1,0,0,0,0,0,"",0,1,0,0,0,0,0,0,0,0,"",0,0,0,0,0,1,0,0,0,0,0,0,"",0,1,0,0,0,0,0,0,0,0,0,"",0,0,0,0,0,1,0,0,0,0,0,0,"",0,1,0,0,0,0,0,0,0,0,0,"",0,0,0,0,0,1,0,0,0,0,0,0,""
62674,S13/189,E13/189,Royal Liverpool and Broadgreen,13,254794,RCT treatment,,Treatment decision,135,1,1,0,0,0,0,0,0,"",0,0,0,0,0,0,0,0,0,0,"",1,0,0,0,0,0,0,0,0,0,0,0,"",0,1,0,0,0,0,0,0,0,0,0,"",1,0,0,0,0,0,0,0,0,0,0,0,"",0,1,0,0,0,0,0,0,0,0,0,"",1,0,0,0,0,0,0,0,0,0,0,0,""
62680,S13/188,E13/188,Royal Liverpool and Broadgreen,13,254798,RCT treatment,,Treatment decision,136,2,1,0,0,0,0,0,0,"",1,0,0,0,0,0,0,0,0,0,"",1,0,0,0,0,0,0,0,0,0,0,0,"",0,1,0,0,0,0,0,0,0,0,0,"",1,0,0,0,0,0,0,0,0,0,0,0,"",0,1,0,0,0,0,0,0,0,0,0,"",1,0,0,0,0,0,0,0,0,0,0,0,""
63589,S35/242,E35/044,Chesterfield,35,254812,RCT treatment,,Treatment decision,137,2,1,0,0,0,0,0,0,"",0,0,0,0,0,0,0,0,0,1,The outcome was 24 patients more likely to survive at 5 years if surgery rather than PET. I used this figure. I think giving them the overall mortality  in this case 60%alive at 5 years with surgery ) is a bit much in a consultation when they have been given a new cancer diagnosis. I feel the useful information is the difference between PET and SURGERY. I can not find a way to show the difference using the online tool without significant depressing mortality statistics,0,0,0,0,0,0,0,0,0,0,0,1,see previous comment,0,0,0,0,0,0,0,0,0,0,1,see above,0,0,0,0,0,0,0,0,0,0,0,1,see above,1,0,0,0,0,0,0,0,0,0,0,"",1,0,0,0,0,0,0,0,0,0,0,0,""
64562,S13/201,E13/201,Royal Liverpool and Broadgreen,13,254884,RCT treatment,,Treatment decision,138,2,1,0,0,0,0,0,0,"",1,0,0,0,0,0,0,0,0,0,"",1,0,0,0,0,0,0,0,0,0,0,0,"",0,1,0,0,0,0,0,0,0,0,0,"",1,0,0,0,0,0,0,0,0,0,0,0,"",0,1,0,0,0,0,0,0,0,0,0,"",1,0,0,0,0,0,0,0,0,0,0,0,""
62702,S19/356,E19/095,Royal Lancaster Infirmary,19,255209,RCT treatment,,Treatment decision,139,1,0,0,1,0,0,0,0,"",0,0,1,0,0,0,0,0,0,0,"",0,0,1,0,0,0,0,0,0,0,0,0,"",0,0,0,0,1,0,0,0,0,0,0,"",0,0,0,0,1,0,0,0,0,0,0,0,"",0,0,0,0,1,0,0,0,0,0,0,"",0,0,0,0,1,0,0,0,0,0,0,0,""
64678,S12/707,E12/071,York,12,256441,RCT treatment,,Treatment decision,140,2,1,0,0,0,0,0,0,"",1,0,0,0,0,0,0,0,0,0,"",0,0,0,0,0,0,0,0,1,0,0,0,"",1,0,0,0,0,0,0,0,0,0,0,"",0,0,0,0,0,0,0,0,1,0,0,0,"",1,0,0,0,0,0,0,0,0,0,0,"",0,0,0,0,0,0,0,0,1,0,0,0,""
62384,S12/295,E12/067,York,12,257650,RCT treatment,,Treatment decision,141,2,1,0,0,0,0,0,0,"",1,0,0,0,0,0,0,0,0,0,"",1,0,0,0,0,0,0,0,0,0,0,0,"",1,0,0,0,0,0,0,0,0,0,0,"",1,0,0,0,0,0,0,0,0,0,0,0,"",1,0,0,0,0,0,0,0,0,0,0,"",1,0,0,0,0,0,0,0,0,0,0,0,""
65687,S19/382,E19/106,Royal Lancaster Infirmary,19,257742,RCT treatment,,Treatment decision,142,2,0,0,0,0,0,1,0,"",0,0,0,0,0,0,0,1,0,0,"",0,0,0,0,0,0,0,0,1,0,0,0,"",0,0,0,0,0,0,0,1,0,0,0,"",0,0,0,0,0,0,0,0,1,0,0,0,"",0,0,0,0,0,0,0,1,0,0,0,"",0,0,0,0,0,0,0,0,1,0,0,0,""
65984,S09/115,E09/081,Harrogate,09,258362,RCT treatment,,Treatment decision,143,2,0,1,0,0,0,0,0,"",0,1,0,0,0,0,0,0,0,0,"",0,1,0,0,0,0,0,0,0,0,0,0,"",0,1,0,0,0,0,0,0,0,0,0,"",0,1,0,0,0,0,0,0,0,0,0,0,"",0,1,0,0,0,0,0,0,0,0,0,"",0,1,0,0,0,0,0,0,0,0,0,0,""
65518,S13/209,E13/209,Royal Liverpool and Broadgreen,13,258588,RCT treatment,,Treatment decision,144,2,1,0,0,0,0,0,0,"",1,0,0,0,0,0,0,0,0,0,"",1,0,0,0,0,0,0,0,0,0,0,0,"",0,1,0,0,0,0,0,0,0,0,0,"",1,0,0,0,0,0,0,0,0,0,0,0,"",0,1,0,0,0,0,0,0,0,0,0,"",1,0,0,0,0,0,0,0,0,0,0,0,""
66087,S24/094,E24/094,Hull and East Yorkshire - Castle Hill,24,258639,RCT treatment,,Treatment decision,145,2,0,0,0,0,0,1,0,"",0,0,0,0,0,0,0,1,0,0,"",0,0,0,0,0,0,0,0,1,0,0,0,"",0,0,0,0,0,0,0,1,0,0,0,"",0,0,0,0,0,0,0,0,1,0,0,0,"",0,0,0,0,0,0,0,1,0,0,0,"",0,0,0,0,0,0,0,0,1,0,0,0,""
67052,S12/909,E12/075,York,12,261103,RCT treatment,,Treatment decision,146,2,1,0,0,0,0,0,0,"",1,0,0,0,0,0,0,0,0,0,"",1,0,0,0,0,0,0,0,0,0,0,0,"",0,0,0,0,1,0,0,0,0,0,0,"",1,0,0,0,0,0,0,0,0,0,0,0,"",0,0,0,0,1,0,0,0,0,0,0,"",1,0,0,0,0,0,0,0,0,0,0,0,""
67497,S24/095,E24/095,Hull and East Yorkshire - Castle Hill,24,262212,RCT treatment,,Treatment decision,147,2,0,0,0,0,0,1,0,"",0,0,0,0,0,0,0,1,0,0,"",0,0,0,0,0,0,0,0,1,0,0,0,"",0,0,0,0,0,0,0,1,0,0,0,"",0,0,0,0,0,0,0,0,1,0,0,0,"",0,0,0,0,0,0,0,1,0,0,0,"",1,0,0,0,0,0,0,0,0,0,0,0,""
63063,S24/092,E24/092,Hull and East Yorkshire - Castle Hill,24,262722,RCT treatment,,Treatment decision,148,2,1,0,0,0,0,0,0,"",0,0,0,0,0,0,0,1,0,0,"",0,0,0,0,0,0,0,0,1,0,0,0,"",0,0,0,0,0,0,0,1,0,0,0,"",,0,0,0,0,0,0,0,0,0,0,0,"",0,0,0,0,0,0,0,1,0,0,0,"",0,0,0,0,0,0,0,0,1,0,0,0,""
67799,S13/215,E13/215,Royal Liverpool and Broadgreen,13,262820,RCT treatment,,Treatment decision,149,2,0,0,0,0,0,1,0,"",0,0,0,0,0,0,0,1,0,0,"",1,0,0,0,0,0,0,0,0,0,0,0,"",0,1,0,0,0,0,0,0,0,0,0,"",1,0,0,0,0,0,0,0,0,0,0,0,"",0,1,0,0,0,0,0,0,0,0,0,"",1,0,0,0,0,0,0,0,0,0,0,0,""
67992,S24/096,E24/096,Hull and East Yorkshire - Castle Hill,24,263571,RCT treatment,,Treatment decision,150,1,0,0,0,0,0,0,1,Triple negative cancer needs surgery to be followed by chemotherapy,0,0,0,0,0,0,0,1,0,0,"",0,0,0,0,0,0,0,0,1,0,0,0,"",0,0,0,0,0,0,0,1,0,0,0,"",0,0,0,0,0,0,0,0,1,0,0,0,"",0,0,0,0,0,0,0,1,0,0,0,"",0,0,0,0,0,0,0,0,1,0,0,0,""
68154,S13/222,E13/222,Royal Liverpool and Broadgreen,13,264015,RCT treatment,,Treatment decision,151,2,0,0,0,0,0,1,0,"",0,0,0,0,0,0,0,1,0,0,"",0,0,0,0,0,1,0,0,0,0,0,0,"",0,1,0,0,0,0,0,0,0,0,0,"",1,0,0,0,0,0,0,0,0,0,0,0,"",0,1,0,0,0,0,0,0,0,0,0,"",1,0,0,0,0,0,0,0,0,0,0,0,""
68300,S12/923,E12/077,York,12,264575,RCT treatment,,Treatment decision,152,2,1,0,0,0,0,0,0,"",1,0,0,0,0,0,0,0,0,0,"",0,0,0,0,0,0,0,0,1,0,0,0,"",1,0,0,0,0,0,0,0,0,0,0,"",0,0,0,0,0,0,0,0,1,0,0,0,"",0,0,0,0,0,0,0,1,0,0,0,"",0,0,0,0,0,0,0,0,1,0,0,0,""
68381,S13/223,E13/223,Royal Liverpool and Broadgreen,13,264777,RCT treatment,,Treatment decision,153,2,0,1,0,0,0,0,0,"",0,1,0,0,0,0,0,0,0,0,"",1,0,0,0,0,0,0,0,0,0,0,0,"",0,1,0,0,0,0,0,0,0,0,0,"",1,0,0,0,0,0,0,0,0,0,0,0,"",0,1,0,0,0,0,0,0,0,0,0,"",1,0,0,0,0,0,0,0,0,0,0,0,""
68412,S13/225,E13/225,Royal Liverpool and Broadgreen,13,264863,RCT treatment,,Treatment decision,154,2,0,0,0,0,0,0,1,provided but not used by surgeon,0,0,0,0,0,0,0,0,0,1,not offered,0,0,0,0,0,1,0,0,0,0,0,0,"",0,0,0,0,0,0,0,0,0,0,1,not used by surgeon,1,0,0,0,0,0,0,0,0,0,0,0,"",0,0,0,0,0,0,0,0,0,0,1,not used by surgeon,1,0,0,0,0,0,0,0,0,0,0,0,""
68048,S13/221,E13/221,Royal Liverpool and Broadgreen,13,264949,RCT treatment,,Treatment decision,155,2,0,0,1,0,0,0,0,"",0,0,1,0,0,0,0,0,0,0,"",0,0,1,0,0,0,0,0,0,0,0,0,"",0,0,1,0,0,0,0,0,0,0,0,"",0,0,1,0,0,0,0,0,0,0,0,0,"",0,0,1,0,0,0,0,0,0,0,0,"",0,0,1,0,0,0,0,0,0,0,0,0,""
67036,S13/214,E13/214,Royal Liverpool and Broadgreen,13,265194,RCT treatment,,Treatment decision,156,2,1,0,0,0,0,0,0,"",1,0,0,0,0,0,0,0,0,0,"",1,0,0,0,0,0,0,0,0,0,0,0,"",0,1,0,0,0,0,0,0,0,0,0,"",1,0,0,0,0,0,0,0,0,0,0,0,"",0,1,0,0,0,0,0,0,0,0,0,"",1,0,0,0,0,0,0,0,0,0,0,0,""
68365,S19/389,E19/108,Royal Lancaster Infirmary,19,265279,RCT treatment,,Treatment decision,157,2,,0,0,0,0,0,0,"",,0,0,0,0,0,0,0,0,0,"",,0,0,0,0,0,0,0,0,0,0,0,"",0,0,0,0,1,0,0,0,0,0,0,"",0,0,0,0,0,1,0,0,0,0,0,0,"",0,0,0,0,1,0,0,0,0,0,0,"",0,0,0,0,0,0,0,0,0,0,0,0,""
68468,S13/217,E13/217,Royal Liverpool and Broadgreen,13,265321,RCT treatment,,Treatment decision,158,2,1,0,0,0,0,0,0,"",,0,0,0,0,0,0,0,0,0,"",,0,0,0,0,0,0,0,0,0,0,0,"",1,0,0,0,0,0,0,0,0,0,0,"",,0,0,0,0,0,0,0,0,0,0,0,"",1,0,0,0,0,0,0,0,0,0,0,"",,0,0,0,0,0,0,0,0,0,0,0,""
59104,S01/219,E01/098,Sheffield,01,265841,RCT treatment,,Treatment decision,159,2,1,0,0,0,0,0,0,"",1,0,0,0,0,0,0,0,0,0,"",1,0,0,0,0,0,0,0,0,0,0,0,"",1,0,0,0,0,0,0,0,0,0,0,"",1,0,0,0,0,0,0,0,0,0,0,0,"",1,0,0,0,0,0,0,0,0,0,0,"",,0,0,0,0,0,0,0,0,0,0,0,""
68817,S19/391,E19/110,Royal Lancaster Infirmary,19,266058,RCT treatment,,Treatment decision,160,2,0,1,0,0,0,0,0,"",0,1,0,0,0,0,0,0,0,0,"",0,1,0,0,0,0,0,0,0,0,0,0,"",0,1,0,0,0,0,0,0,0,0,0,"",0,1,0,0,0,0,0,0,0,0,0,0,"",0,1,0,0,0,0,0,0,0,0,0,"",0,1,0,0,0,0,0,0,0,0,0,0,""
61214,S01/233,E01/107,Sheffield,01,266132,RCT treatment,,Treatment decision,161,1,1,0,0,0,0,0,0,"",1,0,0,0,0,0,0,0,0,0,"",0,0,0,0,0,0,0,0,0,0,0,0,"",1,0,0,0,0,0,0,0,0,0,0,"",1,0,0,0,0,0,0,0,0,0,0,0,"",1,0,0,0,0,0,0,0,0,0,0,"",1,0,0,0,0,0,0,0,0,0,0,0,""
62652,S01/240,E01/111,Sheffield,01,266134,RCT treatment,,Treatment decision,162,2,0,0,0,0,0,0,1,Patient declined,0,0,0,0,0,0,0,0,0,1,Patient declined,0,0,0,0,0,0,0,0,0,0,0,0,"",1,0,0,0,0,0,0,0,0,0,0,"",1,0,0,0,0,0,0,0,0,0,0,0,"",1,0,0,0,0,0,0,0,0,0,0,"",,0,0,0,0,0,0,0,0,0,0,0,""
62654,S01/241,E01/112,Sheffield,01,266476,RCT treatment,,Treatment decision,163,2,1,0,0,0,0,0,0,"",1,0,0,0,0,0,0,0,0,0,"",1,0,0,0,0,0,0,0,0,0,0,0,"",1,0,0,0,0,0,0,0,0,0,0,"",1,0,0,0,0,0,0,0,0,0,0,0,"",1,0,0,0,0,0,0,0,0,0,0,"",1,0,0,0,0,0,0,0,0,0,0,0,""
68911,S01/256,E01/123,Sheffield,01,266543,RCT treatment,,Treatment decision,164,2,0,0,0,0,0,1,0,"",0,0,0,0,0,0,0,1,0,0,"",0,0,0,0,0,1,0,0,0,0,0,0,"",0,0,0,0,0,0,0,0,1,0,0,"",0,0,0,0,0,1,0,0,0,0,0,0,"",,0,0,0,0,0,0,0,0,0,0,"",0,0,0,0,0,1,0,0,0,0,0,0,""
65318,S01/249,E01/119,Sheffield,01,267194,RCT treatment,,Treatment decision,165,2,0,0,0,0,0,1,0,"",,0,0,0,0,0,0,0,0,0,"",,0,0,0,0,0,0,0,0,0,0,0,"",0,0,0,0,0,0,0,1,0,0,0,"",0,0,0,0,0,0,0,0,1,0,0,0,"",0,0,0,0,0,0,0,1,0,0,0,"",0,0,0,0,0,0,0,0,1,0,0,0,""
69284,S13/218,E13/218,Royal Liverpool and Broadgreen,13,267330,RCT treatment,,Treatment decision,166,2,0,1,0,0,0,0,0,"",0,1,0,0,0,0,0,0,0,0,"",0,0,0,0,0,1,0,0,0,0,0,0,"",0,1,0,0,0,0,0,0,0,0,0,"",1,0,0,0,0,0,0,0,0,0,0,0,"",0,1,0,0,0,0,0,0,0,0,0,"",1,0,0,0,0,0,0,0,0,0,0,0,""
69296,S04/128,E04/053,Milton Keynes,04,267382,RCT treatment,,Treatment decision,167,2,0,0,0,0,0,1,0,"",0,0,0,0,0,0,0,1,0,0,"",0,0,0,0,0,0,0,0,1,0,0,0,"",0,0,0,0,0,0,0,1,0,0,0,"",0,0,0,0,0,0,0,0,1,0,0,0,"",1,0,0,0,0,0,0,0,0,0,0,"",1,0,0,0,0,0,0,0,0,0,0,0,""
69628,S13/233,E13/233,Royal Liverpool and Broadgreen,13,268415,RCT treatment,,Treatment decision,168,2,0,0,1,0,0,0,0,"",0,0,1,0,0,0,0,0,0,0,"",0,0,0,0,0,0,0,0,0,1,0,0,"",0,1,0,0,0,0,0,0,0,0,0,"",1,0,0,0,0,0,0,0,0,0,0,0,"",0,1,0,0,0,0,0,0,0,0,0,"",1,0,0,0,0,0,0,0,0,0,0,0,""
70222,S12/949,E12/083,York,12,269893,RCT treatment,,Treatment decision,169,2,1,0,0,0,0,0,0,"",1,0,0,0,0,0,0,0,0,0,"",1,0,0,0,0,0,0,0,0,0,0,0,"",1,0,0,0,0,0,0,0,0,0,0,"",1,0,0,0,0,0,0,0,0,0,0,0,"",1,0,0,0,0,0,0,0,0,0,0,"",1,0,0,0,0,0,0,0,0,0,0,0,""
70499,S13/231,E13/231,Royal Liverpool and Broadgreen,13,270610,RCT treatment,,Treatment decision,170,2,1,0,0,0,0,0,0,"",1,0,0,0,0,0,0,0,0,0,"",1,0,0,0,0,0,0,0,0,0,0,0,"",0,1,0,0,0,0,0,0,0,0,0,"",1,0,0,0,0,0,0,0,0,0,0,0,"",0,1,0,0,0,0,0,0,0,0,0,"",1,0,0,0,0,0,0,0,0,0,0,0,""
62756,S19/366,E19/098,Royal Lancaster Infirmary,19,270636,RCT treatment,,Treatment decision,171,1,0,0,0,0,0,0,1,"discussed neo-adjuvant chemotherapy for locally advanced disease, but operable.",0,0,0,0,0,0,0,0,0,1,as above,0,0,0,0,0,0,0,0,0,0,0,0,"",0,0,0,0,0,0,0,0,0,0,0,"",0,0,0,0,0,0,0,0,0,0,0,0,"",0,0,0,0,0,0,0,0,0,0,0,"",0,0,0,0,0,0,0,0,0,0,0,0,""
70510,S35/270,E35/046,Chesterfield,35,270663,RCT treatment,,Treatment decision,172,2,0,0,0,0,0,0,0,"",0,0,0,0,0,0,0,0,0,0,"",0,0,0,0,0,0,0,0,0,0,0,0,"",0,0,0,0,0,0,0,0,0,0,0,"",0,0,0,0,0,0,0,0,0,0,0,0,"",1,0,0,0,0,0,0,0,0,0,0,"",1,0,0,0,0,0,0,0,0,0,0,0,""
65494,S13/211,E13/211,Royal Liverpool and Broadgreen,13,270711,RCT treatment,,Treatment decision,173,2,0,1,0,0,0,0,0,"",0,1,0,0,0,0,0,0,0,0,"",1,0,0,0,0,0,0,0,0,0,0,0,"",0,1,0,0,0,0,0,0,0,0,0,"",1,0,0,0,0,0,0,0,0,0,0,0,"",1,0,0,0,0,0,0,0,0,0,0,"",1,0,0,0,0,0,0,0,0,0,0,0,""
70680,S01/124,E01/124,Sheffield,01,271527,RCT treatment,,Treatment decision,174,2,0,0,0,0,0,1,0,"",0,0,0,0,0,0,0,1,0,0,"",0,0,0,0,0,0,0,0,1,0,0,0,"",0,0,0,0,0,0,1,0,0,0,0,"",0,0,0,0,0,0,0,0,1,0,0,0,"",0,0,0,0,0,0,0,1,0,0,0,"",0,0,0,0,0,0,0,0,1,0,0,0,""
70749,S13/255,E13/255,Royal Liverpool and Broadgreen,13,271918,RCT treatment,,Treatment decision,175,2,0,0,0,0,1,0,0,"",0,0,0,0,1,0,0,0,0,0,"",0,0,0,0,1,0,0,0,0,0,0,0,"",0,1,0,0,0,0,0,0,0,0,0,"",1,0,0,0,0,0,0,0,0,0,0,0,"",0,1,0,0,0,0,0,0,0,0,0,"",1,0,0,0,0,0,0,0,0,0,0,0,""
70758,S13/249,E13/249,Royal Liverpool and Broadgreen,13,271933,RCT treatment,,Treatment decision,176,2,0,0,1,0,0,0,0,"",0,0,1,0,0,0,0,0,0,0,"",0,0,1,0,0,0,0,0,0,0,0,0,"",0,0,1,0,0,0,0,0,0,0,0,"",1,0,0,0,0,0,0,0,0,0,0,0,"",0,1,0,0,0,0,0,0,0,0,0,"",1,0,0,0,0,0,0,0,0,0,0,0,""
70751,S13/256,E13/256,Royal Liverpool and Broadgreen,13,272049,RCT treatment,,Treatment decision,177,2,0,0,0,0,0,0,1,not created,0,0,0,0,0,0,0,0,0,1,not created to use,0,0,0,0,0,1,0,0,0,0,0,0,"",0,0,0,0,0,0,0,0,0,0,1,not used,0,0,0,0,0,1,0,0,0,0,0,0,"",0,0,0,0,0,0,0,0,0,0,1,not given,0,0,0,0,0,1,0,0,0,0,0,0,""
70921,S13/262,E13/262,Royal Liverpool and Broadgreen,13,272475,RCT treatment,,Treatment decision,178,2,0,0,1,0,0,0,0,"",0,0,1,0,0,0,0,0,0,0,"",0,0,1,0,0,0,0,0,0,0,0,0,"",0,0,0,0,1,0,0,0,0,0,0,"",0,0,0,0,1,0,0,0,0,0,0,0,"",0,0,0,0,1,0,0,0,0,0,0,"",0,0,0,0,1,0,0,0,0,0,0,0,""
71003,S13/240,E13/240,Royal Liverpool and Broadgreen,13,272728,RCT treatment,,Treatment decision,179,2,0,0,0,0,0,1,0,"",0,0,0,0,0,0,0,1,0,0,"",0,0,0,0,0,0,0,0,1,0,0,0,"",0,1,0,0,0,0,0,0,0,0,0,"",1,0,0,0,0,0,0,0,0,0,0,0,"",0,1,0,0,0,0,0,0,0,0,0,"",1,0,0,0,0,0,0,0,0,0,0,0,""
71047,S12/981,E12/087,York,12,272879,RCT treatment,,Treatment decision,180,2,0,0,0,0,0,0,1,No reason given Dr choice,1,0,0,0,0,0,0,0,0,0,"",1,0,0,0,0,0,0,0,0,0,0,0,"",1,0,0,0,0,0,0,0,0,0,0,"",1,0,0,0,0,0,0,0,0,0,0,0,"",1,0,0,0,0,0,0,0,0,0,0,"",1,0,0,0,0,0,0,0,0,0,0,0,""
71206,S13/259,E13/259,Royal Liverpool and Broadgreen,13,273205,RCT treatment,,Treatment decision,181,2,1,0,0,0,0,0,0,"",0,1,0,0,0,0,0,0,0,0,"",1,0,0,0,0,0,0,0,0,0,0,0,"",0,1,0,0,0,0,0,0,0,0,0,"",1,0,0,0,0,0,0,0,0,0,0,0,"",0,1,0,0,0,0,0,0,0,0,0,"",1,0,0,0,0,0,0,0,0,0,0,0,""
71639,S13/258,E13/258,Royal Liverpool and Broadgreen,13,274461,RCT treatment,,Treatment decision,182,2,0,0,0,0,0,1,0,"",0,0,0,0,0,0,0,1,0,0,"",0,0,0,0,0,0,0,0,1,0,0,0,"",0,0,0,0,0,0,0,1,0,0,0,"",1,0,0,0,0,0,0,0,0,0,0,0,"",0,1,0,0,0,0,0,0,0,0,0,"",1,0,0,0,0,0,0,0,0,0,0,0,""
71649,S13/264,E13/264,Royal Liverpool and Broadgreen,13,274799,RCT treatment,,Treatment decision,183,2,1,0,0,0,0,0,0,"",0,0,0,0,0,0,0,1,0,0,"",1,0,0,0,0,0,0,0,0,0,0,0,"",0,1,0,0,0,0,0,0,0,0,0,"",1,0,0,0,0,0,0,0,0,0,0,0,"",0,1,0,0,0,0,0,0,0,0,0,"",1,0,0,0,0,0,0,0,0,0,0,0,""
71886,S19/419,E19/116,Royal Lancaster Infirmary,19,275269,RCT treatment,,Treatment decision,184,2,0,0,0,0,0,0,0,"",0,0,0,0,0,0,0,0,0,0,"",0,0,0,0,0,0,0,0,0,0,0,0,"",0,0,0,0,0,0,0,0,0,0,0,"",0,0,0,0,0,0,0,0,0,0,0,0,"",0,0,0,0,0,0,0,0,0,0,0,"",0,0,0,0,0,0,0,0,0,0,0,0,""
71985,S13/265,E13/265,Royal Liverpool and Broadgreen,13,275309,RCT treatment,,Treatment decision,185,2,1,0,0,0,0,0,0,"",0,0,0,0,0,0,0,1,0,0,"",0,0,0,0,0,0,0,0,0,0,0,1,not given,0,1,0,0,0,0,0,0,0,0,0,"",0,0,0,0,0,1,0,0,0,0,0,0,"",0,1,0,0,0,0,0,0,0,0,0,"",0,0,0,0,0,1,0,0,0,0,0,0,""
72274,S13/270,E13/270,Royal Liverpool and Broadgreen,13,275999,RCT treatment,,Treatment decision,186,2,0,0,0,0,0,0,1,not used,0,0,0,0,0,0,0,0,0,1,not used,0,0,0,0,0,1,0,0,0,0,0,0,"",0,0,0,0,0,0,0,0,0,0,1,not used,0,0,0,0,0,1,0,0,0,0,0,0,"",0,0,0,0,0,0,0,0,0,0,1,not used,1,0,0,0,0,0,0,0,0,0,0,0,""
73245,S12/997,E12/089,York,12,278202,RCT treatment,,Treatment decision,187,2,0,0,0,0,0,1,0,"",0,0,0,0,0,0,0,1,0,0,"",0,0,0,0,0,0,0,0,1,0,0,0,"",0,0,0,0,0,0,0,1,0,0,0,"",0,0,0,0,0,0,0,0,1,0,0,0,"",0,0,0,0,0,0,0,1,0,0,0,"",0,0,0,0,0,0,0,0,1,0,0,0,""
71841,S35/289,E35/048,Chesterfield,35,278892,RCT treatment,,Treatment decision,188,2,1,0,0,0,0,0,0,"",0,0,0,0,0,0,0,1,0,0,"",0,0,0,0,0,0,0,0,0,0,0,0,"",0,0,0,0,0,0,0,1,0,0,0,"",1,0,0,0,0,0,0,0,0,0,0,0,"",1,0,0,0,0,0,0,0,0,0,0,"",1,0,0,0,0,0,0,0,0,0,0,0,""
70108,S13/230,E13/230,Royal Liverpool and Broadgreen,13,279843,RCT treatment,,Treatment decision,189,2,1,0,0,0,0,0,0,"",0,0,0,0,0,0,0,1,0,0,"",1,0,0,0,0,0,0,0,0,0,0,0,"",0,1,0,0,0,0,0,0,0,0,0,"",1,0,0,0,0,0,0,0,0,0,0,0,"",0,1,0,0,0,0,0,0,0,0,0,"",1,0,0,0,0,0,0,0,0,0,0,0,""
74006,S13/280,E13/280,Royal Liverpool and Broadgreen,13,280088,RCT treatment,,Treatment decision,190,2,1,0,0,0,0,0,0,"",0,1,0,0,0,0,0,0,0,0,"",1,0,0,0,0,0,0,0,0,0,0,0,"",0,1,0,0,0,0,0,0,0,0,0,"",1,0,0,0,0,0,0,0,0,0,0,0,"",0,1,0,0,0,0,0,0,0,0,0,"",1,0,0,0,0,0,0,0,0,0,0,0,""
74174,S13/274,E13/274,Royal Liverpool and Broadgreen,13,280775,RCT treatment,,Treatment decision,191,2,0,0,0,0,0,0,1,unable to create as multiple USS sizes,0,0,0,0,0,0,0,0,0,1,not available,0,0,0,0,0,0,0,0,0,0,0,1,not available,0,0,0,0,0,0,0,0,0,0,1,not offered,1,0,0,0,0,0,0,0,0,0,0,0,"",0,0,0,0,0,0,0,0,0,0,1,not offered,1,0,0,0,0,0,0,0,0,0,0,0,""
62327,S35/218,E35/042,Chesterfield,35,281102,RCT treatment,,Treatment decision,192,2,0,0,0,0,1,0,0,"",0,0,0,0,1,0,0,0,0,0,"",0,0,0,0,1,0,0,0,0,0,0,0,"",0,0,0,0,1,0,0,0,0,0,0,"",0,0,0,0,0,0,0,0,0,0,0,0,"",0,0,0,0,1,0,0,0,0,0,0,"",0,0,0,0,1,0,0,0,0,0,0,0,""
74476,S54/003,E54/001,St Margaret's Hospital,54,281424,RCT treatment,,Treatment decision,193,2,0,0,0,0,0,0,1,Not available to Co-investigator at the time,0,0,0,0,0,0,0,0,0,1,No access to on-line tool for co-investigator at the time,0,0,0,0,0,0,0,0,0,0,0,1,No access to on-line tool for co-investigator at the time,1,0,0,0,0,0,0,0,0,0,0,"",0,0,1,0,0,0,0,0,0,0,0,0,"",0,0,1,0,0,0,0,0,0,0,0,"",0,0,1,0,0,0,0,0,0,0,0,0,""
70804,S35/282,E35/047,Chesterfield,35,281485,RCT treatment,,Treatment decision,194,2,0,0,0,0,0,0,1,patient having neo adjuvant therapy due to booked holiday,0,0,0,0,0,0,0,1,0,0,"",,0,0,0,0,0,0,0,0,0,0,0,"",0,0,0,0,0,0,0,1,0,0,0,"",0,0,0,0,0,0,0,0,1,0,0,0,"",0,0,0,0,0,0,0,0,0,0,1,not documented,0,0,0,0,0,0,0,0,0,0,0,1,not documented
73100,S13/263,E13/263,Royal Liverpool and Broadgreen,13,282618,RCT treatment,,Treatment decision,195,2,0,0,0,0,0,0,1,provided but unable to confirm if used by clinical staff,0,0,0,0,0,0,0,0,0,1,unsure if used by clinical staff,0,0,0,0,0,0,0,0,0,0,0,1,unsure if given by clinical staff,0,0,0,0,0,0,0,0,0,0,1,unable to confirm,0,0,0,0,0,0,0,0,0,0,0,1,unable to confirm,0,0,0,0,0,0,0,0,0,0,1,unable to confirm,0,0,0,0,0,0,0,0,0,0,0,1,unable to confirm
75333,S19/436,E19/121,Royal Lancaster Infirmary,19,284359,RCT treatment,,Treatment decision,196,2,0,0,0,0,0,1,0,"",0,0,0,0,0,0,0,1,0,0,"",0,0,0,0,0,0,0,0,1,0,0,0,"",0,1,0,0,0,0,0,0,0,0,0,"",1,0,0,0,0,0,0,0,0,0,0,0,"",0,0,0,0,0,0,0,1,0,0,0,"",,0,0,0,0,0,0,0,0,0,0,0,""
75734,S13/287,E13/287,Royal Liverpool and Broadgreen,13,284914,RCT treatment,,Treatment decision,197,2,0,0,0,0,0,0,1,not used,0,0,0,0,0,0,0,0,0,1,not used,0,0,0,0,0,1,0,0,0,0,0,0,"",0,0,0,0,0,0,0,0,0,0,1,not used,0,0,0,0,0,1,0,0,0,0,0,0,"",0,1,0,0,0,0,0,0,0,0,0,"",0,0,0,0,0,1,0,0,0,0,0,0,""
76758,S12/1019,E12/091,York,12,287471,RCT treatment,,Treatment decision,198,2,1,0,0,0,0,0,0,"",1,0,0,0,0,0,0,0,0,0,"",1,0,0,0,0,0,0,0,0,0,0,0,"",0,0,0,0,0,0,0,0,0,0,0,"",1,0,0,0,0,0,0,0,0,0,0,0,"",0,0,0,0,0,0,0,1,0,0,0,"",1,0,0,0,0,0,0,0,0,0,0,0,""
76770,S12/1025,E12/093,York,12,287539,RCT treatment,,Treatment decision,199,2,0,0,0,0,1,0,0,"",0,0,0,0,1,0,0,0,0,0,"",0,0,0,0,1,0,0,0,0,0,0,0,"",0,0,0,0,1,0,0,0,0,0,0,"",0,0,0,1,0,0,0,0,0,0,0,0,"",0,0,0,0,1,0,0,0,0,0,0,"",0,0,0,0,1,0,0,0,0,0,0,0,""
77300,S13/309,E13/309,Royal Liverpool and Broadgreen,13,289228,RCT treatment,,Treatment decision,200,2,0,0,0,0,0,0,1,NO USS Size available,0,0,0,0,0,0,0,0,0,1,Not created as no USS size,0,0,0,0,0,1,0,0,0,0,0,0,"",0,0,0,0,1,0,0,0,0,0,0,"",0,0,0,0,1,0,0,0,0,0,0,0,"",0,0,0,0,1,0,0,0,0,0,0,"",0,0,0,0,0,1,0,0,0,0,0,0,""
77247,S35/315,E35/052,Chesterfield,35,289237,RCT treatment,,Treatment decision,201,2,1,0,0,0,0,0,0,"",1,0,0,0,0,0,0,0,0,0,"",1,0,0,0,0,0,0,0,0,0,0,0,"",0,0,0,0,0,0,0,0,0,0,1,"",0,0,0,0,0,0,0,0,0,0,0,1,"",1,0,0,0,0,0,0,0,0,0,0,"",1,0,0,0,0,0,0,0,0,0,0,0,""
59231,S01/218,E01/097,Sheffield,01,290234,RCT treatment,,Treatment decision,202,2,1,0,0,0,0,0,0,"",0,0,0,0,0,0,1,0,0,0,"",0,0,0,0,0,0,0,1,0,0,0,0,"",1,0,0,0,0,0,0,0,0,0,0,"",1,0,0,0,0,0,0,0,0,0,0,0,"",1,0,0,0,0,0,0,0,0,0,0,"",1,0,0,0,0,0,0,0,0,0,0,0,""
59162,S01/223,E01/101,Sheffield,01,290304,RCT treatment,,Treatment decision,203,2,1,0,0,0,0,0,0,"",1,0,0,0,0,0,0,0,0,0,"",1,0,0,0,0,0,0,0,0,0,0,0,"",1,0,0,0,0,0,0,0,0,0,0,"",1,0,0,0,0,0,0,0,0,0,0,0,"",1,0,0,0,0,0,0,0,0,0,0,"",1,0,0,0,0,0,0,0,0,0,0,0,""
62363,S01/227,E01/103,Sheffield,01,290326,RCT treatment,,Treatment decision,204,2,0,0,0,1,0,0,0,"",0,0,0,1,0,0,0,0,0,0,"",0,0,0,1,0,1,0,0,0,0,0,0,"",1,0,0,0,0,0,0,0,0,0,0,"",1,0,0,0,0,0,0,0,0,0,0,0,"",1,0,0,0,0,0,0,0,0,0,0,"",1,0,0,0,0,0,0,0,0,0,0,0,""
77659,S54/006,E54/003,St Margaret's Hospital,54,290362,RCT treatment,,Treatment decision,205,2,0,0,0,0,0,0,1,Consultant discussed options with patient via discussion,0,1,0,0,0,0,0,0,0,1,"",0,0,0,0,0,0,0,0,0,0,0,1,not used,0,0,0,0,0,0,0,0,0,0,1,consultant discussed options with patient,0,0,0,0,0,0,0,0,0,0,0,1,grid not used as options discussed instead,0,1,0,0,0,0,0,0,0,0,0,"",0,1,0,0,0,0,0,0,0,0,0,0,""
77710,S54/008,E54/004,St Margaret's Hospital,54,290426,RCT treatment,,Treatment decision,206,2,0,0,0,0,0,0,1,Consultant preferred to do own discussion in clinic with the patient offering all options and discussing neo-adjuvant chemotherapy to shrink tumour before surgery.,0,0,0,0,0,0,0,0,0,1,As above,0,0,0,0,0,0,0,0,0,0,0,1,as above,0,0,0,0,0,0,0,0,0,0,1,Surgeon preferred to discuss all options in own words with the patientt. she answered all the patients questions - felt grid not required,0,0,0,0,0,0,0,0,0,0,0,1,As above,0,0,0,0,0,0,0,1,0,0,0,"",0,0,0,0,0,0,0,0,1,0,0,0,""
77900,S13/310,E13/310,Royal Liverpool and Broadgreen,13,290953,RCT treatment,,Treatment decision,207,2,0,0,0,0,0,0,1,provided by research nurse but not used,0,0,0,0,0,0,0,0,0,1,not used,0,0,0,0,0,1,0,0,0,0,0,0,"",0,0,0,0,0,0,0,0,0,0,1,not used,1,0,0,0,0,0,0,0,0,0,0,0,"",0,0,0,0,0,0,0,0,0,0,1,avaialble but not used,1,0,0,0,0,0,0,0,0,0,0,0,""
77929,S12/1039,E12/095,York,12,291070,RCT treatment,,Treatment decision,208,2,1,0,0,0,0,0,0,"",1,0,0,0,0,0,0,0,0,0,"",1,0,0,0,0,0,0,0,0,0,0,0,"",1,0,0,0,0,0,0,0,0,0,0,"",1,0,0,0,0,0,0,0,0,0,0,0,"",1,0,0,0,0,0,0,0,0,0,0,"",1,0,0,0,0,0,0,0,0,0,0,0,""
59230,S01/221,E01/100,Sheffield,01,291693,RCT treatment,,Treatment decision,209,2,1,0,0,0,0,0,0,"",1,0,0,0,0,0,0,0,0,0,"",1,0,0,0,0,0,0,0,0,0,0,0,"",1,0,0,0,0,0,0,0,0,0,0,"",1,0,0,0,0,0,0,0,0,0,0,0,"",1,0,0,0,0,0,0,0,0,0,0,"",1,0,0,0,0,0,0,0,0,0,0,0,""
62371,S01/230,E01/105,Sheffield,01,291705,RCT treatment,,Treatment decision,210,2,1,0,0,0,0,0,0,"",1,0,0,0,0,0,0,0,0,0,"",1,0,0,0,0,0,0,0,0,0,0,0,"",1,0,0,0,0,0,0,0,0,0,0,"",1,0,0,0,0,0,0,0,0,0,0,0,"",1,0,0,0,0,0,0,0,0,0,0,"",1,0,0,0,0,0,0,0,0,0,0,0,""
77686,S19/452,E19/124,Royal Lancaster Infirmary,19,292917,RCT treatment,,Treatment decision,211,2,0,0,0,0,0,1,0,"",0,0,0,0,0,0,0,1,0,0,"",0,0,0,0,0,0,0,0,1,0,0,0,"",0,0,0,0,0,0,0,1,0,0,0,"",0,0,0,0,0,0,0,0,1,0,0,0,"",0,0,0,0,0,0,0,1,0,0,0,"",0,0,0,0,0,0,0,0,1,0,0,0,""
