database_id,name,code,long_name,RCT site,Site group,RCT date,PE site,QoL sub-study
363,Sheffield,01,Royal Hallamshire Hospital,Yes,Intervention,04/12/2015,No,No
365,Barnsley,02,Barnsley Hospital NHS Foundation Trust,Yes,Control,09/12/2015,No,No
364,Doncaster,03,Doncaster,Yes,Control,19/02/2016,No,Yes
366,Milton Keynes,04,Milton Keynes Hospital NHS Foundaton Trust,Yes,Intervention,08/12/2015,Yes,No
367,Scunthorpe and Grimsby,05,Northern Lincolnshire and Goole NHS Foundation Trust,Yes,Control,11/01/2016,No,No
368,Leicester,06,University Hospitals of Leicester NHS Trust,Yes,Control,20/07/2016,Yes,Yes
369,Derby,07,Derby Hospitals NHS Foundation Trust,Yes,Control,25/01/2017,No,No
370,East Lancashire,08,East Lancashire Hospitals NHS Trust,Yes,Intervention,08/12/2015,No,No
371,Harrogate,09,Harrogate and District NHS Foundation Trust,Yes,Intervention,04/12/2015,No,No
372,St. Helens and Knowsley,10,St. Helens & Knowlsey NHS Trust,Yes,Control,09/12/2015,No,No
374,Southampton,11,University Hospital Southampton NHS Foundation Trust,No,,,,No
375,York,12,York Teaching Hospital NHS Foundation Trust,Yes,Intervention,12/02/2016,No,No
377,Royal Liverpool and Broadgreen,13,Royal Liverpool and Broadgreen University Hospitals NHS Trust,Yes,Intervention,08/12/2015,No,Yes
376,Airedale,14,Airedale NHS Foundation Trust,No,,,,No
378,Leeds Teaching Hospitals,15,Leeds Teaching Hospitals NHS Trust,Yes,Intervention,04/12/2015,No,No
379,Bradford,16,Bradford Teaching Hospitals NHS Foundation Trust,Yes,Control,16/12/2015,Yes,Yes
380,Cardiff,17,Cardiff and Vale University Health Board,Yes,Control,04/01/2016,Yes,Yes
381,Aneurin Bevan Health Board,18,Aneurin Bevan Health Board,Yes,Control,16/12/2015,No,Yes
382,Royal Lancaster Infirmary,19,University Hospitals of Morecambe Bay NHS Trust,Yes,Intervention,04/12/2015,Yes,No
383,Coventry and Warwickshire,20,University hospitals Coventry and Warwickshire NHS Trust,Yes,Intervention,04/12/2015,Yes,No
385,Grantham,21,United Lincolnshire Hospitals NHS Trust- Grantham,No,,,,No
386,Lincoln,22,United Lincolnshire Hospitals NHS Trust - Lincoln,No,,,No,No
387,Pilgrim,23,United Lincolnshire Hospitals NHS Trust,No,,,No,No
388,Hull and East Yorkshire - Castle Hill,24,Hull and East Yorkshire Hospitals NHS Trust,Yes,Intervention,09/12/2015,Yes,Yes
389,Nottingham University Hospital,25,Nottingham University Hospitals NHS Trust,Yes,Control,05/02/2016,Yes,Yes
390,Southport and Ormskirk,26,Southport and Ormskirk Hospital NHS Trust,No,,,,No
391,Leighton Hospital Mid Cheshire Hospitals,27,Mid Cheshire Hospitals NHS Foundation Trust,Yes,Control,09/12/2015,No,Yes
394,The Royal Marsden,28,The Royal Marsden NHS foundation Trust,Yes,Control,04/01/2016,Yes,No
396,Cheltenham General,29,Gloucestershire Hospitals NHS Foundation Trust,Yes,Control,14/12/2015,No,Yes
395,Guys and St Thomas,30,Guys and St Thomas NHS Foundation Trust,Yes,Control,14/12/2015,No,Yes
398,Dorset County Hospital,31,Dorset Country Hospital NHS Trust,Yes,Control,09/12/2015,No,No
399,Mid Essex Hospital Services Trust,32,Mid Essex Hospital Services Trust,No,,,No,Yes
400,Mid Yorkshire,33,Mid Yorkshire Hospitals NHS Trust,Yes,Control,18/01/2016,Yes,No
401,Bristol,34,North Bristol NHS Trust,No,,,,No
402,Chesterfield,35,Chesterfield Royal Hospital NHS Foundation Trust,Yes,Intervention,16/12/2015,Yes,No
403,Rotherham,36,Rotherham NHS Foundation Trust,Yes,Intervention,09/12/2015,Yes,Yes
406,Dartford and Gravesham,37,Dartford and Gravesham NHS Trust,Yes,Intervention,14/12/2015,No,No
412,Kingston Hospital,38,Kingston Hospital NHS Trust,Yes,Control,11/04/2016,No,No
418,Essex County Hospital,39,Colchester Hospital University Trust,Yes,Control,04/02/2016,No,No
420,Yeovil District Hospital,40,Yeovil District Hospital Foundation Trust,Yes,Control,04/01/2016,No,No
421,Croydon University Hospital,41,Croydon Health Services NHS Trust,Yes,Intervention,12/02/2016,Yes,No
422,University Hospital of North Tees,42,North Tees & Hartlepool NHS Foundation Trust,Yes,Intervention,04/01/2016,No,Yes
424,James Cook University Hospital,43,South Tees Hospitals NHS Foundation Trust,Yes,Intervention,08/12/2015,No,No
423,Luton,44,Luton and Dunstable University Hospital,Yes,Intervention,08/12/2015,No,Yes
426,Weston General Hospital,45,Weston Area Health Trust,Yes,Intervention,04/12/2015,Yes,No
499,Tameside Hospital,46,Tameside Hospital NHS Trust,Yes,Control,14/12/2015,Yes,No
500,Macclesfield Hospital,47,East Cheshire NHS Trust,No,,,,No
501,Royal Albert Edward Infirmary,48,"Wrightington, Wigan and Leigh NHS Foundation Trust",Yes,Control,16/12/2015,Yes,No
502,Kings Mill Hospital,49,Sherwood Forest Hospitals NHS Foundation Trust,Yes,Control,25/01/2016,No,Yes
505,Wythenshawe Hospital,50,University Hospital of South Manchester NHS Trust,Yes,Intervention,01/02/2017,No,Yes
511,University Hospital Aintree,51,Aintree University Hospital NHS Trust,Yes,Intervention,07/03/2016,No,No
513,Birmingham City Hospital,52,Sandwell and West Birmingham Hospitals NHS Trust,Yes,Intervention,12/02/2016,No,No
514,Brighton Hospital,53,Brighton & Sussex University Hospitals NHS Trust,Yes,Control,15/01/2016,No,No
599,St Margaret's Hospital,54,Princess Alexandra Hospital NHS Trust,Yes,Intervention,09/01/2017,No,No
600,St Mary's Hospital,55,Isle of Wight NHS Trust,Yes,Control,28/10/2016,No,No
602,Oxford,56,Oxford University Hospital Trust,Yes,Control,28/12/2016,No,No
