individual_id,Screening No,Enrolment No,event_name,event_date,form_name,database_id
48027,S08/001,E08/001,Ongoing,,Adverse Events,1
47728,S01/009,E01/001,Ongoing,,Adverse Events,2
47731,S01/011,E01/003,Ongoing,,Adverse Events,3
48207,S15/005,E15/001,Ongoing,,Adverse Events,4
48083,S01/024,E01/015,Ongoing,,Adverse Events,5
47967,S01/018,E01/008,Ongoing,,Adverse Events,6
47954,S01/014,E01/006,Ongoing,,Adverse Events,7
48102,S15/003,E15/003,Ongoing,,Adverse Events,8
48440,S16/011,E16/006,Ongoing,,Adverse Events,9
48374,S16/007,E16/005,Ongoing,,Adverse Events,10
48086,S01/027,E01/012,Ongoing,,Adverse Events,11
48215,S01/030,E01/014,Ongoing,,Adverse Events,12
48479,S15/010,E15/005,Ongoing,,Adverse Events,13
48381,S08/010,E08/010,Ongoing,,Adverse Events,14
48529,S19/003,E19/001,Ongoing,,Adverse Events,15
48101,S15/002,E15/002,Ongoing,,Adverse Events,16
48588,S15/011,E15/006,Ongoing,,Adverse Events,17
47953,S01/013,E01/005,Ongoing,,Adverse Events,18
48744,S19/014,E19/003,Ongoing,,Adverse Events,19
48653,S01/041,E01/020,Ongoing,,Adverse Events,20
48881,S15/022,E15/009,Ongoing,,Adverse Events,21
48752,S14/016,E14/003,Ongoing,,Adverse Events,22
48517,S28/007,E28/006,Ongoing,,Adverse Events,23
48596,S28/010,E28/007,Ongoing,,Adverse Events,24
48791,S01/045,E01/025,Ongoing,,Adverse Events,25
48870,S01/044,E01/023,Ongoing,,Adverse Events,26
49039,S19/023,E19/006,Ongoing,,Adverse Events,27
49069,S15/030,E15/013,Ongoing,,Adverse Events,28
49306,S16/029,E16/013,Ongoing,,Adverse Events,29
49239,S19/030,E19/008,Ongoing,,Adverse Events,30
49122,S21/009,E21/003,Ongoing,,Adverse Events,31
48828,S14/017,E14/004,Ongoing,,Adverse Events,32
49883,S16/037,E16/016,Ongoing,,Adverse Events,33
48144,S16/001,E16/001,Ongoing,,Adverse Events,34
49356,S04/014,E04/005,Ongoing,,Adverse Events,35
49293,S28/022,E28/011,Ongoing,,Adverse Events,36
49815,S33/040,E33/017,Ongoing,,Adverse Events,37
49579,S15/045,E15/020,Ongoing,,Adverse Events,38
49691,S15/053,E15/021,Ongoing,,Adverse Events,39
49354,S15/038,E15/015,Ongoing,,Adverse Events,40
49553,S15/044,E15/016,Ongoing,,Adverse Events,41
48217,S16/003,E16/002,Ongoing,,Adverse Events,42
49867,S21/021,E21/006,Ongoing,,Adverse Events,43
49868,S21/022,E21/008,Ongoing,,Adverse Events,44
48628,S19/011,E19/002,Ongoing,,Adverse Events,45
49917,S08/042,E08/042,Ongoing,,Adverse Events,46
48354,S17/001,E17/001,Ongoing,,Adverse Events,47
48656,S15/019,E15/008,Ongoing,,Adverse Events,48
49248,S08/027,E08/027,Ongoing,,Adverse Events,49
49680,S21/019,E21/007,Ongoing,,Adverse Events,50
49664,S24/008,E24/008,Ongoing,,Adverse Events,51
50301,S21/023,E21/009,Ongoing,,Adverse Events,52
49372,S14/031,E14/005,Ongoing,,Adverse Events,53
48883,S33/001,E33/001,Ongoing,,Adverse Events,54
50173,S16/044,E16/021,Ongoing,,Adverse Events,55
48398,S17/004,E17/004,Ongoing,,Adverse Events,56
48399,S17/005,E17/005,Ongoing,,Adverse Events,57
50007,S33/048,E33/019,Ongoing,,Adverse Events,58
50045,S15/068,E15/022,Ongoing,,Adverse Events,59
50244,S15/072,E15/023,Ongoing,,Adverse Events,60
50129,S25/019,E25/015,Ongoing,,Adverse Events,61
50036,S19/054,E19/014,Ongoing,,Adverse Events,62
48542,S16/014,E16/007,Ongoing,,Adverse Events,63
50187,S24/014,E24/014,Ongoing,,Adverse Events,64
48886,S16/017,E16/008,Ongoing,,Adverse Events,65
50150,S15/069,E15/025,Ongoing,,Adverse Events,66
49817,S08/041,E08/041,Ongoing,,Adverse Events,67
50253,S08/056,E08/056,Ongoing,,Adverse Events,68
50332,S08/059,E08/059,Ongoing,,Adverse Events,69
50290,S24/017,E24/017,Ongoing,,Adverse Events,70
49665,S24/009,E24/009,Ongoing,,Adverse Events,71
50344,S15/077,E15/026,Ongoing,,Adverse Events,72
48827,S19/019,E19/004,Ongoing,,Adverse Events,73
48811,S28/015,E28/008,Ongoing,,Adverse Events,74
48816,S28/016,E28/009,Ongoing,,Adverse Events,75
50142,S33/050,E33/020,Ongoing,,Adverse Events,76
48890,S33/009,E33/004,Ongoing,,Adverse Events,77
50220,S28/050,E28/050,Ongoing,,Adverse Events,78
49027,S33/015,E33/009,Ongoing,,Adverse Events,79
48819,S17/008,E17/008,Ongoing,,Adverse Events,80
49121,S21/008,E21/002,Ongoing,,Adverse Events,81
50188,S21/028,E21/012,Ongoing,,Adverse Events,82
48907,S33/012,E33/007,Ongoing,,Adverse Events,83
50424,S15/078,E15/027,Ongoing,,Adverse Events,84
50508,S19/083,E19/022,Ongoing,,Adverse Events,85
49260,S33/028,E33/012,Ongoing,,Adverse Events,86
49193,S19/027,E19/007,Ongoing,,Adverse Events,87
50649,S16/054,E16/026,Ongoing,,Adverse Events,88
50266,S16/047,E16/024,Ongoing,,Adverse Events,89
50368,S19/073,E19/016,Ongoing,,Adverse Events,90
48396,S17/003,E17/003,Ongoing,,Adverse Events,91
50813,S16/056,E16/028,Ongoing,,Adverse Events,92
48889,S16/018,E16/009,Ongoing,,Adverse Events,93
49310,S12/095,E12/009,Ongoing,,Adverse Events,94
50370,S19/076,E19/019,Ongoing,,Adverse Events,95
50619,S15/084,E15/029,Ongoing,,Adverse Events,96
49404,S33/030,E33/013,Ongoing,,Adverse Events,97
49088,S33/023,E33/011,Ongoing,,Adverse Events,98
50467,S19/081,E19/021,Ongoing,,Adverse Events,99
48986,S16/021,E16/010,Ongoing,,Adverse Events,100
49275,S19/033,E19/009,Ongoing,,Adverse Events,101
50640,S19/084,E19/023,Ongoing,,Adverse Events,102
49240,S09/018,E09/012,Ongoing,,Adverse Events,103
50737,S12/119,E12/015,Ongoing,,Adverse Events,104
48428,S02/002,E02/002,Ongoing,,Adverse Events,105
50548,S15/087,E15/032,Ongoing,,Adverse Events,106
49254,S15/036,E15/014,Ongoing,,Adverse Events,107
49298,S19/034,E19/010,Ongoing,,Adverse Events,108
50626,S12/117,E12/013,Ongoing,,Adverse Events,109
49294,S28/023,E28/010,Ongoing,,Adverse Events,110
50741,S33/059,E33/024,Ongoing,,Adverse Events,111
50763,S12/125,E12/019,Ongoing,,Adverse Events,112
50798,S15/098,E15/034,Ongoing,,Adverse Events,113
48090,S12/001,E12/001,Ongoing,,Adverse Events,114
48092,S12/003,E12/003,Ongoing,,Adverse Events,115
50396,S24/018,E24/018,Ongoing,,Adverse Events,116
50338,S29/024,E29/006,Ongoing,,Adverse Events,117
50468,S02/012,E02/012,Ongoing,,Adverse Events,118
47932,S02/001,E02/001,Ongoing,,Adverse Events,119
49117,S34/016,E34/005,Ongoing,,Adverse Events,120
49308,S12/093,E12/007,Ongoing,,Adverse Events,121
50821,S33/066,E33/026,Ongoing,,Adverse Events,122
50679,S33/060,E33/025,Ongoing,,Adverse Events,123
49591,S28/030,E28/014,Ongoing,,Adverse Events,124
50662,S08/065,E08/065,Ongoing,,Adverse Events,125
50983,S14/061,E14/007,Ongoing,,Adverse Events,126
49475,S19/040,E19/011,Ongoing,,Adverse Events,127
50599,S29/032,E29/009,Ongoing,,Adverse Events,128
49367,S08/030,E08/030,Ongoing,,Adverse Events,129
51137,S38/004,E38/004,Ongoing,,Adverse Events,130
49552,S08/033,E08/033,Ongoing,,Adverse Events,131
49682,S33/041,E33/018,Ongoing,,Adverse Events,132
50976,S33/069,E33/030,Ongoing,,Adverse Events,133
50172,S17/029,E17/029,Ongoing,,Adverse Events,134
49344,S17/012,E17/012,Ongoing,,Adverse Events,135
49563,S33/035,E33/015,Ongoing,,Adverse Events,136
49407,S17/017,E17/017,Ongoing,,Adverse Events,137
49249,S17/011,E17/011,Ongoing,,Adverse Events,138
50265,S04/022,E04/009,Ongoing,,Adverse Events,139
49408,S04/018,E04/006,Ongoing,,Adverse Events,140
50264,S04/019,E04/008,Ongoing,,Adverse Events,141
51205,S33/074,E33/035,Ongoing,,Adverse Events,142
49566,S33/038,E33/016,Ongoing,,Adverse Events,143
48731,S04/008,E04/004,Ongoing,,Adverse Events,144
50759,S08/074,E08/074,Ongoing,,Adverse Events,145
48313,S08/011,E08/011,Ongoing,,Adverse Events,146
50973,S38/001,E38/001,Ongoing,,Adverse Events,147
49525,S06/003,E06/002,Ongoing,,Adverse Events,148
48437,S13/001,E13/001,Ongoing,,Adverse Events,149
51587,S13/015,E13/015,Ongoing,,Adverse Events,150
51411,S38/005,E38/005,Ongoing,,Adverse Events,151
49501,S15/042,E15/017,Ongoing,,Adverse Events,152
51376,S16/077,E16/038,Ongoing,,Adverse Events,153
51279,S29/049,E29/012,Ongoing,,Adverse Events,154
51074,S33/071,E33/032,Ongoing,,Adverse Events,155
51075,S33/072,E33/033,Ongoing,,Adverse Events,156
51335,S29/053,E29/013,Ongoing,,Adverse Events,157
49377,S15/039,E15/018,Ongoing,,Adverse Events,158
50975,S38/003,E38/003,Ongoing,,Adverse Events,159
51525,S15/120,E15/045,Ongoing,,Adverse Events,160
51175,S14/067,E14/009,Ongoing,,Adverse Events,161
50043,S09/027,E09/021,Ongoing,,Adverse Events,162
49903,S36/015,E36/005,Ongoing,,Adverse Events,164
51529,S15/125,E15/046,Ongoing,,Adverse Events,165
48593,S15/012,E15/007,Ongoing,,Adverse Events,166
51333,S29/052,E29/018,Ongoing,,Adverse Events,167
49158,S17/010,E17/010,Ongoing,,Adverse Events,168
51493,S24/030,E24/030,Ongoing,,Adverse Events,169
51408,S29/055,E29/015,Ongoing,,Adverse Events,170
51419,S29/056,E29/017,Ongoing,,Adverse Events,171
51434,S04/040,E04/012,Ongoing,,Adverse Events,172
51455,S29/058,E29/016,Ongoing,,Adverse Events,173
50152,S15/071,E15/024,Ongoing,,Adverse Events,174
51189,S14/068,E14/010,Ongoing,,Adverse Events,175
49996,S09/026,E09/020,Ongoing,,Adverse Events,176
51298,S36/047,E36/014,Ongoing,,Adverse Events,177
50184,S29/017,E29/007,Ongoing,,Adverse Events,178
50170,S29/016,E29/005,Ongoing,,Adverse Events,179
51603,S23/043,E23/016,Ongoing,,Adverse Events,180
51546,S19/131,E19/034,Ongoing,,Adverse Events,181
50246,S29/019,E29/004,Ongoing,,Adverse Events,182
50632,S15/093,E15/035,Ongoing,,Adverse Events,183
51531,S42/002,E42/001,Ongoing,,Adverse Events,184
48888,S33/003,E33/003,Ongoing,,Adverse Events,185
48885,S33/002,E33/002,Ongoing,,Adverse Events,186
51536,S28/071,E28/025,Ongoing,,Adverse Events,187
49896,S16/039,E16/018,Ongoing,,Adverse Events,188
51643,S04/044,E04/013,Ongoing,,Adverse Events,189
51359,S19/125,E19/033,Ongoing,,Adverse Events,190
50029,S16/040,E16/019,Ongoing,,Adverse Events,191
51651,S23/048,E23/018,Ongoing,,Adverse Events,192
50586,S14/053,E14/006,Ongoing,,Adverse Events,193
51669,S23/038,E23/019,Ongoing,,Adverse Events,194
51584,S36/053,E36/017,Ongoing,,Adverse Events,195
51914,S23/044,E23/022,Ongoing,,Adverse Events,196
48619,S04/007,E04/003,Ongoing,,Adverse Events,197
49540,S36/011,E36/003,Ongoing,,Adverse Events,198
50891,S04/029,E04/010,Ongoing,,Adverse Events,199
48664,S31/003,E31/002,Ongoing,,Adverse Events,200
51703,S38/008,E38/008,Ongoing,,Adverse Events,201
51704,S38/009,E38/009,Ongoing,,Adverse Events,202
51847,S31/032,E31/020,Ongoing,,Adverse Events,203
48660,S31/001,E31/001,Ongoing,,Adverse Events,204
51535,S23/036,E23/014,Ongoing,,Adverse Events,205
50070,S36/021,E36/008,Ongoing,,Adverse Events,206
50222,S16/045,E16/022,Ongoing,,Adverse Events,207
50153,S17/026,E17/026,Ongoing,,Adverse Events,208
49410,S17/019,E17/019,Ongoing,,Adverse Events,209
51878,S16/087,E16/042,Ongoing,,Adverse Events,210
50314,S16/048,E16/023,Ongoing,,Adverse Events,211
50684,S17/047,E17/047,Ongoing,,Adverse Events,212
51655,S28/080,E28/036,Ongoing,,Adverse Events,213
51571,S28/074,E28/028,Ongoing,,Adverse Events,214
50685,S17/048,E17/048,Ongoing,,Adverse Events,215
50818,S17/049,E17/049,Ongoing,,Adverse Events,216
51811,S17/058,E17/058,Ongoing,,Adverse Events,218
51929,S38/012,E38/012,Ongoing,,Adverse Events,219
50367,S19/072,E19/017,Ongoing,,Adverse Events,220
51736,S28/088,E28/039,Ongoing,,Adverse Events,221
51971,S31/035,E31/023,Ongoing,,Adverse Events,222
50672,S31/016,E31/009,Ongoing,,Adverse Events,223
48785,S31/004,E31/003,Ongoing,,Adverse Events,224
50735,S23/023,E23/006,Ongoing,,Adverse Events,225
51285,S23/032,E23/011,Ongoing,,Adverse Events,226
51967,S14/073,E14/011,Ongoing,,Adverse Events,227
52023,S15/146,E15/061,Ongoing,,Adverse Events,228
51621,S15/127,E15/048,Ongoing,,Adverse Events,229
49301,S36/008,E36/001,Ongoing,,Adverse Events,230
51841,S24/035,E24/035,Ongoing,,Adverse Events,231
51934,S33/084,E33/039,Ongoing,,Adverse Events,232
49106,S34/005,E34/004,Ongoing,,Adverse Events,233
48802,S31/005,E31/004,Ongoing,,Adverse Events,234
50655,S34/039,E34/013,Ongoing,,Adverse Events,235
50614,S34/030,E34/011,Ongoing,,Adverse Events,236
52043,S14/077,E14/012,Ongoing,,Adverse Events,237
50668,S19/089,E19/024,Ongoing,,Adverse Events,238
51904,S15/143,E15/057,Ongoing,,Adverse Events,239
51787,S36/063,E36/023,Ongoing,,Adverse Events,240
50317,S02/011,E02/011,Ongoing,,Adverse Events,241
48900,S33/010,E33/005,Ongoing,,Adverse Events,242
49105,S34/004,E34/003,Ongoing,,Adverse Events,243
51244,S34/042,E34/016,Ongoing,,Adverse Events,244
51844,S23/049,E23/021,Ongoing,,Adverse Events,245
51995,S04/054,E04/015,Ongoing,,Adverse Events,246
50847,S19/099,E19/025,Ongoing,,Adverse Events,247
50968,S34/043,E34/014,Ongoing,,Adverse Events,248
50826,S35/051,E35/009,Ongoing,,Adverse Events,249
50956,S19/106,E19/027,Ongoing,,Adverse Events,250
52110,S16/099,E16/050,Ongoing,,Adverse Events,251
50549,S15/088,E15/031,Ongoing,,Adverse Events,252
50949,S35/066,E35/011,Ongoing,,Adverse Events,253
50615,S16/053,E16/027,Ongoing,,Adverse Events,254
51984,S15/144,E15/060,Ongoing,,Adverse Events,255
50557,S02/013,E02/013,Ongoing,,Adverse Events,256
50926,S31/018,E31/011,Ongoing,,Adverse Events,257
49080,S35/013,E35/004,Ongoing,,Adverse Events,258
49037,S35/011,E35/005,Ongoing,,Adverse Events,259
52055,S23/052,E23/025,Ongoing,,Adverse Events,260
50637,S36/031,E36/012,Ongoing,,Adverse Events,261
52108,S14/078,E14/013,Ongoing,,Adverse Events,262
52116,S16/101,E16/048,Ongoing,,Adverse Events,263
51781,S44/004,E44/004,Ongoing,,Adverse Events,264
48993,S31/008,E31/005,Ongoing,,Adverse Events,265
50017,S21/020,E21/005,Ongoing,,Adverse Events,266
50822,S16/058,E16/029,Ongoing,,Adverse Events,268
50795,S15/095,E15/036,Ongoing,,Adverse Events,269
50886,S15/101,E15/038,Ongoing,,Adverse Events,270
50898,S15/104,E15/039,Ongoing,,Adverse Events,271
51954,S19/147,E19/036,Ongoing,,Adverse Events,272
52180,S16/104,E16/049,Ongoing,,Adverse Events,273
52122,S16/103,E16/051,Ongoing,,Adverse Events,274
52192,S15/170,E15/067,Ongoing,,Adverse Events,275
50171,S17/028,E17/028,Ongoing,,Adverse Events,276
51034,S27/037,E27/014,Ongoing,,Adverse Events,277
52051,S44/007,E44/006,Ongoing,,Adverse Events,278
49034,S35/008,E35/003,Ongoing,,Adverse Events,279
51097,S23/030,E23/009,Ongoing,,Adverse Events,280
51839,S39/025,E39/013,Ongoing,,Adverse Events,281
52113,S15/168,E15/064,Ongoing,,Adverse Events,282
52130,S04/055,E04/016,Ongoing,,Adverse Events,283
52196,S15/173,E15/068,Ongoing,,Adverse Events,284
52126,S38/017,E38/017,Ongoing,,Adverse Events,285
52257,S16/105,E16/052,Ongoing,,Adverse Events,286
52191,S15/172,E15/066,Ongoing,,Adverse Events,287
49943,S19/049,E19/013,Ongoing,,Adverse Events,288
51292,S15/112,E15/043,Ongoing,,Adverse Events,289
51583,S19/133,E19/035,Ongoing,,Adverse Events,290
50950,S16/063,E16/031,Ongoing,,Adverse Events,291
51095,S31/020,E31/013,Ongoing,,Adverse Events,292
51296,S34/048,E34/020,Ongoing,,Adverse Events,294
51999,S44/006,E44/005,Ongoing,,Adverse Events,295
52193,S23/061,E23/027,Ongoing,,Adverse Events,296
52183,S19/156,E19/039,Ongoing,,Adverse Events,297
52243,S09/053,E09/041,Ongoing,,Adverse Events,298
50591,S15/089,E15/033,Ongoing,,Adverse Events,299
48794,S24/002,E24/002,Ongoing,,Adverse Events,300
51283,S19/120,E19/028,Ongoing,,Adverse Events,301
50875,S16/061,E16/035,Ongoing,,Adverse Events,302
51078,S19/116,E19/029,Ongoing,,Adverse Events,303
52270,S34/087,E34/029,Ongoing,,Adverse Events,304
51360,S19/126,E19/030,Ongoing,,Adverse Events,305
52212,S44/009,E44/008,Ongoing,,Adverse Events,306
49388,S31/011,E31/007,Ongoing,,Adverse Events,307
51589,S24/031,E24/031,Ongoing,,Adverse Events,308
51103,S19/119,E19/031,Ongoing,,Adverse Events,309
50917,S33/064,E33/029,Ongoing,,Adverse Events,310
51102,S19/118,E19/032,Ongoing,,Adverse Events,311
51562,S31/026,E31/016,Ongoing,,Adverse Events,312
51308,S17/051,E17/051,Ongoing,,Adverse Events,313
48945,S24/004,E24/004,Ongoing,,Adverse Events,314
51297,S34/060,E34/022,Ongoing,,Adverse Events,315
51299,S44/002,E44/002,Ongoing,,Adverse Events,316
52252,S24/040,E24/040,Ongoing,,Adverse Events,317
50285,S17/025,E17/025,Ongoing,,Adverse Events,318
52152,S38/018,E38/018,Ongoing,,Adverse Events,319
52376,S38/023,E38/023,Ongoing,,Adverse Events,320
49076,S31/010,E31/006,Ongoing,,Adverse Events,321
52219,S34/088,E34/027,Ongoing,,Adverse Events,322
52242,S04/062,E04/018,Ongoing,,Adverse Events,323
52255,S38/021,E38/021,Ongoing,,Adverse Events,324
52206,S04/059,E04/017,Ongoing,,Adverse Events,325
52524,S24/045,E24/045,Ongoing,,Adverse Events,326
52112,S16/097,E16/046,Ongoing,,Adverse Events,327
51248,S16/071,E16/036,Ongoing,,Adverse Events,328
47910,S01/012,E01/004,Ongoing,,Adverse Events,329
51564,S44/003,E44/003,Ongoing,,Adverse Events,330
52714,S31/043,E31/027,Ongoing,,Adverse Events,331
51462,S35/076,E35/014,Ongoing,,Adverse Events,332
51606,S34/070,E34/024,Ongoing,,Adverse Events,333
51756,S23/047,E23/020,Ongoing,,Adverse Events,334
49919,S34/019,E34/006,Ongoing,,Adverse Events,335
51332,S21/039,E21/014,Ongoing,,Adverse Events,336
51949,S24/037,E24/037,Ongoing,,Adverse Events,337
50773,S24/021,E24/021,Ongoing,,Adverse Events,338
52569,S38/026,E38/026,Ongoing,,Adverse Events,339
52426,S04/063,E04/019,Ongoing,,Adverse Events,340
49641,S16/035,E16/015,Ongoing,,Adverse Events,341
51513,S16/081,E16/040,Ongoing,,Adverse Events,342
52501,S35/157,E35/022,Ongoing,,Adverse Events,343
52624,S35/163,E35/023,Ongoing,,Adverse Events,344
52767,S34/113,E34/033,Ongoing,,Adverse Events,345
52562,S15/181,E15/072,Ongoing,,Adverse Events,346
51585,S36/051,E36/018,Ongoing,,Adverse Events,347
52048,S39/019,E39/011,Ongoing,,Adverse Events,348
52596,S34/101,E34/031,Ongoing,,Adverse Events,349
52428,S44/010,E44/009,Ongoing,,Adverse Events,350
52738,S44/015,E44/014,Ongoing,,Adverse Events,351
52821,S35/175,E35/026,Ongoing,,Adverse Events,352
51553,S09/037,E09/034,Ongoing,,Adverse Events,353
52845,S09/057,E09/045,Ongoing,,Adverse Events,354
51927,S15/145,E15/059,Ongoing,,Adverse Events,355
49638,S19/035,E19/012,Ongoing,,Adverse Events,356
50974,S38/002,E38/002,Ongoing,,Adverse Events,357
52874,S16/123,E16/058,Ongoing,,Adverse Events,358
49999,S24/011,E24/011,Ongoing,,Adverse Events,359
52723,S19/173,E19/043,Ongoing,,Adverse Events,360
52436,S17/089,E17/069,Ongoing,,Adverse Events,361
51824,S04/047,E04/014,Ongoing,,Adverse Events,362
52754,S38/030,E38/030,Ongoing,,Adverse Events,363
51647,S12/145,E12/029,Ongoing,,Adverse Events,364
51873,S12/149,E12/033,Ongoing,,Adverse Events,365
50316,S36/027,E36/010,Ongoing,,Adverse Events,366
51494,S33/077,E33/037,Ongoing,,Adverse Events,367
52822,S35/176,E35/025,Ongoing,,Adverse Events,368
52725,S35/167,E35/024,Ongoing,,Adverse Events,369
51574,S15/131,E15/047,Ongoing,,Adverse Events,370
52987,S24/048,E24/048,Ongoing,,Adverse Events,371
49687,S24/010,E24/010,Ongoing,,Adverse Events,372
51993,S31/036,E31/024,Ongoing,,Adverse Events,373
52917,S34/103,E34/036,Ongoing,,Adverse Events,374
50000,S24/012,E24/012,Ongoing,,Adverse Events,375
52729,S45/007,E45/007,Ongoing,,Adverse Events,376
52730,S39/052,E39/026,Ongoing,,Adverse Events,377
52014,S12/153,E12/035,Ongoing,,Adverse Events,378
51032,S34/029,E34/010,Ongoing,,Adverse Events,379
53026,S38/033,E38/033,Ongoing,,Adverse Events,380
53000,S34/124,E34/039,Ongoing,,Adverse Events,381
52916,S04/069,E04/023,Ongoing,,Adverse Events,382
52920,S19/182,E19/044,Ongoing,,Adverse Events,383
52004,S09/050,E09/040,Ongoing,,Adverse Events,384
53066,S16/128,E16/060,Ongoing,,Adverse Events,385
50641,S09/030,E09/024,Ongoing,,Adverse Events,386
49939,S17/024,E17/024,Ongoing,,Adverse Events,387
51951,S19/144,E19/037,Ongoing,,Adverse Events,388
48836,S09/013,E09/008,Ongoing,,Adverse Events,389
52195,S33/089,E33/040,Ongoing,,Adverse Events,390
48821,S35/003,E35/001,Ongoing,,Adverse Events,391
50452,S35/044,E35/008,Ongoing,,Adverse Events,392
52884,S33/104,E33/046,Ongoing,,Adverse Events,393
52997,S31/046,E31/031,Ongoing,,Adverse Events,394
49107,S34/006,E34/001,Ongoing,,Adverse Events,395
52034,S19/151,E19/038,Ongoing,,Adverse Events,396
52049,S39/023,E39/014,Ongoing,,Adverse Events,397
53116,S35/189,E35/029,Ongoing,,Adverse Events,398
52408,S33/091,E33/042,Ongoing,,Adverse Events,399
53235,S04/073,E04/025,Ongoing,,Adverse Events,400
52353,S23/062,E23/028,Ongoing,,Adverse Events,401
52740,S23/069,E23/029,Ongoing,,Adverse Events,402
52054,S23/058,E23/024,Ongoing,,Adverse Events,403
51909,S23/051,E23/023,Ongoing,,Adverse Events,404
52409,S33/092,E33/044,Ongoing,,Adverse Events,405
51566,S23/039,E23/017,Ongoing,,Adverse Events,406
50765,S09/034,E09/027,Ongoing,,Adverse Events,407
52998,S34/123,E34/038,Ongoing,,Adverse Events,408
52815,S38/031,E38/031,Ongoing,,Adverse Events,409
53228,S31/052,E31/032,Ongoing,,Adverse Events,410
51180,S34/044,E34/015,Ongoing,,Adverse Events,411
53415,S31/054,E31/034,Ongoing,,Adverse Events,412
51031,S34/028,E34/008,Ongoing,,Adverse Events,413
53131,S19/187,E19/047,Ongoing,,Adverse Events,414
52153,S35/123,E35/017,Ongoing,,Adverse Events,415
52203,S12/159,E12/037,Ongoing,,Adverse Events,416
53128,S15/201,E15/082,Ongoing,,Adverse Events,417
50998,S34/031,E34/012,Ongoing,,Adverse Events,418
53241,S34/143,E34/042,Ongoing,,Adverse Events,419
53136,S23/088,E23/037,Ongoing,,Adverse Events,420
53125,S02/025,E02/025,Ongoing,,Adverse Events,421
52876,S23/077,E23/033,Ongoing,,Adverse Events,422
50509,S17/033,E17/033,Ongoing,,Adverse Events,423
53059,S44/017,E44/016,Ongoing,,Adverse Events,424
48820,S17/009,E17/009,Ongoing,,Adverse Events,425
52371,S24/043,E24/043,Ongoing,,Adverse Events,426
51534,S23/037,E23/013,Ongoing,,Adverse Events,427
50762,S12/123,E12/017,Ongoing,,Adverse Events,428
53238,S19/191,E19/048,Ongoing,,Adverse Events,429
48203,S10/003,E10/003,Ongoing,,Adverse Events,430
51532,S23/034,E23/012,Ongoing,,Adverse Events,431
52248,S09/054,E09/042,Ongoing,,Adverse Events,432
50233,S24/015,E24/015,Ongoing,,Adverse Events,433
52348,S09/051,E09/044,Ongoing,,Adverse Events,434
51718,S36/055,E36/021,Ongoing,,Adverse Events,435
53058,S24/049,E24/049,Ongoing,,Adverse Events,436
53622,S09/062,E09/051,Ongoing,,Adverse Events,437
52372,S31/040,E31/026,Ongoing,,Adverse Events,438
51203,S31/021,E31/014,Ongoing,,Adverse Events,439
49646,S31/013,E31/008,Ongoing,,Adverse Events,440
52226,S12/157,E12/039,Ongoing,,Adverse Events,441
50922,S12/129,E12/021,Ongoing,,Adverse Events,442
52347,S09/052,E09/043,Ongoing,,Adverse Events,443
50935,S10/060,E10/020,Ongoing,,Adverse Events,444
53636,S17/104,E17/081,Ongoing,,Adverse Events,445
53463,S17/103,E17/079,Ongoing,,Adverse Events,446
53539,S34/157,E34/047,Ongoing,,Adverse Events,447
49152,S27/012,E27/004,Ongoing,,Adverse Events,448
53447,S04/077,E04/026,Ongoing,,Adverse Events,449
51071,S34/057,E34/019,Ongoing,,Adverse Events,450
50347,S21/031,E21/013,Ongoing,,Adverse Events,451
51879,S15/153,E15/062,Ongoing,,Adverse Events,452
53057,S21/043,E21/018,Ongoing,,Adverse Events,453
53675,S23/092,E23/039,Ongoing,,Adverse Events,454
53782,S19/199,E19/051,Ongoing,,Adverse Events,455
52410,S10/073,E10/025,Ongoing,,Adverse Events,456
50871,S25/068,E25/024,Ongoing,,Adverse Events,457
53751,S34/172,E34/050,Ongoing,,Adverse Events,458
53806,S24/053,E24/053,Ongoing,,Adverse Events,459
51960,S16/090,E16/045,Ongoing,,Adverse Events,460
53692,S39/067,E39/029,Ongoing,,Adverse Events,461
52392,S33/093,E33/043,Ongoing,,Adverse Events,462
53807,S24/054,E24/054,Ongoing,,Adverse Events,463
53780,S19/200,E19/050,Ongoing,,Adverse Events,464
51677,S29/069,E29/020,Ongoing,,Adverse Events,465
52741,S23/071,E23/030,Ongoing,,Adverse Events,466
53679,S44/022,E44/021,Ongoing,,Adverse Events,467
52530,S44/013,E44/012,Ongoing,,Adverse Events,468
53778,S23/093,E23/040,Ongoing,,Adverse Events,469
52632,S25/114,E25/045,Ongoing,,Adverse Events,470
51139,S25/072,E25/027,Ongoing,,Adverse Events,471
52598,S19/167,E19/041,Ongoing,,Adverse Events,472
53861,S09/063,E09/052,Ongoing,,Adverse Events,473
51217,S44/001,E44/001,Ongoing,,Adverse Events,474
52438,S44/011,E44/010,Ongoing,,Adverse Events,475
49312,S12/097,E12/011,Ongoing,,Adverse Events,476
51070,S34/047,E34/017,Ongoing,,Adverse Events,477
52266,S31/039,E31/025,Ongoing,,Adverse Events,478
53112,S23/087,E23/036,Ongoing,,Adverse Events,479
50894,S24/025,E24/025,Ongoing,,Adverse Events,480
53500,S33/120,E33/049,Ongoing,,Adverse Events,481
53847,S34/166,E34/051,Ongoing,,Adverse Events,482
52925,S34/099,E34/030,Ongoing,,Adverse Events,483
52629,S44/014,E44/013,Ongoing,,Adverse Events,484
52878,S04/071,E04/021,Ongoing,,Adverse Events,485
50786,S25/063,E25/011,Ongoing,,Adverse Events,486
51042,S25/070,E25/025,Ongoing,,Adverse Events,487
52849,S25/113,E25/044,Ongoing,,Adverse Events,488
52743,S25/119,E25/047,Ongoing,,Adverse Events,489
52699,S12/173,E12/049,Ongoing,,Adverse Events,490
52722,S19/172,E19/042,Ongoing,,Adverse Events,491
53989,S09/066,E09/054,Ongoing,,Adverse Events,492
51837,S39/017,E39/008,Ongoing,,Adverse Events,493
53376,S16/131,E16/061,Ongoing,,Adverse Events,494
53664,S44/021,E44/020,Ongoing,,Adverse Events,495
53785,S44/023,E44/022,Ongoing,,Adverse Events,496
53850,S44/024,E44/023,Ongoing,,Adverse Events,497
52615,S36/090,E36/033,Ongoing,,Adverse Events,498
50046,S04/020,E04/007,Ongoing,,Adverse Events,499
53929,S04/083,E04/029,Ongoing,,Adverse Events,500
51040,S04/035,E04/011,Ongoing,,Adverse Events,501
52825,S34/112,E34/035,Ongoing,,Adverse Events,502
54392,S15/249,E15/095,Ongoing,,Adverse Events,503
54000,S04/085,E04/031,Ongoing,,Adverse Events,504
49503,S24/006,E24/006,Ongoing,,Adverse Events,505
52877,S15/190,E15/076,Ongoing,,Adverse Events,506
50618,S24/019,E24/019,Ongoing,,Adverse Events,507
54239,S25/146,E25/056,Ongoing,,Adverse Events,508
53827,S17/110,E17/087,Ongoing,,Adverse Events,509
52486,S17/090,E17/070,Ongoing,,Adverse Events,510
49468,S25/009,E25/009,Ongoing,,Adverse Events,511
51547,S09/038,E09/032,Ongoing,,Adverse Events,512
53075,S15/220,E15/081,Ongoing,,Adverse Events,513
51556,S09/042,E09/035,Ongoing,,Adverse Events,514
49910,S25/016,E25/014,Ongoing,,Adverse Events,515
52799,S34/104,E34/032,Ongoing,,Adverse Events,516
50797,S15/097,E15/037,Ongoing,,Adverse Events,517
53917,S14/113,E14/021,Ongoing,,Adverse Events,518
53623,S15/234,E15/084,Ongoing,,Adverse Events,519
52178,S39/022,E39/012,Ongoing,,Adverse Events,520
51352,S39/010,E39/005,Ongoing,,Adverse Events,521
52798,S34/115,E34/034,Ongoing,,Adverse Events,522
54352,S19/219,E19/053,Ongoing,,Adverse Events,523
52566,S17/092,E17/072,Ongoing,,Adverse Events,524
51946,S17/083,E17/064,Ongoing,,Adverse Events,525
54054,S15/246,E15/091,Ongoing,,Adverse Events,526
52707,S33/098,E33/045,Ongoing,,Adverse Events,527
52885,S09/058,E09/047,Ongoing,,Adverse Events,528
53063,S09/059,E09/048,Ongoing,,Adverse Events,529
54426,S04/090,E04/033,Ongoing,,Adverse Events,530
53945,S29/124,E29/032,Ongoing,,Adverse Events,531
54336,S23/096,E23/041,Ongoing,,Adverse Events,532
51803,S34/079,E34/026,Ongoing,,Adverse Events,533
54338,S23/097,E23/043,Ongoing,,Adverse Events,534
50784,S05/021,E05/021,Ongoing,,Adverse Events,535
50760,S05/017,E05/017,Ongoing,,Adverse Events,536
50766,S05/013,E05/013,Ongoing,,Adverse Events,537
55072,S15/266,E15/100,Ongoing,,Adverse Events,538
49505,S05/005,E05/005,Ongoing,,Adverse Events,539
52898,S35/172,E35/027,Ongoing,,Adverse Events,540
54401,S29/129,E29/023,Ongoing,,Adverse Events,541
54911,S09/071,E09/059,Ongoing,,Adverse Events,542
52880,S23/081,E23/034,Ongoing,,Adverse Events,543
55392,S21/046,E21/021,Ongoing,,Adverse Events,544
52834,S19/177,E19/046,Ongoing,,Adverse Events,545
55438,S21/047,E21/022,Ongoing,,Adverse Events,546
52983,S20/026,E20/015,Ongoing,,Adverse Events,547
54245,S04/086,E04/032,Ongoing,,Adverse Events,548
54576,S33/151,E33/060,Ongoing,,Adverse Events,549
54659,S13/096,E13/096,Ongoing,,Adverse Events,550
52840,S31/044,E31/028,Ongoing,,Adverse Events,551
51974,S31/033,E31/021,Ongoing,,Adverse Events,552
55484,S21/049,E21/024,Ongoing,,Adverse Events,553
54418,S29/131,E29/025,Ongoing,,Adverse Events,554
54354,S19/221,E19/054,Ongoing,,Adverse Events,555
52927,S29/103,E29/021,Ongoing,,Adverse Events,556
52994,S34/127,E34/037,Ongoing,,Adverse Events,557
54711,S14/121,E14/024,Ongoing,,Adverse Events,558
51569,S25/088,E25/034,Ongoing,,Adverse Events,559
51917,S39/028,E39/015,Ongoing,,Adverse Events,560
54988,S44/027,E44/026,Ongoing,,Adverse Events,561
52626,S16/119,E16/057,Ongoing,,Adverse Events,562
53838,S16/139,E16/065,Ongoing,,Adverse Events,563
53928,S24/055,E24/055,Ongoing,,Adverse Events,564
54707,S14/122,E14/023,Ongoing,,Adverse Events,565
53114,S40/017,E40/012,Ongoing,,Adverse Events,566
54994,S44/028,E44/027,Ongoing,,Adverse Events,567
55100,S47/003,E47/003,Ongoing,,Adverse Events,568
54303,S24/056,E24/056,Ongoing,,Adverse Events,569
51638,S25/089,E25/035,Ongoing,,Adverse Events,570
52786,S44/016,E44/015,Ongoing,,Adverse Events,571
53249,S14/105,E14/018,Ongoing,,Adverse Events,572
54974,S16/153,E16/072,Ongoing,,Adverse Events,573
53146,S34/138,E34/041,Ongoing,,Adverse Events,574
50488,S34/026,E34/009,Ongoing,,Adverse Events,575
48714,S29/001,E29/001,Ongoing,,Adverse Events,576
49938,S17/023,E17/023,Ongoing,,Adverse Events,577
50286,S24/016,E24/016,Ongoing,,Adverse Events,578
54872,S19/228,E19/057,Ongoing,,Adverse Events,579
53373,S34/152,E34/043,Ongoing,,Adverse Events,580
50037,S20/002,E20/002,Ongoing,,Adverse Events,581
51963,S09/049,E09/039,Ongoing,,Adverse Events,582
53417,S09/060,E09/050,Ongoing,,Adverse Events,583
55751,S20/043,E20/004,Ongoing,,Adverse Events,584
50298,S25/020,E25/016,Ongoing,,Adverse Events,585
55492,S25/156,E25/060,Ongoing,,Adverse Events,586
55160,S44/029,E44/028,Ongoing,,Adverse Events,587
55066,S19/231,E19/056,Ongoing,,Adverse Events,588
55355,S47/004,E47/004,Ongoing,,Adverse Events,589
53377,S44/018,E44/017,Ongoing,,Adverse Events,590
55204,S15/280,E15/101,Ongoing,,Adverse Events,591
53427,S34/150,E34/045,Ongoing,,Adverse Events,592
53804,S15/237,E15/086,Ongoing,,Adverse Events,593
55410,S16/157,E16/075,Ongoing,,Adverse Events,594
48015,S04/003,E04/002,Ongoing,,Adverse Events,595
53388,S19/194,E19/049,Ongoing,,Adverse Events,596
55386,S15/271,E15/103,Ongoing,,Adverse Events,597
50642,S09/031,E09/025,Ongoing,,Adverse Events,598
53812,S31/058,E31/036,Ongoing,,Adverse Events,599
54379,S04/089,E04/034,Ongoing,,Adverse Events,600
55678,S16/160,E16/077,Ongoing,,Adverse Events,601
55478,S13/106,E13/106,Ongoing,,Adverse Events,602
52909,S15/207,E15/078,Ongoing,,Adverse Events,603
53545,S13/074,E13/074,Ongoing,,Adverse Events,604
51939,S36/065,E36/024,Ongoing,,Adverse Events,605
52891,S33/108,E33/047,Ongoing,,Adverse Events,606
51958,S36/064,E36/025,Ongoing,,Adverse Events,607
53527,S34/149,E34/048,Ongoing,,Adverse Events,608
55239,S19/233,E19/059,Ongoing,,Adverse Events,609
53501,S33/131,E33/048,Ongoing,,Adverse Events,610
53659,S34/165,E34/049,Ongoing,,Adverse Events,611
53421,S34/147,E34/046,Ongoing,,Adverse Events,612
53783,S36/109,E36/038,Ongoing,,Adverse Events,613
52915,S36/097,E36/036,Ongoing,,Adverse Events,614
51721,S15/130,E15/052,Ongoing,,Adverse Events,615
50545,S19/075,E19/018,Ongoing,,Adverse Events,616
55243,S19/237,E19/061,Ongoing,,Adverse Events,617
50186,S24/013,E24/013,Ongoing,,Adverse Events,618
53483,S44/020,E44/019,Ongoing,,Adverse Events,619
51890,S09/047,E09/037,Ongoing,,Adverse Events,620
55229,S29/141,E29/031,Ongoing,,Adverse Events,621
55797,S15/294,E15/106,Ongoing,,Adverse Events,622
48762,S12/004,E12/002,Ongoing,,Adverse Events,623
48926,S25/005,E25/005,Ongoing,,Adverse Events,624
53380,S25/134,E25/053,Ongoing,,Adverse Events,625
53884,S04/082,E04/028,Ongoing,,Adverse Events,626
50853,S25/064,E25/020,Ongoing,,Adverse Events,627
55522,S04/097,E04/038,Ongoing,,Adverse Events,628
55507,S04/096,E04/037,Ongoing,,Adverse Events,629
53379,S16/132,E16/062,Ongoing,,Adverse Events,630
55207,S33/157,E33/064,Ongoing,,Adverse Events,631
53498,S16/134,E16/063,Ongoing,,Adverse Events,632
55110,S29/139,E29/040,Ongoing,,Adverse Events,633
55077,S29/137,E29/029,Ongoing,,Adverse Events,634
56043,S47/005,E47/005,Ongoing,,Adverse Events,635
55770,S24/062,E24/062,Ongoing,,Adverse Events,636
54355,S24/057,E24/057,Ongoing,,Adverse Events,637
54402,S47/002,E47/002,Ongoing,,Adverse Events,638
53848,S34/162,E34/052,Ongoing,,Adverse Events,639
48954,S12/008,E12/006,Ongoing,,Adverse Events,640
54047,S06/032,E06/020,Ongoing,,Adverse Events,641
53638,S17/105,E17/082,Ongoing,,Adverse Events,642
55540,S17/116,E17/091,Ongoing,,Adverse Events,643
55662,S33/163,E33/066,Ongoing,,Adverse Events,644
50831,S01/075,E01/039,Ongoing,,Adverse Events,645
56101,S31/078,E31/046,Ongoing,,Adverse Events,646
56061,S31/081,E31/045,Ongoing,,Adverse Events,647
48859,S25/002,E25/002,Ongoing,,Adverse Events,648
53475,S01/175,E01/082,Ongoing,,Adverse Events,649
51720,S36/054,E36/022,Ongoing,,Adverse Events,650
52158,S01/115,E01/053,Ongoing,,Adverse Events,651
51301,S34/058,E34/021,Ongoing,,Adverse Events,652
54220,S33/140,E33/054,Ongoing,,Adverse Events,653
55536,S19/242,E19/062,Ongoing,,Adverse Events,654
53682,S24/052,E24/052,Ongoing,,Adverse Events,655
48011,S01/019,E01/009,Ongoing,,Adverse Events,656
55758,S19/247,E19/063,Ongoing,,Adverse Events,657
55993,S52/001,E52/001,Ongoing,,Adverse Events,658
52119,S25/101,E25/040,Ongoing,,Adverse Events,659
53673,S06/031,E06/019,Ongoing,,Adverse Events,660
52918,S06/027,E06/018,Ongoing,,Adverse Events,661
54381,S46/006,E46/006,Ongoing,,Adverse Events,662
53965,S33/141,E33/053,Ongoing,,Adverse Events,663
53693,S39/058,E39/028,Ongoing,,Adverse Events,664
55432,S21/045,E21/020,Ongoing,,Adverse Events,665
55383,S21/044,E21/019,Ongoing,,Adverse Events,666
55870,S29/158,E29/050,Ongoing,,Adverse Events,667
50895,S29/038,E29/010,Ongoing,,Adverse Events,668
55729,S02/030,E02/030,Ongoing,,Adverse Events,669
51249,S40/003,E40/001,Ongoing,,Adverse Events,670
49270,S29/008,E29/002,Ongoing,,Adverse Events,671
53840,S04/081,E04/027,Ongoing,,Adverse Events,672
56433,S04/102,E04/042,Ongoing,,Adverse Events,673
54219,S44/026,E44/025,Ongoing,,Adverse Events,674
56084,S44/033,E44/032,Ongoing,,Adverse Events,675
56082,S44/032,E44/031,Ongoing,,Adverse Events,676
52099,S29/091,E29/028,Ongoing,,Adverse Events,677
54691,S25/149,E25/059,Ongoing,,Adverse Events,678
50522,S29/030,E29/008,Ongoing,,Adverse Events,679
56073,S29/161,E29/052,Ongoing,,Adverse Events,680
56417,S19/266,E19/066,Ongoing,,Adverse Events,681
56719,S08/076,E08/076,Ongoing,,Adverse Events,682
56166,S19/260,E19/067,Ongoing,,Adverse Events,683
54375,S10/084,E10/031,Ongoing,,Adverse Events,684
56143,S33/180,E33/071,Ongoing,,Adverse Events,685
53470,S33/126,E33/051,Ongoing,,Adverse Events,686
56283,S19/263,E19/068,Ongoing,,Adverse Events,687
55787,S27/102,E27/037,Ongoing,,Adverse Events,688
54439,S33/147,E33/058,Ongoing,,Adverse Events,689
54641,S13/091,E13/091,Ongoing,,Adverse Events,690
52030,S16/096,E16/047,Ongoing,,Adverse Events,691
54018,S16/141,E16/066,Ongoing,,Adverse Events,692
57243,S08/077,E08/077,Ongoing,,Adverse Events,693
54694,S27/081,E27/028,Ongoing,,Adverse Events,694
51454,S20/017,E20/011,Ongoing,,Adverse Events,695
53213,S17/101,E17/078,Ongoing,,Adverse Events,697
56797,S33/200,E33/079,Ongoing,,Adverse Events,698
56310,S33/182,E33/075,Ongoing,,Adverse Events,699
57119,S25/174,E25/066,Ongoing,,Adverse Events,700
56458,S17/124,E17/124,Ongoing,,Adverse Events,701
54459,S19/223,E19/055,Ongoing,,Adverse Events,702
54674,S13/094,E13/094,Ongoing,,Adverse Events,703
53627,S20/032,E20/018,Ongoing,,Adverse Events,704
56795,S10/103,E10/034,Ongoing,,Adverse Events,705
51758,S24/034,E24/034,Ongoing,,Adverse Events,706
53002,S37/092,E37/008,Ongoing,,Adverse Events,707
54308,S29/128,E29/036,Ongoing,,Adverse Events,708
56734,S19/271,E19/069,Ongoing,,Adverse Events,709
56812,S44/036,E44/033,Ongoing,,Adverse Events,710
54254,S15/250,E15/092,Ongoing,,Adverse Events,711
55106,S41/027,E41/021,Ongoing,,Adverse Events,712
56028,S33/175,E33/070,Ongoing,,Adverse Events,713
55381,S17/114,E17/090,Ongoing,,Adverse Events,714
57306,S17/134,E17/134,Ongoing,,Adverse Events,715
54580,S29/135,E29/027,Ongoing,,Adverse Events,716
57259,S24/069,E24/069,Ongoing,,Adverse Events,717
57334,S31/088,E31/049,Ongoing,,Adverse Events,718
55071,S33/154,E33/063,Ongoing,,Adverse Events,719
52836,S31/042,E31/029,Ongoing,,Adverse Events,720
51573,S31/028,E31/017,Ongoing,,Adverse Events,721
56617,S29/169,E29/035,Ongoing,,Adverse Events,722
56051,S24/064,E24/064,Ongoing,,Adverse Events,723
51739,S41/005,E41/004,Ongoing,,Adverse Events,724
52261,S24/041,E24/041,Ongoing,,Adverse Events,725
51295,S29/051,E29/014,Ongoing,,Adverse Events,726
52701,S24/046,E24/046,Ongoing,,Adverse Events,727
55075,S24/059,E24/059,Ongoing,,Adverse Events,728
55108,S41/028,E41/022,Ongoing,,Adverse Events,729
52275,S16/110,E16/055,Ongoing,,Adverse Events,730
52628,S25/112,E25/043,Ongoing,,Adverse Events,731
54664,S31/071,E31/042,Ongoing,,Adverse Events,732
51724,S31/030,E31/019,Ongoing,,Adverse Events,733
55098,S20/039,E20/023,Ongoing,,Adverse Events,734
57406,S24/073,E24/073,Ongoing,,Adverse Events,735
55238,S19/232,E19/058,Ongoing,,Adverse Events,736
57312,S33/205,E33/081,Ongoing,,Adverse Events,737
57197,S13/126,E13/126,Ongoing,,Adverse Events,738
57417,S19/288,E19/077,Ongoing,,Adverse Events,739
50603,S34/020,E34/007,Ongoing,,Adverse Events,740
55353,S19/238,E19/060,Ongoing,,Adverse Events,741
57275,S20/061,E20/030,Ongoing,,Adverse Events,742
52346,S16/113,E16/053,Ongoing,,Adverse Events,743
57909,S33/208,E33/083,Ongoing,,Adverse Events,744
54868,S04/092,E04/036,Ongoing,,Adverse Events,745
55477,S15/275,E15/104,Ongoing,,Adverse Events,746
50345,S01/062,E01/030,Ongoing,,Adverse Events,747
50226,S01/058,E01/029,Ongoing,,Adverse Events,748
55485,S33/167,E33/065,Ongoing,,Adverse Events,749
54248,S01/182,E01/085,Ongoing,,Adverse Events,750
54342,S01/084,E01/086,Ongoing,,Adverse Events,751
57407,S13/136,E13/136,Ongoing,,Adverse Events,752
54567,S29/133,E29/038,Ongoing,,Adverse Events,753
55610,S04/098,E04/039,Ongoing,,Adverse Events,754
57934,S13/148,E13/148,Ongoing,,Adverse Events,755
55112,S29/140,E29/042,Ongoing,,Adverse Events,756
55617,S15/293,E15/105,Ongoing,,Adverse Events,757
53027,S15/221,E15/077,Ongoing,,Adverse Events,758
55475,S13/109,E13/109,Ongoing,,Adverse Events,759
56796,S29/177,E29/062,Ongoing,,Adverse Events,760
51923,S27/048,E27/019,Ongoing,,Adverse Events,761
57955,S44/043,E44/035,Ongoing,,Adverse Events,762
56722,S29/170,E29/037,Ongoing,,Adverse Events,763
51874,S15/137,E15/056,Ongoing,,Adverse Events,764
52977,S25/125,E25/049,Ongoing,,Adverse Events,765
56816,S29/178,E29/064,Ongoing,,Adverse Events,766
56769,S29/176,E29/060,Ongoing,,Adverse Events,767
55804,S35/207,E35/035,Ongoing,,Adverse Events,768
51027,S24/028,E24/028,Ongoing,,Adverse Events,769
55779,S24/063,E24/063,Ongoing,,Adverse Events,770
51216,S24/029,E24/029,Ongoing,,Adverse Events,771
51022,S24/027,E24/027,Ongoing,,Adverse Events,772
55755,S27/095,E27/032,Ongoing,,Adverse Events,773
55681,S13/114,E13/114,Ongoing,,Adverse Events,774
55693,S44/030,E44/029,Ongoing,,Adverse Events,775
56291,S41/033,E41/025,Ongoing,,Adverse Events,776
57512,S29/196,E29/039,Ongoing,,Adverse Events,777
53799,S19/204,E19/052,Ongoing,,Adverse Events,778
55430,S29/146,E29/044,Ongoing,,Adverse Events,779
58043,S19/300,E19/079,Ongoing,,Adverse Events,780
54339,S01/158,E01/071,Ongoing,,Adverse Events,781
57773,S29/204,E29/070,Ongoing,,Adverse Events,782
52413,S19/164,E19/040,Ongoing,,Adverse Events,783
55800,S27/100,E27/038,Ongoing,,Adverse Events,784
55745,S27/092,E27/033,Ongoing,,Adverse Events,785
57256,S53/005,E53/002,Ongoing,,Adverse Events,786
59341,S28/148,E28/067,Ongoing,,Adverse Events,787
53004,S01/103,E01/051,Ongoing,,Adverse Events,788
53964,S25/139,E25/054,Ongoing,,Adverse Events,789
57990,S33/209,E33/084,Ongoing,,Adverse Events,790
56412,S52/002,E52/002,Ongoing,,Adverse Events,791
55685,S33/173,E33/067,Ongoing,,Adverse Events,792
58249,S33/213,E33/086,Ongoing,,Adverse Events,793
58953,S31/090,E31/051,Ongoing,,Adverse Events,794
53701,S41/019,E41/016,Ongoing,,Adverse Events,795
58800,S46/026,E46/026,Ongoing,,Adverse Events,796
58763,S53/024,E53/008,Ongoing,,Adverse Events,797
56581,S41/034,E41/027,Ongoing,,Adverse Events,798
56009,S19/257,E19/064,Ongoing,,Adverse Events,799
55978,S25/168,E25/063,Ongoing,,Adverse Events,800
58980,S16/185,E16/089,Ongoing,,Adverse Events,801
51342,S13/017,E13/017,Ongoing,,Adverse Events,802
55902,S15/299,E15/107,Ongoing,,Adverse Events,803
49289,S01/056,E01/026,Ongoing,,Adverse Events,804
50272,S01/068,E01/035,Ongoing,,Adverse Events,805
55813,S01/206,E01/093,Ongoing,,Adverse Events,806
58848,S24/078,E24/078,Ongoing,,Adverse Events,807
58865,S18/026,E18/026,Ongoing,,Adverse Events,808
59626,S15/359,E15/123,Ongoing,,Adverse Events,809
49261,S22/021,E22/002,Ongoing,,Adverse Events,810
49509,S22/025,E22/004,Ongoing,,Adverse Events,811
59187,S15/353,E15/121,Ongoing,,Adverse Events,812
56311,S46/017,E46/017,Ongoing,,Adverse Events,813
56391,S15/305,E15/110,Ongoing,,Adverse Events,814
53353,S12/183,E12/053,Ongoing,,Adverse Events,815
56090,S09/083,E09/062,Ongoing,,Adverse Events,816
54368,S46/004,E46/004,Ongoing,,Adverse Events,817
56461,S52/003,E52/003,Ongoing,,Adverse Events,818
56612,S09/088,E09/064,Ongoing,,Adverse Events,819
56287,S31/086,E31/047,Ongoing,,Adverse Events,820
59154,S33/214,E33/088,Ongoing,,Adverse Events,821
52990,S16/124,E16/059,Ongoing,,Adverse Events,822
56129,S33/174,E33/072,Ongoing,,Adverse Events,823
59318,S46/029,E46/029,Ongoing,,Adverse Events,824
58305,S29/209,E29/043,Ongoing,,Adverse Events,825
50791,S22/053,E22/013,Ongoing,,Adverse Events,826
58291,S19/304,E19/080,Ongoing,,Adverse Events,827
50962,S31/019,E31/012,Ongoing,,Adverse Events,828
58169,S24/077,E24/077,Ongoing,,Adverse Events,829
58381,S29/212,E29/074,Ongoing,,Adverse Events,830
52267,S34/094,E34/028,Ongoing,,Adverse Events,831
53851,S12/203,E12/055,Ongoing,,Adverse Events,832
56313,S25/170,E25/064,Ongoing,,Adverse Events,833
59573,S04/117,E04/049,Ongoing,,Adverse Events,834
54380,S46/005,E46/005,Ongoing,,Adverse Events,835
59338,S04/112,E04/045,Ongoing,,Adverse Events,836
56127,S47/007,E47/007,Ongoing,,Adverse Events,837
59605,S04/118,E04/050,Ongoing,,Adverse Events,838
53240,S13/023,E13/023,Ongoing,,Adverse Events,839
57414,S15/318,E15/116,Ongoing,,Adverse Events,840
56289,S31/084,E31/048,Ongoing,,Adverse Events,841
50994,S01/076,E01/038,Ongoing,,Adverse Events,842
56819,S09/086,E09/065,Ongoing,,Adverse Events,843
59431,S47/011,E47/011,Ongoing,,Adverse Events,844
57271,S04/104,E04/044,Ongoing,,Adverse Events,845
56743,S20/056,E20/028,Ongoing,,Adverse Events,846
56088,S16/167,E16/080,Ongoing,,Adverse Events,847
54027,S31/064,E31/037,Ongoing,,Adverse Events,848
56107,S04/101,E04/041,Ongoing,,Adverse Events,849
55687,S24/061,E24/061,Ongoing,,Adverse Events,850
59346,S04/113,E04/046,Ongoing,,Adverse Events,851
56459,S17/127,E17/127,Ongoing,,Adverse Events,852
56777,S46/018,E46/018,Ongoing,,Adverse Events,853
54039,S20/034,E20/020,Ongoing,,Adverse Events,854
56787,S19/276,E19/073,Ongoing,,Adverse Events,855
54645,S15/262,E15/098,Ongoing,,Adverse Events,856
57131,S13/134,E13/134,Ongoing,,Adverse Events,857
54429,S15/257,E15/096,Ongoing,,Adverse Events,858
49949,S22/026,E22/006,Ongoing,,Adverse Events,859
56999,S46/021,E46/021,Ongoing,,Adverse Events,860
59449,S19/317,E19/082,Ongoing,,Adverse Events,861
52528,S44/012,E44/011,Ongoing,,Adverse Events,862
53966,S13/082,E13/082,Ongoing,,Adverse Events,863
60833,S16/194,E16/093,Ongoing,,Adverse Events,864
60934,S33/235,E33/090,Ongoing,,Adverse Events,865
50751,S01/066,E01/033,Ongoing,,Adverse Events,866
61008,S09/102,E09/074,Ongoing,,Adverse Events,867
51181,S01/088,E01/045,Ongoing,,Adverse Events,868
56817,S25/173,E25/065,Ongoing,,Adverse Events,869
51193,S01/087,E01/047,Ongoing,,Adverse Events,870
52907,S41/013,E41/010,Ongoing,,Adverse Events,871
53641,S01/173,E01/080,Ongoing,,Adverse Events,872
50996,S01/090,E01/046,Ongoing,,Adverse Events,873
52218,S29/096,E29/030,Ongoing,,Adverse Events,874
50132,S22/036,E22/009,Ongoing,,Adverse Events,875
50678,S08/064,E08/064,Ongoing,,Adverse Events,876
50261,S22/035,E22/010,Ongoing,,Adverse Events,877
57284,S19/286,E19/075,Ongoing,,Adverse Events,878
48078,S05/001,E05/001,Ongoing,,Adverse Events,879
54910,S18/025,E18/025,Ongoing,,Adverse Events,880
52700,S12/175,E12/051,Ongoing,,Adverse Events,881
62209,S15/375,E15/128,Ongoing,,Adverse Events,882
51080,S01/072,E01/041,Ongoing,,Adverse Events,883
57209,S19/282,E19/076,Ongoing,,Adverse Events,884
57192,S29/180,E29/066,Ongoing,,Adverse Events,885
57997,S27/129,E27/047,Ongoing,,Adverse Events,886
61195,S12/215,E12/063,Ongoing,,Adverse Events,887
58000,S41/038,E41/030,Ongoing,,Adverse Events,888
52230,S24/039,E24/039,Ongoing,,Adverse Events,889
50805,S22/054,E22/014,Ongoing,,Adverse Events,890
51106,S22/052,E22/015,Ongoing,,Adverse Events,891
61328,S47/012,E47/012,Ongoing,,Adverse Events,892
51111,S22/050,E22/017,Ongoing,,Adverse Events,893
60941,S39/107,E39/046,Ongoing,,Adverse Events,894
62169,S27/144,E27/055,Ongoing,,Adverse Events,895
57180,S46/023,E46/023,Ongoing,,Adverse Events,896
56997,S46/020,E46/020,Ongoing,,Adverse Events,897
56463,S24/066,E24/066,Ongoing,,Adverse Events,898
61009,S33/237,E33/091,Ongoing,,Adverse Events,899
52863,S19/180,E19/045,Ongoing,,Adverse Events,900
54361,S33/146,E33/057,Ongoing,,Adverse Events,901
62195,S53/039,E53/011,Ongoing,,Adverse Events,902
59638,S29/228,E29/092,Ongoing,,Adverse Events,903
62275,S15/383,E15/129,Ongoing,,Adverse Events,904
57877,S09/092,E09/069,Ongoing,,Adverse Events,905
57908,S09/093,E09/070,Ongoing,,Adverse Events,906
51541,S12/137,E12/025,Ongoing,,Adverse Events,907
52213,S39/043,E39/021,Ongoing,,Adverse Events,908
52181,S39/041,E39/020,Ongoing,,Adverse Events,909
51632,S39/014,E39/007,Ongoing,,Adverse Events,910
52015,S39/029,E39/016,Ongoing,,Adverse Events,911
62462,S39/071,E39/033,Ongoing,,Adverse Events,912
55646,S39/081,E39/034,Ongoing,,Adverse Events,913
55545,S39/079,E39/036,Ongoing,,Adverse Events,914
55785,S39/083,E39/038,Ongoing,,Adverse Events,915
58359,S39/097,E39/044,Ongoing,,Adverse Events,916
53792,S39/069,E39/031,Ongoing,,Adverse Events,917
51634,S39/016,E39/009,Ongoing,,Adverse Events,918
52146,S39/035,E39/019,Ongoing,,Adverse Events,919
58444,S29/214,E29/078,Ongoing,,Adverse Events,920
58331,S41/040,E41/031,Ongoing,,Adverse Events,921
53061,S41/014,E41/011,Ongoing,,Adverse Events,922
52857,S41/011,E41/008,Ongoing,,Adverse Events,923
52502,S24/044,E24/044,Ongoing,,Adverse Events,924
57207,S16/175,E16/082,Ongoing,,Adverse Events,925
62276,S24/086,E24/086,Ongoing,,Adverse Events,926
52847,S09/056,E09/046,Ongoing,,Adverse Events,927
58267,S53/012,E53/003,Ongoing,,Adverse Events,928
62374,S12/293,E12/065,Ongoing,,Adverse Events,929
50363,S01/081,E01/042,Ongoing,,Adverse Events,930
59594,S19/323,E19/085,Ongoing,,Adverse Events,931
57868,S19/296,E19/078,Ongoing,,Adverse Events,932
61028,S29/245,E29/096,Ongoing,,Adverse Events,933
57944,S15/327,E15/117,Ongoing,,Adverse Events,934
50237,S01/077,E01/040,Ongoing,,Adverse Events,935
58863,S17/143,E17/143,Ongoing,,Adverse Events,936
62239,S33/246,E33/096,Ongoing,,Adverse Events,937
51872,S18/012,E18/012,Ongoing,,Adverse Events,938
58194,S17/139,E17/139,Ongoing,,Adverse Events,939
62395,S24/088,E24/088,Ongoing,,Adverse Events,940
62741,S15/382,E15/133,Ongoing,,Adverse Events,941
57947,S17/136,E17/136,Ongoing,,Adverse Events,942
51693,S15/134,E15/051,Ongoing,,Adverse Events,943
52737,S15/189,E15/074,Ongoing,,Adverse Events,944
54314,S33/143,E33/056,Ongoing,,Adverse Events,945
61277,S19/335,E19/089,Ongoing,,Adverse Events,946
57418,S24/074,E24/074,Ongoing,,Adverse Events,947
50897,S26/020,E26/020,Ongoing,,Adverse Events,948
51092,S26/022,E26/022,Ongoing,,Adverse Events,949
62548,S31/109,E31/062,Ongoing,,Adverse Events,950
49182,S26/011,E26/011,Ongoing,,Adverse Events,951
49451,S26/013,E26/013,Ongoing,,Adverse Events,952
62316,S18/031,E18/031,Ongoing,,Adverse Events,953
58269,S53/008,E53/004,Ongoing,,Adverse Events,954
62440,S53/047,E53/012,Ongoing,,Adverse Events,955
62398,S24/090,E24/090,Ongoing,,Adverse Events,956
54695,S04/091,E04/035,Ongoing,,Adverse Events,957
53979,S04/084,E04/030,Ongoing,,Adverse Events,958
55091,S28/141,E28/066,Ongoing,,Adverse Events,959
58075,S20/073,E20/032,Ongoing,,Adverse Events,960
58180,S20/074,E20/033,Ongoing,,Adverse Events,961
62286,S19/343,E19/093,Ongoing,,Adverse Events,962
62202,S46/031,E46/031,Ongoing,,Adverse Events,963
52149,S39/034,E39/017,Ongoing,,Adverse Events,964
62393,S13/184,E13/184,Ongoing,,Adverse Events,965
62205,S24/084,E24/084,Ongoing,,Adverse Events,966
51770,S15/129,E15/053,Ongoing,,Adverse Events,967
55925,S16/162,E16/078,Ongoing,,Adverse Events,968
62334,S16/205,E16/099,Ongoing,,Adverse Events,969
62333,S16/204,E16/098,Ongoing,,Adverse Events,970
63168,S06/050,E06/029,Ongoing,,Adverse Events,971
53256,S31/053,E31/033,Ongoing,,Adverse Events,972
62369,S18/032,E18/032,Ongoing,,Adverse Events,973
61016,S29/235,E29/094,Ongoing,,Adverse Events,974
63444,S39/072,E39/032,Ongoing,,Adverse Events,975
57746,S39/096,E39/043,Ongoing,,Adverse Events,976
58446,S13/153,E13/153,Ongoing,,Adverse Events,977
58805,S15/338,E15/119,Ongoing,,Adverse Events,978
54941,S50/011,E50/005,Ongoing,,Adverse Events,979
54951,S50/014,E50/007,Ongoing,,Adverse Events,980
62466,S53/059,E53/013,Ongoing,,Adverse Events,981
62574,S46/034,E46/034,Ongoing,,Adverse Events,982
61164,S50/019,E50/010,Ongoing,,Adverse Events,983
62373,S50/021,E50/012,Ongoing,,Adverse Events,984
53099,S41/015,E41/012,Ongoing,,Adverse Events,985
63075,S44/052,E44/039,Ongoing,,Adverse Events,986
57931,S24/075,E24/075,Ongoing,,Adverse Events,987
62323,S19/345,E19/094,Ongoing,,Adverse Events,988
62778,S17/150,E17/150,Ongoing,,Adverse Events,989
62667,S09/108,E09/077,Ongoing,,Adverse Events,990
63414,S31/118,E31/065,Ongoing,,Adverse Events,991
64434,S33/242,E33/100,Ongoing,,Adverse Events,992
62638,S28/167,E28/076,Ongoing,,Adverse Events,993
55724,S39/082,E39/037,Ongoing,,Adverse Events,994
53137,S39/045,E39/022,Ongoing,,Adverse Events,995
57526,S08/080,E08/080,Ongoing,,Adverse Events,996
52870,S01/159,E01/072,Ongoing,,Adverse Events,997
59230,S01/221,E01/100,Ongoing,,Adverse Events,998
56288,S41/032,E41/024,Ongoing,,Adverse Events,999
59223,S20/077,E20/034,Ongoing,,Adverse Events,1000
59246,S20/078,E20/035,Ongoing,,Adverse Events,1001
63031,S09/110,E09/079,Ongoing,,Adverse Events,1002
62241,S24/085,E24/085,Ongoing,,Adverse Events,1003
62645,S31/116,E31/063,Ongoing,,Adverse Events,1004
62636,S31/112,E31/060,Ongoing,,Adverse Events,1005
62290,S28/163,E28/074,Ongoing,,Adverse Events,1006
62637,S18/034,E18/034,Ongoing,,Adverse Events,1007
58270,S53/016,E53/005,Ongoing,,Adverse Events,1008
51646,S12/143,E12/031,Ongoing,,Adverse Events,1009
62745,S12/607,E12/069,Ongoing,,Adverse Events,1010
62300,S29/254,E29/047,Ongoing,,Adverse Events,1011
58143,S29/208,E29/072,Ongoing,,Adverse Events,1012
62703,S19/357,E19/096,Ongoing,,Adverse Events,1013
59128,S31/093,E31/052,Ongoing,,Adverse Events,1014
53426,S34/144,E34/044,Ongoing,,Adverse Events,1015
59458,S04/116,E04/048,Ongoing,,Adverse Events,1016
59217,S46/028,E46/028,Ongoing,,Adverse Events,1017
63841,S39/116,E39/050,Ongoing,,Adverse Events,1018
64136,S39/118,E39/051,Ongoing,,Adverse Events,1019
62756,S19/366,E19/098,Ongoing,,Adverse Events,1020
63043,S33/256,E33/102,Ongoing,,Adverse Events,1021
65342,S01/243,E01/114,Ongoing,,Adverse Events,1022
55546,S39/080,E39/035,Ongoing,,Adverse Events,1023
57601,S39/086,E39/039,Ongoing,,Adverse Events,1024
56573,S39/090,E39/041,Ongoing,,Adverse Events,1025
58290,S52/008,E52/008,Ongoing,,Adverse Events,1026
53863,S15/245,E15/088,Ongoing,,Adverse Events,1027
59173,S15/354,E15/122,Ongoing,,Adverse Events,1028
57310,S24/070,E24/070,Ongoing,,Adverse Events,1029
62872,S33/255,E33/101,Ongoing,,Adverse Events,1030
59345,S24/080,E24/080,Ongoing,,Adverse Events,1031
51227,S39/008,E39/004,Ongoing,,Adverse Events,1032
62704,S19/358,E19/099,Ongoing,,Adverse Events,1033
51563,S01/097,E01/049,Ongoing,,Adverse Events,1034
51437,S01/094,E01/050,Ongoing,,Adverse Events,1035
60931,S31/100,E31/055,Ongoing,,Adverse Events,1036
63831,S09/113,E09/080,Ongoing,,Adverse Events,1037
59592,S18/028,E18/028,Ongoing,,Adverse Events,1038
50054,S23/005,E23/002,Ongoing,,Adverse Events,1039
59297,S24/079,E24/079,Ongoing,,Adverse Events,1040
64529,S13/200,E13/200,Ongoing,,Adverse Events,1041
64678,S12/707,E12/071,Ongoing,,Adverse Events,1042
55985,S27/104,E27/039,Ongoing,,Adverse Events,1043
55350,S18/021,E18/021,Ongoing,,Adverse Events,1044
56584,S41/035,E41/026,Ongoing,,Adverse Events,1045
53346,S41/017,E41/014,Ongoing,,Adverse Events,1046
63722,S08/081,E08/081,Ongoing,,Adverse Events,1047
53097,S39/042,E39/018,Ongoing,,Adverse Events,1048
63613,S53/070,E53/015,Ongoing,,Adverse Events,1049
64612,S44/059,E44/040,Ongoing,,Adverse Events,1050
59090,S19/310,E19/081,Ongoing,,Adverse Events,1051
59442,S39/106,E39/045,Ongoing,,Adverse Events,1052
53519,S28/120,E28/060,Ongoing,,Adverse Events,1053
59209,S16/187,E16/088,Ongoing,,Adverse Events,1054
65132,S39/122,E39/052,Ongoing,,Adverse Events,1055
58419,S29/213,E29/076,Ongoing,,Adverse Events,1056
63987,S16/212,E16/103,Ongoing,,Adverse Events,1057
59321,S25/194,E25/073,Ongoing,,Adverse Events,1058
59123,S41/041,E41/032,Ongoing,,Adverse Events,1059
60852,S09/101,E09/073,Ongoing,,Adverse Events,1060
55794,S14/134,E14/028,Ongoing,,Adverse Events,1061
64288,S33/262,E33/104,Ongoing,,Adverse Events,1062
65219,S27/162,E27/062,Ongoing,,Adverse Events,1063
61492,S13/177,E13/177,Ongoing,,Adverse Events,1064
60860,S46/030,E46/030,Ongoing,,Adverse Events,1065
52354,S12/165,E12/041,Ongoing,,Adverse Events,1066
65083,S19/376,E19/104,Ongoing,,Adverse Events,1067
64826,S33/260,E33/105,Ongoing,,Adverse Events,1068
50860,S24/022,E24/022,Ongoing,,Adverse Events,1069
54463,S31/070,E31/041,Ongoing,,Adverse Events,1070
52345,S16/112,E16/054,Ongoing,,Adverse Events,1071
53517,S28/118,E28/059,Ongoing,,Adverse Events,1072
53784,S39/066,E39/030,Ongoing,,Adverse Events,1073
59611,S28/155,E28/069,Ongoing,,Adverse Events,1074
53124,S14/101,E14/017,Ongoing,,Adverse Events,1075
53258,S14/104,E14/019,Ongoing,,Adverse Events,1076
54449,S14/118,E14/022,Ongoing,,Adverse Events,1077
55471,S14/129,E14/025,Ongoing,,Adverse Events,1078
55699,S14/133,E14/026,Ongoing,,Adverse Events,1079
55774,S14/135,E14/027,Ongoing,,Adverse Events,1080
55992,S14/139,E14/029,Ongoing,,Adverse Events,1081
56098,S14/141,E14/030,Ongoing,,Adverse Events,1082
56460,S14/148,E14/033,Ongoing,,Adverse Events,1083
56415,S14/143,E14/034,Ongoing,,Adverse Events,1084
57462,S14/159,E14/036,Ongoing,,Adverse Events,1085
58168,S14/166,E14/037,Ongoing,,Adverse Events,1086
48064,S14/001,E14/001,Ongoing,,Adverse Events,1087
48541,S14/014,E14/002,Ongoing,,Adverse Events,1088
59654,S14/173,E14/038,Ongoing,,Adverse Events,1089
53702,S14/111,E14/020,Ongoing,,Adverse Events,1090
61139,S12/213,E12/061,Ongoing,,Adverse Events,1091
51737,S28/089,E28/040,Ongoing,,Adverse Events,1092
58864,S29/217,E29/084,Ongoing,,Adverse Events,1093
58035,S16/184,E16/087,Ongoing,,Adverse Events,1094
57561,S16/181,E16/086,Ongoing,,Adverse Events,1095
54909,S18/002,E18/002,Ongoing,,Adverse Events,1096
65642,S33/270,E33/107,Ongoing,,Adverse Events,1097
51727,S18/001,E18/001,Ongoing,,Adverse Events,1098
51868,S18/003,E18/003,Ongoing,,Adverse Events,1099
54901,S18/009,E18/009,Ongoing,,Adverse Events,1100
51871,S18/011,E18/011,Ongoing,,Adverse Events,1101
51745,S18/017,E18/017,Ongoing,,Adverse Events,1102
51746,S18/019,E18/019,Ongoing,,Adverse Events,1103
54908,S18/023,E18/023,Ongoing,,Adverse Events,1104
60966,S18/029,E18/029,Ongoing,,Adverse Events,1105
64631,S29/271,E29/102,Ongoing,,Adverse Events,1106
62164,S04/119,E04/051,Ongoing,,Adverse Events,1107
62468,S29/259,E29/098,Ongoing,,Adverse Events,1108
65408,S52/042,E52/017,Ongoing,,Adverse Events,1109
63061,S44/051,E44/038,Ongoing,,Adverse Events,1110
65221,S44/062,E44/042,Ongoing,,Adverse Events,1111
53478,S44/019,E44/018,Ongoing,,Adverse Events,1112
62272,S16/203,E16/097,Ongoing,,Adverse Events,1113
53506,S23/090,E23/038,Ongoing,,Adverse Events,1114
52368,S12/169,E12/045,Ongoing,,Adverse Events,1115
65445,S19/379,E19/105,Ongoing,,Adverse Events,1116
59161,S29/220,E29/086,Ongoing,,Adverse Events,1117
65286,S14/186,E14/040,Ongoing,,Adverse Events,1118
61064,S15/362,E15/126,Ongoing,,Adverse Events,1119
54242,S12/205,E12/057,Ongoing,,Adverse Events,1120
53984,S15/243,E15/090,Ongoing,,Adverse Events,1121
59104,S01/219,E01/098,Ongoing,,Adverse Events,1122
52868,S01/164,E01/075,Ongoing,,Adverse Events,1123
52871,S01/163,E01/074,Ongoing,,Adverse Events,1124
56716,S33/196,E33/077,Ongoing,,Adverse Events,1125
61215,S41/042,E41/033,Ongoing,,Adverse Events,1126
62426,S41/046,E41/036,Ongoing,,Adverse Events,1127
56078,S31/079,E31/044,Ongoing,,Adverse Events,1128
53813,S31/056,E31/035,Ongoing,,Adverse Events,1129
55763,S29/155,E29/048,Ongoing,,Adverse Events,1130
59266,S29/222,E29/088,Ongoing,,Adverse Events,1131
54376,S12/209,E12/059,Ongoing,,Adverse Events,1132
67052,S12/909,E12/075,Ongoing,,Adverse Events,1133
56785,S19/274,E19/070,Ongoing,,Adverse Events,1134
62355,S15/386,E15/130,Ongoing,,Adverse Events,1135
57610,S52/007,E52/007,Ongoing,,Adverse Events,1136
64496,S20/088,E20/039,Ongoing,,Adverse Events,1137
62161,S19/340,E19/090,Ongoing,,Adverse Events,1138
65984,S09/115,E09/081,Ongoing,,Adverse Events,1139
62189,S31/104,E31/056,Ongoing,,Adverse Events,1140
60929,S29/231,E29/045,Ongoing,,Adverse Events,1141
65220,S44/061,E44/041,Ongoing,,Adverse Events,1142
62228,S19/341,E19/092,Ongoing,,Adverse Events,1143
66454,S39/126,E39/053,Ongoing,,Adverse Events,1144
52369,S25/107,E25/042,Ongoing,,Adverse Events,1145
61337,S25/210,E25/076,Ongoing,,Adverse Events,1146
57254,S14/161,E14/035,Ongoing,,Adverse Events,1147
64632,S29/272,E29/104,Ongoing,,Adverse Events,1148
57490,S25/176,E25/068,Ongoing,,Adverse Events,1149
54259,S31/069,E31/039,Ongoing,,Adverse Events,1150
62392,S31/107,E31/058,Ongoing,,Adverse Events,1151
67787,S46/040,E46/040,Ongoing,,Adverse Events,1152
56730,S39/091,E39/042,Ongoing,,Adverse Events,1153
53930,S31/063,E31/038,Ongoing,,Adverse Events,1154
67746,S19/386,E19/107,Ongoing,,Adverse Events,1155
62208,S39/108,E39/047,Ongoing,,Adverse Events,1156
67045,S33/273,E33/108,Ongoing,,Adverse Events,1157
62152,S28/160,E28/072,Ongoing,,Adverse Events,1158
68365,S19/389,E19/108,Ongoing,,Adverse Events,1159
56168,S24/065,E24/065,Ongoing,,Adverse Events,1160
68300,S12/923,E12/077,Ongoing,,Adverse Events,1161
68428,S33/285,E33/112,Ongoing,,Adverse Events,1162
62761,S41/047,E41/037,Ongoing,,Adverse Events,1163
67843,S50/026,E50/021,Ongoing,,Adverse Events,1164
68990,S19/387,E19/111,Ongoing,,Adverse Events,1165
69101,S19/390,E19/112,Ongoing,,Adverse Events,1166
69383,S17/181,E17/163,Ongoing,,Adverse Events,1167
69204,S12/927,E12/079,Ongoing,,Adverse Events,1168
69208,S12/939,E12/081,Ongoing,,Adverse Events,1169
53139,S39/050,E39/023,Ongoing,,Adverse Events,1170
62565,S10/134,E10/048,Ongoing,,Adverse Events,1171
69401,S31/131,E31/066,Ongoing,,Adverse Events,1172
69248,S15/461,E15/153,Ongoing,,Adverse Events,1173
62431,S27/150,E27/057,Ongoing,,Adverse Events,1174
62230,S27/147,E27/056,Ongoing,,Adverse Events,1175
68299,S50/027,E50/023,Ongoing,,Adverse Events,1176
62382,S28/165,E28/075,Ongoing,,Adverse Events,1177
68371,S28/196,E28/084,Ongoing,,Adverse Events,1178
68650,S44/071,E44/045,Ongoing,,Adverse Events,1179
69033,S46/043,E46/043,Ongoing,,Adverse Events,1180
62840,S28/168,E28/077,Ongoing,,Adverse Events,1181
64893,S53/080,E53/017,Ongoing,,Adverse Events,1182
62427,S18/033,E18/033,Ongoing,,Adverse Events,1183
62467,S33/252,E33/099,Ongoing,,Adverse Events,1184
62471,S44/045,E44/037,Ongoing,,Adverse Events,1185
65368,S29/287,E29/053,Ongoing,,Adverse Events,1186
62326,S15/384,E15/131,Ongoing,,Adverse Events,1187
62702,S19/356,E19/095,Ongoing,,Adverse Events,1188
62615,S15/400,E15/134,Ongoing,,Adverse Events,1189
64015,S29/267,E29/100,Ongoing,,Adverse Events,1190
70525,S52/051,E52/019,Ongoing,,Adverse Events,1191
63110,S25/222,E25/079,Ongoing,,Adverse Events,1192
58186,S33/212,E33/085,Ongoing,,Adverse Events,1193
54008,S40/019,E40/014,Ongoing,,Adverse Events,1194
62577,S31/110,E31/059,Ongoing,,Adverse Events,1195
63098,S50/023,E50/014,Ongoing,,Adverse Events,1196
57857,S39/087,E39/040,Ongoing,,Adverse Events,1197
62717,S19/361,E19/097,Ongoing,,Adverse Events,1198
58272,S53/018,E53/007,Ongoing,,Adverse Events,1199
58868,S33/220,E33/087,Ongoing,,Adverse Events,1200
63046,S17/156,E17/156,Ongoing,,Adverse Events,1201
67566,S16/221,E16/105,Ongoing,,Adverse Events,1202
64714,S29/275,E29/051,Ongoing,,Adverse Events,1203
64045,S20/086,E20/038,Ongoing,,Adverse Events,1204
69134,S15/453,E15/151,Ongoing,,Adverse Events,1205
70511,S15/468,E15/155,Ongoing,,Adverse Events,1206
70655,S09/120,E09/082,Ongoing,,Adverse Events,1207
52978,S25/126,E25/050,Ongoing,,Adverse Events,1208
70661,S09/118,E09/083,Ongoing,,Adverse Events,1209
69746,S33/292,E33/115,Ongoing,,Adverse Events,1210
70537,S33/291,E33/116,Ongoing,,Adverse Events,1211
70637,S33/297,E33/119,Ongoing,,Adverse Events,1212
52831,S39/055,E39/027,Ongoing,,Adverse Events,1213
62465,S48/008,E48/008,Ongoing,,Adverse Events,1214
56102,S04/100,E04/040,Ongoing,,Adverse Events,1215
62656,S53/064,E53/014,Ongoing,,Adverse Events,1216
62940,S15/397,E15/136,Ongoing,,Adverse Events,1217
70717,S46/044,E46/044,Ongoing,,Adverse Events,1218
67986,S18/040,E18/040,Ongoing,,Adverse Events,1219
52755,S36/096,E36/034,Ongoing,,Adverse Events,1220
52851,S04/068,E04/020,Ongoing,,Adverse Events,1221
64656,S15/415,E15/142,Ongoing,,Adverse Events,1222
64643,S52/033,E52/015,Ongoing,,Adverse Events,1223
64694,S12/801,E12/073,Ongoing,,Adverse Events,1224
63536,S15/409,E15/138,Ongoing,,Adverse Events,1225
59048,S09/098,E09/072,Ongoing,,Adverse Events,1226
63162,S06/046,E06/028,Ongoing,,Adverse Events,1227
53343,S15/228,E15/083,Ongoing,,Adverse Events,1228
70536,S18/044,E18/044,Ongoing,,Adverse Events,1229
70775,S19/413,E19/115,Ongoing,,Adverse Events,1230
50014,S06/010,E06/005,Ongoing,,Adverse Events,1231
50429,S06/014,E06/007,Ongoing,,Adverse Events,1232
51090,S06/022,E06/013,Ongoing,,Adverse Events,1233
70904,S33/300,E33/121,Ongoing,,Adverse Events,1234
54403,S06/033,E06/021,Ongoing,,Adverse Events,1235
56275,S06/038,E06/024,Ongoing,,Adverse Events,1236
66134,S41/049,E41/040,Ongoing,,Adverse Events,1237
65790,S41/050,E41/038,Ongoing,,Adverse Events,1238
61338,S25/211,E25/075,Ongoing,,Adverse Events,1239
64148,S53/066,E53/016,Ongoing,,Adverse Events,1240
58740,S53/026,E53/009,Ongoing,,Adverse Events,1241
71047,S12/981,E12/087,Ongoing,,Adverse Events,1242
73106,S15/499,E15/168,Ongoing,,Adverse Events,1243
62793,S14/181,E14/039,Ongoing,,Adverse Events,1244
70651,S33/304,E33/122,Ongoing,,Adverse Events,1245
59249,S27/133,E27/051,Ongoing,,Adverse Events,1246
50060,S23/008,E23/003,Ongoing,,Adverse Events,1247
71886,S19/419,E19/116,Ongoing,,Adverse Events,1248
59376,S27/136,E27/052,Ongoing,,Adverse Events,1249
73065,S15/496,E15/167,Ongoing,,Adverse Events,1250
66606,S20/093,E20/042,Ongoing,,Adverse Events,1251
71929,S19/421,E19/117,Ongoing,,Adverse Events,1252
68614,S53/090,E53/018,Ongoing,,Adverse Events,1253
73169,S46/047,E46/047,Ongoing,,Adverse Events,1254
65563,S17/167,E17/160,Ongoing,,Adverse Events,1255
67037,S41/052,E41/041,Ongoing,,Adverse Events,1256
62270,S18/030,E18/030,Ongoing,,Adverse Events,1257
65908,S15/431,E15/145,Ongoing,,Adverse Events,1258
72401,S33/313,E33/126,Ongoing,,Adverse Events,1259
52900,S42/013,E42/010,Ongoing,,Adverse Events,1260
57287,S42/021,E42/018,Ongoing,,Adverse Events,1261
61326,S42/022,E42/019,Ongoing,,Adverse Events,1262
64018,S42/023,E42/020,Ongoing,,Adverse Events,1263
73469,S06/065,E06/039,Ongoing,,Adverse Events,1264
65649,S29/290,E29/112,Ongoing,,Adverse Events,1265
73122,S19/420,E19/118,Ongoing,,Adverse Events,1266
66210,S29/294,E29/116,Ongoing,,Adverse Events,1267
65687,S19/382,E19/106,Ongoing,,Adverse Events,1268
67646,S20/094,E20/043,Ongoing,,Adverse Events,1269
65851,S29/291,E29/114,Ongoing,,Adverse Events,1270
62734,S29/260,E29/049,Ongoing,,Adverse Events,1271
67099,S18/037,E18/037,Ongoing,,Adverse Events,1272
67118,S18/038,E18/038,Ongoing,,Adverse Events,1273
66421,S18/036,E18/036,Ongoing,,Adverse Events,1274
73036,S56/003,E56/003,Ongoing,,Adverse Events,1275
73686,S56/005,E56/005,Ongoing,,Adverse Events,1276
52136,S22/094,E22/027,Ongoing,,Adverse Events,1277
58857,S29/216,E29/082,Ongoing,,Adverse Events,1278
56553,S33/193,E33/076,Ongoing,,Adverse Events,1279
67627,S33/272,E33/109,Ongoing,,Adverse Events,1280
59646,S36/145,E36/044,Ongoing,,Adverse Events,1281
67632,S33/277,E33/110,Ongoing,,Adverse Events,1282
75141,S47/017,E47/017,Ongoing,,Adverse Events,1283
75392,S15/512,E15/170,Ongoing,,Adverse Events,1284
52858,S01/123,E01/055,Ongoing,,Adverse Events,1285
73100,S13/263,E13/263,Ongoing,,Adverse Events,1286
53746,S13/071,E13/071,Ongoing,,Adverse Events,1287
68955,S20/099,E20/047,Ongoing,,Adverse Events,1288
50258,S37/003,E37/001,Ongoing,,Adverse Events,1289
59636,S13/171,E13/171,Ongoing,,Adverse Events,1290
74412,S19/430,E19/119,Ongoing,,Adverse Events,1291
75906,S44/088,E44/053,Ongoing,,Adverse Events,1292
77190,S15/511,E15/169,Ongoing,,Adverse Events,1293
67799,S13/215,E13/215,Ongoing,,Adverse Events,1294
67072,S15/444,E15/148,Ongoing,,Adverse Events,1295
68420,S33/284,E33/111,Ongoing,,Adverse Events,1296
57252,S04/103,E04/043,Ongoing,,Adverse Events,1297
69284,S13/218,E13/218,Ongoing,,Adverse Events,1298
65542,S52/044,E52/018,Ongoing,,Adverse Events,1299
68048,S13/221,E13/221,Ongoing,,Adverse Events,1300
66933,S17/168,E17/161,Ongoing,,Adverse Events,1301
69412,S53/104,E53/022,Ongoing,,Adverse Events,1302
69411,S08/084,E08/084,Ongoing,,Adverse Events,1303
67084,S50/025,E50/020,Ongoing,,Adverse Events,1304
75333,S19/436,E19/121,Ongoing,,Adverse Events,1305
64750,S29/276,E29/106,Ongoing,,Adverse Events,1306
76758,S12/1019,E12/091,Ongoing,,Adverse Events,1307
76237,S31/150,E31/075,Ongoing,,Adverse Events,1308
76340,S14/208,E14/049,Ongoing,,Adverse Events,1309
54048,S37/105,E37/009,Ongoing,,Adverse Events,1310
57141,S37/121,E37/011,Ongoing,,Adverse Events,1311
52072,S37/054,E37/006,Ongoing,,Adverse Events,1312
50581,S37/008,E37/003,Ongoing,,Adverse Events,1313
68817,S19/391,E19/110,Ongoing,,Adverse Events,1314
68629,S53/097,E53/020,Ongoing,,Adverse Events,1315
55649,S08/075,E08/075,Ongoing,,Adverse Events,1316
52908,S04/070,E04/022,Ongoing,,Adverse Events,1317
61102,S15/370,E15/127,Ongoing,,Adverse Events,1318
69488,S15/452,E15/152,Ongoing,,Adverse Events,1319
75993,S19/441,E19/123,Ongoing,,Adverse Events,1320
69252,S17/175,E17/162,Ongoing,,Adverse Events,1321
68631,S53/099,E53/021,Ongoing,,Adverse Events,1322
62237,S33/245,E33/097,Ongoing,,Adverse Events,1323
54419,S15/253,E15/093,Ongoing,,Adverse Events,1324
54980,S45/012,E45/012,Ongoing,,Adverse Events,1325
63685,S02/041,E02/041,Ongoing,,Adverse Events,1326
56103,S45/015,E45/015,Ongoing,,Adverse Events,1327
