individual_id,Screening No,Enrolment No,event_name,event_date,form_name,database_id,to_partial,to_partial_dt,to_partial_rsn,to_consultee,to_consultee_dt,to_consultee_rsn,has_consultee,consultee,consultee_consent
47729,S01/010,E01/002,Ongoing,,Change in level of participation,1,1,2013-05-30,Memory problems; data only to be recorded now,0,,"",,,
47953,S01/013,E01/005,Ongoing,,Change in level of participation,2,1,2013-11-01,Finding completing questionnaires too much for her; happy for data to be collected,0,,"",,,
49158,S17/010,E17/010,Ongoing,,Change in level of participation,3,1,2013-11-12,Did not want to complete all of the questionnairs,0,,"",,,
49122,S21/009,E21/003,Ongoing,,Change in level of participation,4,1,2013-10-15,Patient has had some memory loss post surgery and could not remember much about the study and wanted to leave the clinic as quickly as possible.  Patient had said she suffered with some memory loss at baseline and this had increased.,0,,"",,,
49386,S09/020,E09/015,Ongoing,,Change in level of participation,5,1,2013-12-06,Does not want to complete any more questionnaires.,0,,"",,,
50286,S24/016,E24/016,Ongoing,,Change in level of participation,6,,,"",1,2014-01-30,Some short term memory problems - patient prefers daughter to consent on her behalf,1,2,2014-01-30
50215,S27/027,E27/010,Ongoing,,Change in level of participation,7,1,2014-02-03,patient has changed her mind about filling in quality of life questionnaires. happy for reserach nurse to collect information from medical notes and clinic letters,0,,"",,,
48802,S31/005,E31/004,Ongoing,,Change in level of participation,8,1,2014-03-17,failed to complete qol/questionnaires before surgery,0,,"",,,
48926,S25/005,E25/005,Ongoing,,Change in level of participation,9,1,2014-01-15,baseline QOL not returned monitor report advised to change level of participation,0,,"",,,
49291,S25/008,E25/008,Ongoing,,Change in level of participation,10,1,2014-02-19,no baseline QOL found for this patient,0,,"",,,
50395,S33/056,E33/023,Ongoing,,Change in level of participation,11,1,2014-07-02,Baseline questionnaire not returned pt says rather not do 6 week questionaire trial office informed,0,,"",,,
50142,S33/050,E33/020,Ongoing,,Change in level of participation,12,1,2014-07-02,Baseline and 6 week questionnaire not returned,0,,"",,,
50150,S15/069,E15/025,Ongoing,,Change in level of participation,13,1,2014-07-01,Patient descision. - Too busy to complete additional questionnaires,0,,"",,,
50669,S19/090,E19/026,Ongoing,,Change in level of participation,14,1,2014-06-20,Patient does not want to complete any more questionnaires but she does agree to data collection only,0,,"",,,
51198,S09/036,E09/030,Ongoing,,Change in level of participation,15,1,2014-06-25,Does not want to do anymore questionnaires,0,,"",,,
51890,S09/047,E09/037,Ongoing,,Change in level of participation,16,1,2014-07-22,Questionnaires to much after baseline happy to do partial.,0,,"",,,
48606,S09/008,E09/007,Ongoing,,Change in level of participation,17,1,2014-08-15,HAS BEEN SENT 6M + 12M QOL NOT RETURNED ALSO HAD CHAT IN CLINIC,0,,"",,,
48398,S17/004,E17/004,Ongoing,,Change in level of participation,18,,,"",1,2014-08-21,Died on 22/03/2014,0,,
48901,S09/014,E09/009,Ongoing,,Change in level of participation,19,1,2014-08-29,Does not want to do anymore,0,,"",,,
48885,S33/002,E33/002,Ongoing,,Change in level of participation,20,1,2014-08-28,"Patient does not want to complete any more questionnaires, she does not like the questions.",0,,"",,,
48899,S33/007,E33/006,Ongoing,,Change in level of participation,21,1,2014-09-23,Patient declined to complete questionnaires,0,,"",,,
50633,S10/058,E10/018,Ongoing,,Change in level of participation,22,1,2014-10-01,patient has ongoing health problems and is in hospital for knee replacement at time of contact,0,,"",,,
49888,S25/014,E25/012,Ongoing,,Change in level of participation,23,1,2014-01-19,baseline QOL not received from patient,0,,"",,,
48449,S09/007,E09/004,Ongoing,,Change in level of participation,24,1,2014-10-03,Patient does not wamt to complete questionnaires sent for 12 month and so forth.,0,,"",,,
50821,S33/066,E33/026,Ongoing,,Change in level of participation,25,1,2014-09-23,Pt now having pallitive care,0,,"",,,
50642,S09/031,E09/025,Ongoing,,Change in level of participation,26,1,2014-10-16,Does not want to complete 6month questionnaires onwards,0,,"",,,
50020,S21/027,E21/011,Ongoing,,Change in level of participation,27,0,,"",1,2014-09-30,"Patient had some short-term memory loss at baseline but understood what the study involved and was able to give informed consent.  When contacted for month 6, memory loss has worsened, so husband has assented for continutation in the study with his help.",1,2,2014-09-30
51332,S21/039,E21/014,Ongoing,,Change in level of participation,28,1,2014-07-21,Patient does not want to complete questionnaires whilst on adjuvant treatment,0,,"",,,
52345,S16/112,E16/054,Ongoing,,Change in level of participation,29,1,2014-10-27,Too much to think about and husband having treatment at St. James's,0,,"",,,
51034,S27/037,E27/014,Ongoing,,Change in level of participation,30,,,"",1,2014-05-07,Does not wish to fill in questionnaires,0,,
51071,S34/057,E34/019,Ongoing,,Change in level of participation,31,1,2014-06-17,Baseline questionnaires were given at point of consent to be completed at home and posted back but were never returned.,0,,"",,,
51410,S35/082,E35/012,Ongoing,,Change in level of participation,32,1,2014-11-11,feels unable to complete questionaire at home have no baseline or 6 week questionires,0,,"",,,
48831,S13/004,E13/004,Ongoing,,Change in level of participation,33,1,2014-11-14,cannott cope with forms,0,,"",,,
50892,S09/035,E09/029,Ongoing,,Change in level of participation,34,1,2014-10-01,Patient does not want to complete questionnaires,0,,"",,,
49296,S12/016,E12/008,Ongoing,,Change in level of participation,35,1,2014-12-10,Pt not compliant with questionnairs.,0,,"",,,
48145,S10/002,E10/002,Ongoing,,Change in level of participation,36,1,2014-11-27,Patient no longer feels able to complete the questionnaires,0,,"",,,
49542,S09/023,E09/017,Ongoing,,Change in level of participation,37,1,2014-12-16,Recurrence disease,0,,"",,,
50786,S25/063,E25/011,Ongoing,,Change in level of participation,38,1,2014-08-28,Baseline QOL completed at home by patient but dated post surgery date therefore change of participation,0,,"",,,
49523,S06/002,E06/001,Ongoing,,Change in level of participation,39,1,2014-05-26,Questionnaires too time consuming,0,,"",,,
49994,S09/025,E09/019,Ongoing,,Change in level of participation,40,1,2014-01-21,Spoke to patient unwell with gall stones doesnt want to complete.,0,,"",,,
52865,S01/131,E01/060,Ongoing,,Change in level of participation,41,1,2015-01-15,Patient does want to fill out any more questionaires,0,,"",,,
48652,S01/038,E01/019,Ongoing,,Change in level of participation,42,1,2013-08-22,Unknown.  New home manager suggested transfer to data only,0,,"",,,
53415,S31/054,E31/034,Ongoing,,Change in level of participation,43,1,2015-02-27,patient completed baseline questionnaires 1 week after mastectomy was performed the trial office has said this lady is now data collection only.,0,,"",,,
49077,S09/016,E09/010,Ongoing,,Change in level of participation,44,1,2015-03-04,not well enough,0,,"",,,
48669,S10/013,E10/007,Ongoing,,Change in level of participation,45,1,2015-02-16,Patient preference,0,,"",,,
48209,S10/004,E10/004,Ongoing,,Change in level of participation,46,1,2015-02-16,Patient choice,0,,"",,,
48677,S10/022,E10/009,Ongoing,,Change in level of participation,47,1,2015-02-17,Patient choice,0,,"",,,
49106,S34/005,E34/004,Ongoing,,Change in level of participation,48,1,2014-04-16,"Questionnaires not sent out, missed timeframe",0,,"",,,
49146,S08/024,E08/024,Ongoing,,Change in level of participation,49,1,2015-03-10,"pt wishes to discontinue the Qof L questionaires, as they are time consuming, but is happy to continue with trial follow up",0,,"",,,
53478,S44/019,E44/018,Ongoing,,Change in level of participation,50,1,2015-03-30,Patient forgot to complete baseline QOL questionnaires before surgery - they were completed 2 days after surgery so cannot be used in this study.,0,,"",,,
52023,S15/146,E15/061,Ongoing,,Change in level of participation,51,1,2015-04-29,Participant does no longer wishes to complete questionnaires.,0,,"",,,
54239,S25/146,E25/056,Ongoing,,Change in level of participation,52,1,2015-04-30,Patient rang to say she had changed her mind because she felt there were too many questions and some were too personal,0,,"",,,
53813,S31/056,E31/035,Ongoing,,Change in level of participation,53,1,2015-05-05,"patient does not wish to complete questionnaires as she gets upset when completing them, she also feels that some of the questions are irr.elevant",0,,"",,,
50348,S01/067,E01/034,Ongoing,,Change in level of participation,54,1,2013-12-15,not recorded,0,,"",,,
54219,S44/026,E44/025,Ongoing,,Change in level of participation,55,1,2015-05-11,Patient completed baseline questionnaires after surgery,0,,"",,,
52409,S33/092,E33/044,Ongoing,,Change in level of participation,56,1,2015-06-02,"Patient did not return questionnaires, so rang to check and Patient felt it was too much for her to cope with.",0,,"",,,
52754,S38/030,E38/030,Ongoing,,Change in level of participation,57,1,2015-05-15,Patient's decision not to continue.,0,,"",,,
53458,S02/026,E02/026,Ongoing,,Change in level of participation,58,1,2015-06-23,Does not want to do questionaires,0,,"",,,
50007,S33/048,E33/019,Ongoing,,Change in level of participation,59,1,2015-07-07,Patient feels too unwell to continue with full participation,0,,"",,,
53857,S09/064,E09/053,Ongoing,,Change in level of participation,60,1,2015-07-09,6wk Questionnaires sent twice posted patient having rad at another hospital not returned QOL's sent no visits since early May 15,0,,"",,,
53114,S40/017,E40/012,Ongoing,,Change in level of participation,61,1,2015-07-29,Patient can no longer complete questionnaires due to her having had a stroke.,0,,"",,,
50655,S34/039,E34/013,Ongoing,,Change in level of participation,62,1,2014-03-21,Patient was given questionnaires on 05/03/2014 to complete and post back. Questionnaires were never returned and treatment has started.,0,,"",,,
50448,S16/050,E16/025,Ongoing,,Change in level of participation,63,1,2015-09-01,"Patient  wanted to stop doing the questionnaires, too many symptoms from Parkinson's to decide which to write about",0,,"",,,
52863,S19/180,E19/045,Ongoing,,Change in level of participation,64,1,2015-09-07,Participant does not want to continue with questionnaires as she finds them repetitive and time-consuming. Telephone agreement to partial participation,0,,"",,,
54440,S06/034,E06/022,Ongoing,,Change in level of participation,65,1,2015-07-06,Patient has too much in her mind to complete extra questionnaires.,0,,"",,,
49107,S34/006,E34/001,Ongoing,,Change in level of participation,66,1,2013-09-19,Too stressed to complete the questionnaires. Just had a cataract operation.,0,,"",,,
54579,S49/013,E49/005,Ongoing,,Change in level of participation,67,1,2015-07-31,Patient did not want to complete 6 week questionnaire,0,,"",,,
48907,S33/012,E33/007,Ongoing,,Change in level of participation,68,1,2015-07-25,"Patient unwell, unrelated to breast",0,,"",,,
56102,S04/100,E04/040,Ongoing,,Change in level of participation,69,1,2015-09-30,patient completed baseline QOLQ after treatment had commenced. Trial center contacted re guidence.,0,,"",,,
53673,S06/031,E06/019,Ongoing,,Change in level of participation,70,1,2015-04-28,Didn't complete baseline questionnaires & too tired to complete today.,0,,"",,,
48467,S30/001,E30/001,Ongoing,,Change in level of participation,71,1,2013-09-05,Patient no longer wanted to complete questionnaires - opted out,0,,"",,,
49206,S30/020,E30/010,Ongoing,,Change in level of participation,72,1,2013-10-09,Pt didn't want to do questionnaires.,0,,"",,,
53838,S16/139,E16/065,Ongoing,,Change in level of participation,73,1,2015-11-03,no longer wants to be bothered with questionnaires,0,,"",,,
56289,S31/084,E31/048,Ongoing,,Change in level of participation,74,1,2015-11-05,failed to complete baseline quality of life forms. ( forgot),0,,"",,,
49646,S31/013,E31/008,Ongoing,,Change in level of participation,75,1,2015-11-10,patient dose not want to complete the QOL forms and  failed to complete 18 month QOL form as she has struggled with them.,0,,"",,,
57206,S09/089,E09/066,Ongoing,,Change in level of participation,76,0,,"",1,2015-11-11,"partially sighted, unable to complete questionnaires",0,,
56462,S52/004,E52/004,Ongoing,,Change in level of participation,77,1,2015-11-16,Discussed with study manager Charlene- baselinequestionnaires not completed until one month after treatment commenced,0,,"",,,
52348,S09/051,E09/044,Ongoing,,Change in level of participation,78,1,2015-10-28,Does not want to do any more questionnaires,0,,"",,,
52030,S16/096,E16/047,Ongoing,,Change in level of participation,80,1,2015-11-24,Developed macular degeneration and too stressfull to do questionanires as is also quite deaf,0,,"",,,
57119,S25/174,E25/066,Ongoing,,Change in level of participation,81,1,2015-11-05,baseline qols completed and returned post surgery,0,,"",,,
52725,S35/167,E35/024,Ongoing,,Change in level of participation,82,1,2015-11-27,patients son is unwell and feels she has enough going on. She is however happy to have data collected from her medical notes,0,,"",,,
53627,S20/032,E20/018,Ongoing,,Change in level of participation,83,1,2015-12-02,Questionnares not returned.Patient unwilling to complete but wishes for electronic data to be collected.,0,,"",,,
52827,S13/049,E13/049,Ongoing,,Change in level of participation,84,0,,"",1,2015-05-27,"patient slightly confused, niece asked to change to data only and collect clinical info only.",0,,
53447,S04/077,E04/026,Ongoing,,Change in level of participation,85,1,2015-04-22,"Discussion with Trial office, patient apparently continued with HRT at the beginning of the trial depite being asked to stop by the surgeon due to her ER status.Jenny Newhouse contacted, states she could stay in the trial, but not to complete the QOLQ. Patient aware that we are just collecting her data.",0,,"",,,
51625,S27/045,E27/017,Ongoing,,Change in level of participation,86,1,2015-12-23,Patient did not return 6 month or 12 month QOL,0,,"",,,
53353,S12/183,E12/053,Ongoing,,Change in level of participation,87,1,2015-12-23,Not returning questionnaires and spoken to participant not wanting to complete QoL questionnaires,0,,"",,,
51541,S12/137,E12/025,Ongoing,,Change in level of participation,88,1,2015-12-23,Not wanting to complete questionnaires,0,,"",,,
54664,S31/071,E31/042,Ongoing,,Change in level of participation,89,1,2016-01-06,Patient has not completed the baseline or 6 week questionnaires,0,,"",,,
51248,S16/071,E16/036,Ongoing,,Change in level of participation,90,1,2016-01-05,Patient not filling in questionnaires now as eye sight bad.,0,,"",,,
55525,S13/111,E13/111,Ongoing,,Change in level of participation,91,1,2016-01-27,Other events in participants life has led her to request to not complete questionaires,0,,"",,,
57562,S16/182,E16/084,Ongoing,,Change in level of participation,92,1,2016-02-03,Surgery delayed by cardiac opinion and too stressed to complete questionnaires and doesn't want to do them at all.,0,,"",,,
56113,S51/002,E51/002,Ongoing,,Change in level of participation,93,1,2015-11-04,"Baseline questionnaire not completed, not picked up by local staff until 6 week follow-up.",0,,"",,,
55904,S09/077,E09/061,Ongoing,,Change in level of participation,94,1,2016-02-17,patient returned QOL blank,0,,"",,,
59231,S01/218,E01/097,Ongoing,,Change in level of participation,95,1,2016-02-23,Patient requests no futher info,0,,"",,,
56310,S33/182,E33/075,Ongoing,,Change in level of participation,96,1,2016-03-17,Did not want to complete questionnaires,0,,"",,,
59090,S19/310,E19/081,Ongoing,,Change in level of participation,97,1,2016-04-04,Participant no longer wishes to complete questionnaires as she does not feel up to it. Agrees to partial participation.,0,,"",,,
59211,S49/036,E49/019,Ongoing,,Change in level of participation,98,1,2016-04-05,Spoke to patients daughter who stated her mother is not coping with treatment / diagnosis well. Does not want to complete QOL but will be followed up using medical notes,0,,"",,,
53674,S33/130,E33/052,Ongoing,,Change in level of participation,99,1,2016-04-08,Does not want to fill in any questionnaires,0,,"",,,
53240,S13/023,E13/023,Ongoing,,Change in level of participation,100,1,2015-06-05,"12 month Qs not returned, unable to contact via phone. 
Last clinic Follow up apt 14/10/16",0,,"",,,
53994,S35/202,E35/032,Ongoing,,Change in level of participation,101,1,2016-04-25,Patient does not wish to be contacted or sent questionnaires as she needs help from family member and doesn't want to ask them any more. she is happy for data collection only,0,,"",,,
54407,S49/009,E49/003,Ongoing,,Change in level of participation,102,1,2016-05-11,Patient does not wish to participate in the quality of life,0,,"",,,
54463,S31/070,E31/041,Ongoing,,Change in level of participation,103,1,2016-05-23,no longer wants to complete them,0,,"",,,
59154,S33/214,E33/088,Ongoing,,Change in level of participation,104,1,2016-06-02,"Unable to contact, and on further investigation this lasy has been diagnosed with a new primary in her lung",0,,"",,,
52821,S35/175,E35/026,Ongoing,,Change in level of participation,105,1,2016-06-21,patient has become very unwell recently and feels unable to participate any more. P atient is happy however for data collection,0,,"",,,
62202,S46/031,E46/031,Ongoing,,Change in level of participation,106,1,2016-07-01,"Doesn't wish to complete any further questionnaires, too much going on in her personal life at the moment",0,,"",,,
58169,S24/077,E24/077,Ongoing,,Change in level of participation,107,1,2016-07-11,"Unwell - recent hospital admission due to falls.
C/O severe nausea",0,,"",,,
62752,S25/219,E25/078,Ongoing,,Change in level of participation,108,1,2016-07-15,Participant did not returne baseline QOL prior to surgery,0,,"",,,
54253,S50/002,E50/002,Ongoing,,Change in level of participation,109,1,2016-04-30,"under investigations for memory loss, struggling to do questionnaires so for data collection only",0,,"",,,
54951,S50/014,E50/007,Ongoing,,Change in level of participation,110,1,2016-03-02,has had extensive complications including PE and mets diagnosed. for data collection only as cannot manage questionnaires,0,,"",,,
52060,S15/147,E15/063,Ongoing,,Change in level of participation,111,1,2016-02-15,Patient commented on return of last questionnaires that she hoped they were the last ones as found them too depressing to complete.,0,,"",,,
55075,S24/059,E24/059,Ongoing,,Change in level of participation,112,1,2016-07-19,Has not returned completed full QOL's,0,,"",,,
57907,S30/070,E30/032,Ongoing,,Change in level of participation,113,1,2016-03-01,Baseline questionnaires not filled before surgery.,0,,"",,,
62706,S30/080,E30/040,Ongoing,,Change in level of participation,114,1,2016-08-09,Patient completed baseline questionnaires after surgery therefore questionnaires are invalid.,0,,"",,,
51703,S38/008,E38/008,Ongoing,,Change in level of participation,115,0,,"",1,2015-04-01,Withdrew consent to QoL questionnaire.,0,,
61492,S13/177,E13/177,Ongoing,,Change in level of participation,116,1,2016-08-19,baseline questionnaires completed after surgery,0,,"",,,
61341,S13/178,E13/178,Ongoing,,Change in level of participation,117,1,2016-08-19,participant never retuened baseline questionnaires.,0,,"",,,
63655,S13/197,E13/197,Ongoing,,Change in level of participation,118,1,2016-08-26,baseline Qs not returned,0,,"",,,
63117,S13/195,E13/195,Ongoing,,Change in level of participation,119,1,2016-08-31,baseline questionnaires not returned,0,,"",,,
51199,S01/091,E01/048,Ongoing,,Change in level of participation,120,0,,"",1,2015-11-01,not known,0,,
53833,S13/079,E13/079,Ongoing,,Change in level of participation,121,1,2016-09-16,Questionnaires for 6 & 12 months not returned,0,,"",,,
65220,S44/061,E44/041,Ongoing,,Change in level of participation,122,1,2016-09-19,Patient has started Letrozole more than one week before she had completed the Baseline QoL questionnaires,0,,"",,,
56049,S20/047,E20/026,Ongoing,,Change in level of participation,123,1,2016-10-04,Margaret has recently become partialy sighted therefore unable to complete questionnaires. She is willing for information to be inputed on the data base.,0,,"",,,
56010,S13/120,E13/120,Ongoing,,Change in level of participation,124,1,2016-09-09,BASELINE QUESTIONAIRES NOT RETURNED,0,,"",,,
56718,S33/189,E33/078,Ongoing,,Change in level of participation,125,1,2016-10-10,NOT RETURNED QUESTIONAIRES,0,,"",,,
58035,S16/184,E16/087,Ongoing,,Change in level of participation,126,1,2016-07-29,"becoming inceasingly frail, too much for her",0,,"",,,
59595,S10/121,E10/042,Ongoing,,Change in level of participation,127,1,2016-10-03,Patient no longer wishes to be a full participant,0,,"",,,
60966,S18/029,E18/029,Ongoing,,Change in level of participation,128,1,2016-06-01,patient doesn't want to complete questionaires,1,2016-06-01,patient doesn't want to complete questionaires,0,,
67118,S18/038,E18/038,Ongoing,,Change in level of participation,129,1,2016-10-17,Patient doesn't want to complete questionaires,1,2016-10-17,Patient doesn't want to complete questionaires,0,,
60999,S33/231,E33/092,Ongoing,,Change in level of participation,130,1,2016-10-07,"Having further treatment for recurrence, too much for her to be fitting in questionnaires",0,,"",,,
57490,S25/176,E25/068,Ongoing,,Change in level of participation,131,1,2016-10-26,patient now has metastatic disease does not wish to continue with QOL as health has deteriorated and she is frail,0,,"",,,
53810,S28/126,E28/062,Ongoing,,Change in level of participation,132,1,2016-11-30,Struggyling to complete questionnaires as is bed bound but would like to still like to participate within Age Gap and complete over telephone.,0,,"",,,
57497,S25/181,E25/069,Ongoing,,Change in level of participation,133,1,2016-12-16,Contacted participant because she had not returned any QOL's she does not wish to complete the QOLs but is happy for us to continue to collect data,0,,"",,,
61215,S41/042,E41/033,Ongoing,,Change in level of participation,134,1,2016-12-28,prefers less questionnaire,0,,"",,,
70222,S12/949,E12/083,Ongoing,,Change in level of participation,135,1,2017-01-11,Pt happy to continue to allow cpd data collection but does not want to do the questionnaires,0,,"",,,
62291,S10/130,E10/045,Ongoing,,Change in level of participation,136,1,2017-01-11,Patient is unwell and does not feel able to complete questionnaires any longer. Patient is happy to complete EQ5D over phone only,0,,"",,,
66606,S20/093,E20/042,Ongoing,,Change in level of participation,137,1,2017-01-16,"carer is also the interpreter and has been  experiencing health issues, therefore questionnaires unable to be completed but willing for clinic letters to be accessed.",1,2017-01-16,"carer is also the interpreter and has been  experiencing health issues, therefore questionnaires unable to be completed but willing for clinic letters to be accessed.",0,,
65526,S15/437,E15/144,Ongoing,,Change in level of participation,138,1,2017-02-09,Participant feels she has too much on to complete questionnaires,0,,"",,,
63162,S06/046,E06/028,Ongoing,,Change in level of participation,139,1,2016-03-14,No longer wishes to complete all the questionNaires,0,,"",,,
55624,S06/035,E06/023,Ongoing,,Change in level of participation,140,1,2015-09-14,No longer wishes to complete questinnaires,0,,"",,,
49659,S06/006,E06/003,Ongoing,,Change in level of participation,141,1,2015-02-17,Feels questionnaires are too tiring,0,,"",,,
50755,S06/015,E06/008,Ongoing,,Change in level of participation,142,1,2015-03-30,No longer wishes to complete questionnaires,0,,"",,,
50985,S06/021,E06/012,Ongoing,,Change in level of participation,143,1,2014-05-12,Too many questinnaires,0,,"",,,
51782,S06/023,E06/014,Ongoing,,Change in level of participation,144,1,2014-12-15,Too many questionnaires,0,,"",,,
64018,S42/023,E42/020,Ongoing,,Change in level of participation,145,1,2016-05-12,No longer wishes to complete questionnaires.,0,,"",,,
65793,S41/051,E41/039,Ongoing,,Change in level of participation,146,1,2017-03-07,She has some other issues and cannot be bothered to complete forms now and would prefer over the phone.,0,,"",,,
73409,S25/260,E25/091,Ongoing,,Change in level of participation,147,1,2017-02-06,QOL not returned prior to surgery,0,,"",,,
59104,S01/219,E01/098,Ongoing,,Change in level of participation,148,1,2017-03-20,She doesn't want a continual reminder of her cancer diagnosis when calls and questionnaires arrive.  Happy to be followed up from notes,0,,"",,,
56078,S31/079,E31/044,Ongoing,,Change in level of participation,149,1,2015-09-07,Does not wish to fill out QOL questionnaires,0,,"",,,
75059,S52/059,E52/022,Ongoing,,Change in level of participation,151,1,2017-04-06,Patient does not want to complete questionnaires any more,0,,"",,,
68048,S13/221,E13/221,Ongoing,,Change in level of participation,152,1,2017-04-26,participant has not returned questionaires at 6 weeks or 6 months,0,,"",,,
62652,S01/240,E01/111,Ongoing,,Change in level of participation,153,1,2017-01-17,"""doesn't wish to do the questionnaires any more""",0,,"",,,
52041,S01/119,E01/052,Ongoing,,Change in level of participation,154,1,2015-10-15,not known,0,,"",,,
