individual_id,Screening No,Enrolment No,event_name,event_date,form_name,database_id,completion_dt,understand_issues,listen_to_issues,matters_most,calc_score
58169,S24/077,E24/077,RCT baseline,2016-01-08,CollaboRATE,1,2016-01-08,9,9,8,96.0
58403,S10/112,E10/038,RCT baseline,2016-01-11,CollaboRATE,2,2016-01-11,9,9,9,100.0
58848,S24/078,E24/078,RCT baseline,2016-01-28,CollaboRATE,3,2016-01-28,9,9,9,100.0
59161,S29/220,E29/086,RCT baseline,2016-02-12,CollaboRATE,4,2016-02-12,9,9,9,100.0
59154,S33/214,E33/088,RCT baseline,2016-02-03,CollaboRATE,5,2016-02-03,9,9,9,100.0
59017,S40/022,E40/017,RCT baseline,2016-02-04,CollaboRATE,6,2016-02-04,9,9,9,100.0
59247,S13/168,E13/168,RCT baseline,2016-02-23,CollaboRATE,7,2016-02-23,8,9,8,93.0
59208,S02/037,E02/037,RCT baseline,2016-02-20,CollaboRATE,8,2016-02-20,4,4,9,63.0
59266,S29/222,E29/088,RCT baseline,2016-02-24,CollaboRATE,9,2016-02-24,9,9,9,100.0
59595,S10/121,E10/042,RCT baseline,,CollaboRATE,10,,9,9,9,100.0
59376,S27/136,E27/052,RCT baseline,2016-03-19,CollaboRATE,11,2016-03-19,9,9,9,100.0
59638,S29/228,E29/092,RCT baseline,2016-03-22,CollaboRATE,12,2016-03-22,9,9,9,100.0
59612,S29/226,E29/090,RCT baseline,2016-03-18,CollaboRATE,13,2016-03-18,9,9,9,100.0
59656,S28/153,E28/070,RCT baseline,2016-03-24,CollaboRATE,14,2016-03-24,8,9,8,93.0
60999,S33/231,E33/092,RCT baseline,,CollaboRATE,15,,9,9,9,100.0
61008,S09/102,E09/074,RCT baseline,2016-04-11,CollaboRATE,16,2016-04-11,9,9,9,100.0
59645,S28/156,E28/068,RCT baseline,2016-03-31,CollaboRATE,17,2016-03-31,9,9,9,100.0
61195,S12/215,E12/063,RCT baseline,2016-04-19,CollaboRATE,18,2016-04-19,9,9,9,100.0
61016,S29/235,E29/094,RCT baseline,2016-04-23,CollaboRATE,19,2016-04-23,7,6,4,63.0
61166,S28/157,E28/071,RCT baseline,2016-04-25,CollaboRATE,20,2016-04-25,9,9,9,100.0
60860,S46/030,E46/030,RCT baseline,2016-04-27,CollaboRATE,21,2016-04-27,9,9,9,100.0
62291,S10/130,E10/045,RCT baseline,2016-05-18,CollaboRATE,22,2016-05-18,9,9,9,100.0
61492,S13/177,E13/177,RCT baseline,,CollaboRATE,23,,8,8,9,93.0
62374,S12/293,E12/065,RCT baseline,2016-05-26,CollaboRATE,24,2016-05-26,8,7,7,81.0
59650,S19/325,E19/086,RCT baseline,,CollaboRATE,25,,9,9,9,100.0
62190,S02/038,E02/038,RCT baseline,2016-04-25,CollaboRATE,26,2016-04-25,9,9,9,100.0
62393,S13/184,E13/184,RCT baseline,2016-06-04,CollaboRATE,27,2016-06-04,9,9,9,100.0
62667,S09/108,E09/077,RCT baseline,2016-07-01,CollaboRATE,28,2016-07-01,9,9,9,100.0
62319,S25/213,E25/077,RCT baseline,2016-07-12,CollaboRATE,29,2016-07-12,9,9,9,100.0
62290,S28/163,E28/074,RCT baseline,2016-05-20,CollaboRATE,30,2016-05-20,8,8,8,89.0
62638,S28/167,E28/076,RCT baseline,2016-06-17,CollaboRATE,31,2016-06-17,9,9,9,100.0
62720,S09/109,E09/078,RCT baseline,2016-06-28,CollaboRATE,32,2016-06-28,8,8,8,89.0
62658,S27/153,E27/058,RCT baseline,2016-06-27,CollaboRATE,33,2016-06-27,7,7,7,78.0
62327,S35/218,E35/042,RCT baseline,2016-06-06,CollaboRATE,35,2016-06-06,9,9,9,100.0
62643,S04/120,E04/052,RCT baseline,,CollaboRATE,36,,8,8,8,89.0
61337,S25/210,E25/076,RCT baseline,2016-06-27,CollaboRATE,37,2016-06-27,9,9,9,100.0
63097,S40/024,E40/019,RCT baseline,2016-07-13,CollaboRATE,38,2016-07-13,9,9,9,100.0
63794,S27/160,E27/059,RCT baseline,2016-08-03,CollaboRATE,39,2016-08-03,8,8,8,89.0
63862,S13/198,E13/198,RCT baseline,2016-07-28,CollaboRATE,40,2016-07-28,9,9,9,100.0
64529,S13/200,E13/200,RCT baseline,2016-08-08,CollaboRATE,41,2016-08-08,9,9,9,100.0
62440,S53/047,E53/012,RCT baseline,2016-06-11,CollaboRATE,42,2016-06-11,7,8,8,85.0
64562,S13/201,E13/201,RCT baseline,2016-08-07,CollaboRATE,43,2016-08-07,9,9,9,100.0
63685,S02/041,E02/041,RCT baseline,,CollaboRATE,44,,9,9,9,100.0
62284,S03/154,E03/039,RCT baseline,2016-07-27,CollaboRATE,45,2016-07-27,8,8,7,85.0
62427,S18/033,E18/033,RCT baseline,2016-06-10,CollaboRATE,46,2016-06-10,9,9,9,100.0
62842,S13/194,E13/194,RCT baseline,2016-07-05,CollaboRATE,47,2016-07-05,9,9,9,100.0
61341,S13/178,E13/178,RCT baseline,2016-06-05,CollaboRATE,48,2016-06-05,9,9,9,100.0
62680,S13/188,E13/188,RCT baseline,2016-07-02,CollaboRATE,49,2016-07-02,9,9,9,100.0
64715,S13/206,E13/206,RCT baseline,2016-08-13,CollaboRATE,50,2016-08-13,9,9,9,100.0
64694,S12/801,E12/073,RCT baseline,2016-08-10,CollaboRATE,51,2016-08-10,9,9,9,100.0
62702,S19/356,E19/095,RCT baseline,2016-08-22,CollaboRATE,52,2016-08-22,9,9,9,100.0
62197,S35/217,E35/041,RCT baseline,2016-05-06,CollaboRATE,53,2016-05-06,9,9,9,100.0
65227,S13/207,E13/207,RCT baseline,2016-08-27,CollaboRATE,54,2016-08-27,9,9,9,100.0
65687,S19/382,E19/106,RCT baseline,2016-09-21,CollaboRATE,55,2016-09-21,9,9,9,100.0
65518,S13/209,E13/209,RCT baseline,2016-09-14,CollaboRATE,56,2016-09-14,9,9,9,100.0
66140,S10/149,E10/055,RCT baseline,2016-09-22,CollaboRATE,57,2016-09-22,9,9,9,100.0
66131,S10/148,E10/054,RCT baseline,2016-09-22,CollaboRATE,58,2016-09-22,8,8,9,93.0
64678,S12/707,E12/071,RCT baseline,2016-09-20,CollaboRATE,59,2016-09-20,9,9,9,100.0
68371,S28/196,E28/084,RCT baseline,2016-10-20,CollaboRATE,60,2016-10-20,8,8,8,89.0
67799,S13/215,E13/215,RCT baseline,2016-10-11,CollaboRATE,61,2016-10-11,9,9,9,100.0
62654,S01/241,E01/112,RCT baseline,2016-06-06,CollaboRATE,62,2016-06-06,9,9,9,100.0
63478,S03/169,E03/043,RCT baseline,2016-07-06,CollaboRATE,63,2016-07-06,9,9,9,100.0
63477,S03/166,E03/042,RCT baseline,2016-07-11,CollaboRATE,64,2016-07-11,9,9,9,100.0
67986,S18/040,E18/040,RCT baseline,2016-10-14,CollaboRATE,65,2016-10-14,9,9,9,100.0
68817,S19/391,E19/110,RCT baseline,2016-11-03,CollaboRATE,66,2016-11-03,9,9,8,96.0
68365,S19/389,E19/108,RCT baseline,2016-10-31,CollaboRATE,67,2016-10-31,9,9,9,100.0
67036,S13/214,E13/214,RCT baseline,2016-10-06,CollaboRATE,68,2016-10-06,9,9,9,100.0
69296,S04/128,E04/053,RCT baseline,2016-11-02,CollaboRATE,69,2016-11-02,9,9,9,100.0
65609,S03/176,E03/048,RCT baseline,2016-10-30,CollaboRATE,70,2016-10-30,9,9,9,100.0
69284,S13/218,E13/218,RCT baseline,2016-11-15,CollaboRATE,71,2016-11-15,9,9,8,96.0
67098,S03/189,E03/052,RCT baseline,2016-10-16,CollaboRATE,72,2016-10-16,9,9,9,100.0
63709,S12/070,E12/024,RCT baseline,2016-07-30,CollaboRATE,73,2016-07-30,9,9,9,100.0
69961,S18/042,E18/042,RCT baseline,2016-12-05,CollaboRATE,74,2016-12-05,9,9,9,100.0
65494,S13/211,E13/211,RCT baseline,2016-09-08,CollaboRATE,75,2016-09-08,9,9,8,96.0
66173,S12/072,E12/072,RCT baseline,2016-10-06,CollaboRATE,76,2016-10-06,9,9,7,93.0
70351,S28/205,E28/085,RCT baseline,2016-12-05,CollaboRATE,77,2016-12-05,8,9,8,93.0
68976,S25/239,E25/083,RCT baseline,2016-12-06,CollaboRATE,78,2016-12-06,9,9,9,100.0
57772,S31/089,E31/050,RCT baseline,2016-12-10,CollaboRATE,79,2016-12-10,9,9,9,100.0
70807,S18/047,E18/047,RCT baseline,2017-01-14,CollaboRATE,80,2017-01-14,9,9,9,100.0
71047,S12/981,E12/087,RCT baseline,2017-01-03,CollaboRATE,81,2017-01-03,9,9,9,100.0
70513,S25/249,E25/085,RCT baseline,2016-12-04,CollaboRATE,83,2016-12-04,9,9,9,100.0
70731,S25/251,E25/087,RCT baseline,2017-01-23,CollaboRATE,84,2017-01-23,9,9,9,100.0
71206,S13/259,E13/259,RCT baseline,2017-01-13,CollaboRATE,85,2017-01-13,7,7,9,85.0
71985,S13/265,E13/265,RCT baseline,2017-01-23,CollaboRATE,86,2017-01-23,9,9,9,100.0
59381,S53/027,E53/010,RCT baseline,2016-02-15,CollaboRATE,87,2016-02-15,9,9,9,100.0
70536,S18/044,E18/044,RCT baseline,2016-12-15,CollaboRATE,88,2016-12-15,8,8,8,89.0
67052,S12/909,E12/075,RCT baseline,2016-09-27,CollaboRATE,89,2016-09-27,9,9,5,85.0
70732,S25/252,E25/088,RCT baseline,2017-01-17,CollaboRATE,90,2017-01-17,9,9,7,93.0
73245,S12/997,E12/089,RCT baseline,2017-01-30,CollaboRATE,91,2017-01-30,9,9,9,100.0
71841,S35/289,E35/048,RCT baseline,2017-02-04,CollaboRATE,92,2017-02-04,9,9,9,100.0
73999,S31/147,E31/073,RCT baseline,2017-02-08,CollaboRATE,93,2017-02-08,9,9,9,100.0
70108,S13/230,E13/230,RCT baseline,2016-11-30,CollaboRATE,95,2016-11-30,9,9,9,100.0
74006,S13/280,E13/280,RCT baseline,2017-02-10,CollaboRATE,96,2017-02-10,9,9,8,96.0
72985,S06/064,E06/038,RCT baseline,2017-01-30,CollaboRATE,97,2017-01-30,9,9,9,100.0
71649,S13/264,E13/264,RCT baseline,2017-02-17,CollaboRATE,98,2017-02-17,9,9,9,100.0
70804,S35/282,E35/047,RCT baseline,2017-01-15,CollaboRATE,99,2017-01-15,9,9,9,100.0
75375,S28/221,E28/090,RCT baseline,2017-03-03,CollaboRATE,100,2017-03-03,9,9,9,100.0
75553,S02/157,E02/042,RCT baseline,2017-03-03,CollaboRATE,101,2017-03-03,9,9,9,100.0
76758,S12/1019,E12/091,RCT baseline,2017-03-21,CollaboRATE,102,2017-03-21,9,9,9,100.0
75734,S13/287,E13/287,RCT baseline,2017-03-13,CollaboRATE,103,2017-03-13,9,9,9,100.0
77056,S13/300,E13/300,RCT baseline,2017-04-06,CollaboRATE,104,2017-04-06,9,9,9,100.0
77230,S40/032,E40/026,RCT baseline,2017-04-11,CollaboRATE,105,2017-04-11,9,9,9,100.0
77087,S40/031,E40/025,RCT baseline,2017-04-10,CollaboRATE,106,2017-04-10,9,9,9,100.0
74174,S13/274,E13/274,RCT baseline,2017-04-01,CollaboRATE,107,2017-04-01,9,9,9,100.0
65603,S03/178,E03/047,RCT baseline,,CollaboRATE,108,,9,8,8,93.0
59231,S01/218,E01/097,RCT baseline,2016-01-06,CollaboRATE,109,2016-01-06,9,9,8,96.0
62363,S01/227,E01/103,RCT baseline,2016-02-17,CollaboRATE,110,2016-02-17,8,8,8,89.0
77929,S12/1039,E12/095,RCT baseline,2017-04-29,CollaboRATE,111,2017-04-29,9,9,9,100.0
