individual_id,Screening No,Enrolment No,event_name,event_date,form_name,database_id,ill_affect,ill_continue,ill_control,ill_treatment,ill_symptoms,ill_concern,ill_understand,ill_emotion
58169,S24/077,E24/077,RCT 6 weeks,2016-04-12,The Brief Illness Perception Questionnaire (BIPQ),1,3,10,0,7,6,2,8,2
59246,S20/078,E20/035,RCT 6 weeks,2016-04-01,The Brief Illness Perception Questionnaire (BIPQ),2,0,6,6,8,2,10,10,1
59449,S19/317,E19/082,RCT 6 weeks,2016-05-13,The Brief Illness Perception Questionnaire (BIPQ),3,4,6,3,9,4,2,8,3
60860,S46/030,E46/030,RCT 6 weeks,,The Brief Illness Perception Questionnaire (BIPQ),4,0,6,0,10,0,1,4,0
62393,S13/184,E13/184,RCT 6 weeks,2016-07-13,The Brief Illness Perception Questionnaire (BIPQ),5,5,,1,8,1,3,2,1
61195,S12/215,E12/063,RCT 6 weeks,2016-06-28,The Brief Illness Perception Questionnaire (BIPQ),6,2,5,10,10,3,3,10,0
62197,S35/217,E35/041,RCT 6 weeks,2016-06-15,The Brief Illness Perception Questionnaire (BIPQ),7,2,5,5,9,1,3,9,3
62327,S35/218,E35/042,RCT 6 weeks,2016-07-12,The Brief Illness Perception Questionnaire (BIPQ),8,2,2,8,10,2,3,9,2
61272,S13/176,E13/176,RCT 6 weeks,2016-06-13,The Brief Illness Perception Questionnaire (BIPQ),9,,3,0,9,3,3,8,6
61337,S25/210,E25/076,RCT 6 weeks,,The Brief Illness Perception Questionnaire (BIPQ),10,5,,0,10,0,5,10,3
62680,S13/188,E13/188,RCT 6 weeks,2016-07-28,The Brief Illness Perception Questionnaire (BIPQ),11,3,7,7,7,1,3,8,3
62297,S13/181,E13/181,RCT 6 weeks,2016-07-06,The Brief Illness Perception Questionnaire (BIPQ),12,0,0,0,10,0,0,10,0
62440,S53/047,E53/012,RCT 6 weeks,2016-08-16,The Brief Illness Perception Questionnaire (BIPQ),13,2,0,1,9,0,1,8,1
61341,S13/178,E13/178,RCT 6 weeks,2016-07-07,The Brief Illness Perception Questionnaire (BIPQ),14,1,3,5,10,0,2,10,0
64826,S33/260,E33/105,RCT 6 weeks,2016-08-10,The Brief Illness Perception Questionnaire (BIPQ),15,0,3,0,10,0,10,8,7
62319,S25/213,E25/077,RCT 6 weeks,2016-08-20,The Brief Illness Perception Questionnaire (BIPQ),16,5,4,6,9,5,7,8,7
63050,S17/157,E17/157,RCT 6 weeks,,The Brief Illness Perception Questionnaire (BIPQ),17,3,3,0,10,0,2,7,0
62778,S17/150,E17/150,RCT 6 weeks,2016-09-03,The Brief Illness Perception Questionnaire (BIPQ),18,1,,,10,0,10,10,1
63862,S13/198,E13/198,RCT 6 weeks,2016-09-01,The Brief Illness Perception Questionnaire (BIPQ),19,3,2,7,10,1,1,4,2
64562,S13/201,E13/201,RCT 6 weeks,2016-09-05,The Brief Illness Perception Questionnaire (BIPQ),20,5,5,5,5,3,5,5,5
64529,S13/200,E13/200,RCT 6 weeks,2016-09-04,The Brief Illness Perception Questionnaire (BIPQ),21,8,7,0,10,0,10,10,8
64715,S13/206,E13/206,RCT 6 weeks,2016-09-22,The Brief Illness Perception Questionnaire (BIPQ),22,3,,6,,,5,6,5
64678,S12/707,E12/071,RCT 6 weeks,2016-09-22,The Brief Illness Perception Questionnaire (BIPQ),23,1,0,1,10,0,1,10,0
62465,S48/008,E48/008,RCT 6 weeks,2016-08-22,The Brief Illness Perception Questionnaire (BIPQ),24,3,1,10,10,1,1,8,0
62574,S46/034,E46/034,RCT 6 weeks,2016-09-30,The Brief Illness Perception Questionnaire (BIPQ),25,5,5,5,10,6,8,7,6
62702,S19/356,E19/095,RCT 6 weeks,2016-10-11,The Brief Illness Perception Questionnaire (BIPQ),26,5,10,4,7,0,5,10,5
63735,S03/044,E03/044,RCT 6 weeks,,The Brief Illness Perception Questionnaire (BIPQ),27,8,2,2,10,1,10,5,10
64919,S46/038,E46/038,RCT 6 weeks,2016-10-29,The Brief Illness Perception Questionnaire (BIPQ),28,1,8,4,7,3,2,9,2
65687,S19/382,E19/106,RCT 6 weeks,2016-11-04,The Brief Illness Perception Questionnaire (BIPQ),29,1,4,7,10,2,9,9,8
67992,S24/096,E24/096,RCT 6 weeks,2016-11-21,The Brief Illness Perception Questionnaire (BIPQ),30,5,5,3,8,0,0,2,2
63709,S12/070,E12/024,RCT 6 months,2016-10-04,The Brief Illness Perception Questionnaire (BIPQ),31,1,10,8,10,0,1,5,0
65494,S13/211,E13/211,RCT 6 weeks,2016-11-22,The Brief Illness Perception Questionnaire (BIPQ),32,0,,5,7,5,8,7,7
68365,S19/389,E19/108,RCT 6 weeks,2016-12-01,The Brief Illness Perception Questionnaire (BIPQ),33,1,10,1,10,1,8,10,2
66173,S12/072,E12/072,RCT 6 weeks,2016-11-17,The Brief Illness Perception Questionnaire (BIPQ),34,5,10,0,5,2,10,2,5
68817,S19/391,E19/110,RCT 6 weeks,2016-12-16,The Brief Illness Perception Questionnaire (BIPQ),35,0,1,1,10,1,3,10,3
69222,S35/260,E35/045,RCT 6 weeks,2016-12-14,The Brief Illness Perception Questionnaire (BIPQ),36,2,6,3,10,3,10,9,3
68976,S25/239,E25/083,RCT 6 weeks,2017-01-10,The Brief Illness Perception Questionnaire (BIPQ),37,3,3,5,10,3,4,9,3
70276,S12/947,E12/085,RCT 6 weeks,2017-01-17,The Brief Illness Perception Questionnaire (BIPQ),38,7,8,2,5,5,8,2,8
62702,S19/356,E19/095,RCT 6 months,2017-01-13,The Brief Illness Perception Questionnaire (BIPQ),39,4,10,5,5,0,2,10,3
70513,S25/249,E25/085,RCT 6 weeks,2017-01-14,The Brief Illness Perception Questionnaire (BIPQ),40,2,4,8,10,2,4,7,4
62374,S12/293,E12/065,RCT 6 weeks,2016-06-24,The Brief Illness Perception Questionnaire (BIPQ),41,4,9,9,10,5,7,7,2
67052,S12/909,E12/075,RCT 6 weeks,2016-11-18,The Brief Illness Perception Questionnaire (BIPQ),42,1,10,0,8,3,9,9,6
62745,S12/607,E12/069,RCT 6 weeks,2016-08-23,The Brief Illness Perception Questionnaire (BIPQ),43,0,,4,8,0,2,6,0
62717,S19/361,E19/097,RCT 6 months,2017-01-24,The Brief Illness Perception Questionnaire (BIPQ),44,4,4,4,8,2,5,7,4
62756,S19/366,E19/098,RCT 6 months,2017-01-27,The Brief Illness Perception Questionnaire (BIPQ),45,9,2,7,10,0,7,10,0
62319,S25/213,E25/077,RCT 6 months,2017-02-15,The Brief Illness Perception Questionnaire (BIPQ),46,5,6,5,9,8,9,7,5
69033,S46/043,E46/043,RCT 6 weeks,2017-02-08,The Brief Illness Perception Questionnaire (BIPQ),47,3,3,5,4,1,6,3,3
70804,S35/282,E35/047,RCT 6 weeks,2017-02-07,The Brief Illness Perception Questionnaire (BIPQ),48,2,1,8,9,0,2,9,1
70731,S25/251,E25/087,RCT 6 weeks,2017-02-26,The Brief Illness Perception Questionnaire (BIPQ),49,5,,,9,3,8,,10
70732,S25/252,E25/088,RCT 6 weeks,2017-03-03,The Brief Illness Perception Questionnaire (BIPQ),50,2,0,0,,0,10,10,8
71841,S35/289,E35/048,RCT 6 weeks,2017-03-09,The Brief Illness Perception Questionnaire (BIPQ),51,1,10,10,10,2,0,10,0
71886,S19/419,E19/116,RCT 6 weeks,2017-03-10,The Brief Illness Perception Questionnaire (BIPQ),52,4,3,3,8,2,4,6,3
71047,S12/981,E12/087,RCT 6 weeks,2017-02-24,The Brief Illness Perception Questionnaire (BIPQ),53,8,0,5,10,5,3,10,7
64678,S12/707,E12/071,RCT 6 months,2017-03-13,The Brief Illness Perception Questionnaire (BIPQ),54,1,0,10,10,1,1,10,0
74413,S35/297,E35/049,RCT 6 weeks,2017-04-04,The Brief Illness Perception Questionnaire (BIPQ),55,5,2,8,10,3,7,7,4
65687,S19/382,E19/106,RCT 6 months,2017-03-31,The Brief Illness Perception Questionnaire (BIPQ),56,5,5,3,10,3,10,5,8
65603,S03/178,E03/047,RCT 6 weeks,2016-12-16,The Brief Illness Perception Questionnaire (BIPQ),57,3,7,3,7,3,3,5,2
74006,S13/280,E13/280,RCT 6 weeks,2017-04-11,The Brief Illness Perception Questionnaire (BIPQ),58,4,1,4,10,3,1,10,3
75734,S13/287,E13/287,RCT 6 weeks,2017-04-20,The Brief Illness Perception Questionnaire (BIPQ),59,2,3,8,8,2,8,8,3
66933,S17/168,E17/161,RCT 6 months,2017-04-24,The Brief Illness Perception Questionnaire (BIPQ),60,6,4,3,8,5,5,5,5
68976,S25/239,E25/083,RCT 6 months,2017-04-02,The Brief Illness Perception Questionnaire (BIPQ),61,8,5,3,8,9,8,8,7
72493,S25/257,E25/089,RCT 6 weeks,2017-05-03,The Brief Illness Perception Questionnaire (BIPQ),62,1,0,10,10,0,0,10,0
